face_length,forehead_width,cheek_width,jaw_width,face_ratio,jaw_to_forehead,cheek_to_forehead,left_angle,right_angle,label
1.817506959074292,1.4400035383922265,1.6203490766949478,1.4320590554911234,1.121676177815641,0.994483011541782,1.1252396494136945,319.6023466256521,-38.62646299911987,R
1.8315289504600225,1.4441458033437513,1.6248070795567997,1.4386616590137744,1.1272285636271415,0.9962024995555996,1.1250990556457308,319.8078910078026,-38.46026411860851,R
1.836160565523114,1.4412297700962489,1.6202190093743625,1.438296827959461,1.1332792387321369,0.9979649725549368,1.1241920219745116,319.86260463060995,-37.96682112640865,R
1.834624567158424,1.4388241747164776,1.619999995809282,1.4397870946038125,1.132484303644658,1.0006692408316844,1.1259193612927063,319.85526729772005,-38.29356910359718,R
1.826058526567176,1.4371224394987432,1.6155300370764745,1.4279327263846762,1.1303154287813066,0.9936054765679726,1.1241422391539293,319.8858360770407,-38.06321980057803,R
1.846372389639212,1.4446533116812437,1.6237410021964152,1.433236038869566,1.1371101592813422,0.992096877002005,1.1239658602289533,320.140775260839,-38.124015513729226,R
1.82807491582007,1.4348413773851734,1.6147661882374182,1.4385541522198373,1.1320988321011891,1.0025875855639388,1.1253970046362451,320.0809172473032,-38.40214353523792,R
1.818258972001888,1.433883390691619,1.6119076372494112,1.4289608879847897,1.1280168478540111,0.9965670132321882,1.124155316752727,319.93196573629365,-38.38070697835797,R
1.811523660123994,1.429836398750472,1.6070494115977876,1.4250671538985038,1.1272358192912753,0.996664482135064,1.123939363274135,319.80333853246344,-38.32269469869275,R
1.8238525905242315,1.441517451679122,1.6199726470115927,1.4334045950581695,1.1258539419716385,0.9943720024953548,1.1237967636982826,319.7610198899925,-38.36580907613692,R
1.840373995113876,1.439418542205747,1.625500577103688,1.4474329427449866,1.132189075191255,1.005567804154418,1.1292758356529098,319.87562069081207,-38.61761644967436,R
1.8545088764546185,1.437668443219419,1.625662672389412,1.450352801943242,1.1407710270722071,1.0088228678758633,1.130763271640721,319.7593063947644,-38.2097081508672,R
1.8494151615076493,1.4399720023143356,1.6256231170442952,1.446487671839696,1.1376653924990023,1.0045248584798094,1.128926891933718,319.9057208496618,-38.26221916795435,R
1.8524390757035816,1.4404249455678035,1.6262049539922503,1.4441775956866492,1.139117840685418,1.0026052382183417,1.1289758338302132,320.0739892982191,-38.33450203434498,R
1.8478777904682195,1.4395859345420567,1.625296310974077,1.442123851003264,1.1369482462928526,1.0017629489149007,1.12900263331004,319.9821956919002,-38.394738528039056,R
1.8435052753427537,1.4393540242184442,1.6264460279703763,1.4443876932023745,1.1334561637088216,1.0034971722725847,1.1299833123775933,319.7453652105804,-38.47373496738776,R
1.8421013156663089,1.44081534368952,1.6222740419253414,1.4381324683836076,1.1355056347200578,0.9981379464636724,1.1259416753372138,320.0662758850397,-38.12926110728537,R
1.8456406065638649,1.4430208632766264,1.6255699475378478,1.4449851717767943,1.1353806148787045,1.0013612474706068,1.12650481285954,320.15103697096544,-38.29041951744596,R
1.8455075033749813,1.444809985079253,1.6302349460169987,1.447281298035447,1.13205002008081,1.0017104761053115,1.1283386485784666,319.96223959583773,-38.5961046351661,R
1.8396583558204944,1.4403921691506814,1.6235266766855656,1.4418862712678024,1.1331248092431483,1.0010372884198628,1.1271421154996062,319.9461319019258,-38.36431210059636,R
1.8588772638693625,1.4394165023458516,1.6280291827952798,1.4488084950661804,1.1417960338264472,1.006524861084351,1.1310341239954118,319.8742992591856,-38.26997383016279,R
1.8526269668743065,1.4430394277605234,1.6303403093096778,1.4494229672358885,1.1363437168886228,1.004423676410056,1.1297960942341192,320.00598351445456,-38.50613429620349,R
1.849969135790679,1.441669804239434,1.6294134044831272,1.4470309238337105,1.1353589768567758,1.0037186875791608,1.1302264913169482,319.8973631996483,-38.54702310230462,R
1.849357109607565,1.4385994045595036,1.625752014102848,1.4445015170254494,1.1375394854596632,1.004102679625224,1.130093623666312,320.0364279298008,-38.54979453097782,R
1.85809925104448,1.4418502120443937,1.6283452623232255,1.4454961579626828,1.1410966052699754,1.0025286578923616,1.1293442610896465,319.9616291623673,-38.2101118504441,R
1.8640074435679204,1.4407151728854526,1.6280047243803064,1.4446604059915766,1.1449643945458745,1.0027383851994995,1.1299976254985584,319.73733303736026,-37.89176271119687,R
1.856360609314419,1.440105603505916,1.625164021869871,1.4430362488335071,1.142260463764475,1.0020350211265456,1.1285033666374418,320.0835866225909,-38.084649545386426,R
1.8528229207689504,1.4401003752905603,1.62854497528288,1.4485655448383057,1.1377167648975202,1.0058781802247896,1.1308551842813723,319.7237751669984,-38.30662290705612,R
1.8547142586452896,1.4411213007656798,1.6286282676102417,1.44852642546074,1.1388198863616643,1.0051384464938002,1.1301118557785093,319.8539700073965,-38.3624199716825,R
1.8451945471502424,1.435176965708242,1.620031264384973,1.4426433203118356,1.1389869984087932,1.0052023930023912,1.1288024425514018,320.0209045792154,-38.38735080445773,R
1.8683128038588903,1.4438476540906406,1.6305428035574994,1.451397930769242,1.1458226056885028,1.0052292751643224,1.129303911626634,319.88030418205034,-37.81558422604292,R
1.866178349110514,1.4381162507351963,1.6253421816694111,1.4467356767369253,1.148175670426357,1.005993553022798,1.130188314636248,319.93418020607226,-37.84770995472228,R
1.8676175413885927,1.4407886392748488,1.6271220552106074,1.4499191798522904,1.147804207685487,1.0063371825183445,1.1293273772824448,320.04022580920866,-37.94180752030008,R
1.866021686064704,1.441092018706288,1.6279456645934451,1.4503382815127812,1.1462432233760789,1.006416150173945,1.129661148255405,320.0408629911247,-38.05006832509843,R
1.877833564224605,1.449114360896577,1.6382104411380558,1.4565870812677906,1.1462712708143188,1.005156749924547,1.1304907917167308,319.8164222929021,-37.91581416209,R
1.86705371493817,1.4422118036398972,1.630088278023807,1.4533375598085914,1.1453696956839918,1.0077143704833191,1.1302696829340473,319.95926463866044,-38.015354225472485,R
1.8760663345061377,1.4500568294230138,1.6366576230941117,1.4568282200797842,1.1462790433587584,1.00466974157107,1.1286851590122489,320.0191343344584,-37.86736111025343,R
1.8647755774017016,1.4392882268911058,1.6296073752557323,1.4499208201826073,1.144309731114873,1.0073873968346618,1.1322314355170682,319.90378619953634,-38.39158012853215,R
1.862323938478043,1.4401886844151102,1.627460711380925,1.4451502071714415,1.1443126862938726,1.0034450505062442,1.130032980395114,319.95606420704746,-38.14540147853728,R
1.8719157114537053,1.4417028684988946,1.633482100252423,1.4528026677984929,1.1459664670732772,1.007699089418581,1.1330227163612496,319.6161449505282,-38.05718039351905,R
1.879671762531176,1.4437490801261994,1.6371498706843923,1.4553813409426988,1.1481366466134222,1.0080569823223593,1.1339573428793372,319.668120765909,-38.05792155198026,R
1.8701229949540463,1.4442791634279288,1.6333549185199658,1.4514170901086698,1.144958131113735,1.0049422070618257,1.1309135795072156,320.0025996448207,-38.136059999721176,R
1.8834156615593416,1.4470756095915855,1.637849168499378,1.4534652452615422,1.149932300106093,1.004415550664806,1.1318338569479691,319.94970487996466,-37.918224146308525,R
1.882759125803381,1.4463833904321914,1.6397459910377767,1.4569195556002372,1.148201694709925,1.0072844898785085,1.133686961482465,319.8727029335626,-38.15086182849777,R
1.8694290178004125,1.4398820087112416,1.6325710587391806,1.4501574431400353,1.1450827869288305,1.0071363030905502,1.133822805523075,319.89707729341575,-38.37477984768224,R
1.8729725652319715,1.4417914661594615,1.6357158509642793,1.4534919750716733,1.145047634115562,1.00811525743274,1.134502380792542,319.84254316799934,-38.445201029497085,R
1.861739456640276,1.4370448955710002,1.6252824302361024,1.4416495313367867,1.145486730186226,1.003204239324727,1.1309893206852857,320.1194956889451,-38.33225752611457,R
1.8630362502731463,1.4389385854336434,1.6279896473721711,1.4404746590595254,1.1443784383275266,1.001067504646433,1.1313823007126846,319.8776614907198,-38.15728766700274,R
1.8565514315633125,1.4348888552744137,1.6226355802346542,1.441596598648835,1.1441579700198805,1.004674747698935,1.1308440889133085,319.8195369595093,-38.13193812197622,R
1.8657144280679727,1.438651083282074,1.6300212319945533,1.444878744993067,1.1445951693432956,1.004328820089431,1.1330205432966387,319.60099994809485,-38.13205005674837,R
1.914418779230896,1.4744474718397889,1.6541248996536193,1.4438164714843529,1.1573604747935196,0.9792254380434352,1.1218608538082624,320.4283443402375,-37.10527704742568,R
1.911651360058086,1.478071067372472,1.6565720802058763,1.450714308645721,1.1539801877021305,0.9814915809323144,1.1207661909996798,320.2907770072956,-37.008629413727455,R
1.9140574237878385,1.4769391858345224,1.6544251559527017,1.4395308235646296,1.1569320116422117,0.9746716976374652,1.1201714815481,320.3781544552281,-36.901885239996574,R
1.9239870243897543,1.477131993609949,1.6572637958423924,1.4419820603886964,1.1609419268172607,0.9762039320972596,1.1219469912043682,320.3024460051245,-36.93385786143358,R
1.9092500371845047,1.483999495956026,1.6613430267987193,1.450450875560167,1.1492208450553911,0.9773931052623128,1.1195037675726731,320.0658736023953,-36.943725553924985,R
1.921180532670844,1.4779918251759478,1.6584995153711235,1.4463282816862697,1.1583847416687008,0.9785766450461192,1.122130371170143,320.1643696884341,-36.862339882503136,R
1.9028447808627744,1.4754803958741236,1.6570953348105502,1.4517370841759651,1.148301332391549,0.9839080805380052,1.1230886831463671,320.1266139581232,-37.55545998851034,R
1.8981808267101137,1.4730876296075126,1.649352582389502,1.440403705461689,1.1508641917910127,0.9778126409529811,1.1196568006133845,320.2803981090536,-37.11043870986229,R
1.911888602524396,1.4825333622273609,1.6615069772054585,1.4519728698547254,1.1506955003824673,0.9793863037748296,1.1207214755081178,320.0618714944381,-36.93276967993215,R
1.9091007470211103,1.4740972949428544,1.6537174499330654,1.4414398711066925,1.1544298254205283,0.9778458152333644,1.1218509494633964,320.3496529685429,-37.19410162466115,R
1.9052014802839523,1.4761025154477363,1.6535387594437931,1.440127899485128,1.1521964449897817,0.975628646665034,1.1202059085592957,320.35778914884474,-37.09201154171289,R
1.913986174978936,1.4788165198277052,1.6553225997925014,1.4425457869758307,1.156261731229223,0.9754731351959064,1.1193563079653457,320.5293972246561,-36.91936914999425,R
1.9194758539489047,1.4805086326203267,1.6555308959495931,1.44483917869032,1.1594322151553182,0.975907297570514,1.1182176580892322,320.4499352336851,-36.54649091990547,R
1.9169902171691269,1.4782592556445926,1.6569548182264549,1.4472480353619708,1.1569357209275053,0.9790217986701532,1.1208824243105735,320.463277992191,-37.02739500144881,R
1.8920070288279784,1.4741942484575128,1.6539708845289842,1.4480553390719682,1.1439179773510837,0.9822690195590612,1.1219490825307292,320.1785971830723,-37.58842321302429,R
1.91441861270217,1.477102770480444,1.6567436773222155,1.446050062289831,1.1555309604660349,0.9789772866105227,1.121617067161374,320.13434863535093,-37.00227743819471,R
1.903984225600995,1.473828894059269,1.6526512290974984,1.446693682042591,1.1520786673427446,0.981588628010989,1.1213318152188692,320.38754149581075,-37.32288605879962,R
1.907615498234857,1.475059627812439,1.655679637893342,1.4473476123957032,1.152164618429489,0.9812129524161448,1.122449294032112,320.0331277434695,-37.03173372582607,R
1.909532522736528,1.4753574030909509,1.6527323196611656,1.442335317760389,1.155379186345197,0.9776175689623552,1.1202250493328634,320.38087031023866,-36.979144669350674,R
1.9055935985676875,1.4737779949194167,1.6525660371311148,1.4450739444930314,1.1531119215519117,0.9805234909699172,1.1213127369441245,320.4468701610491,-37.24164511464375,R
1.920408854616304,1.477880796045187,1.660802281643861,1.4506706964896428,1.1563139549130943,0.9815884341765868,1.1237728280170989,319.8038245769572,-36.81710671779175,R
1.9279221107768003,1.4752644711392509,1.657874186420076,1.4447900315053168,1.162888068689851,0.9793430667991344,1.1237810025613966,320.1414828105645,-36.82998096615456,R
1.9190845150702576,1.4760732115228412,1.6580608737225873,1.4496719549353394,1.1574270555951511,0.9821138569676608,1.1232917586872213,319.86487611438406,-36.72511995253223,R
1.925969841595233,1.4809392365157592,1.661445424873373,1.4520506201739638,1.1592134251066486,0.9804930441239692,1.1218862893944892,320.1890659401109,-36.78526477847078,R
1.918247551908268,1.4773334324020977,1.6594756707000344,1.452218248161835,1.1559359295090317,0.9829996507968914,1.1232912180168964,319.8325257587462,-36.7691733774599,R
1.9336350381980287,1.4742215647226924,1.657705001213133,1.446217434934343,1.166453040066216,0.9810041241706996,1.1244612349195655,320.1095742910505,-36.741151290482094,R
1.925630072859361,1.4762908162963293,1.6614689055548897,1.4546868167380294,1.1589925435386033,0.9853660272625014,1.1254346956673005,319.8846954695854,-36.95855357557088,R
1.9156026675961573,1.4774273799854307,1.658700133745218,1.4467711916169317,1.1548818430917187,0.9792502908882048,1.1226948655585187,319.8990112350281,-36.82797279692286,R
1.9303500568787235,1.4703499160770146,1.656782821158259,1.447026012521096,1.1651195511124466,0.9841371748990552,1.1267949234687338,320.04996266553366,-36.98199537868066,R
1.907474877099533,1.474082543952393,1.6574585287147092,1.4497890734353118,1.150843200027877,0.9835195996202872,1.1244000788928945,319.55811992919035,-36.99188196492416,R
1.8577178733497373,1.4576208270302302,1.635400788052005,1.4359796019364248,1.1359404293564903,0.9851530489325558,1.1219658485423711,319.53358314218013,-37.479174147287125,R
1.8688694707865257,1.46234607409879,1.641118852771415,1.440970200752198,1.1387776501564773,0.9853824797527728,1.1222506640794987,319.7305027377936,-37.57433253529035,R
1.8559308104921213,1.4625486559276557,1.6370745768779058,1.4316167129176898,1.1336873937848333,0.9788506571151668,1.1193299930521303,319.64344096671147,-37.4427716958228,R
1.8705515538858084,1.4619293751105489,1.6388912439252912,1.435012361398628,1.1413518504166695,0.981588020481574,1.121046797353915,319.9905120100731,-37.62930188389085,R
1.858053348280665,1.462301278779841,1.6366485312906789,1.426734471474449,1.1352793912419206,0.9756775106323716,1.1192279970214585,319.7774350084989,-37.37325769767858,R
1.864967344241588,1.467324072661328,1.6401834438830765,1.4336377224050614,1.1370480242297434,0.977042324266398,1.117805857916737,319.74074516594214,-37.04612754390822,R
1.871417600507269,1.4726710759582529,1.6446600640670952,1.4427934965213889,1.1378750183058637,0.979711980547032,1.116787102644038,319.8818898728394,-36.94091989646338,R
1.8795267951245624,1.4773988290199582,1.6511615232420709,1.4419906387266563,1.1383058342069978,0.9760334246935948,1.1176139379624248,320.01385529195665,-37.1438647174677,R
1.8736226348409444,1.4739976236148826,1.6487287404702105,1.4397294000012415,1.1364044241180602,0.9767515068785524,1.1185423328070307,320.03738606954863,-37.37515963817366,R
1.8654290842915169,1.4697427539039725,1.6454367779159942,1.431272561910209,1.1336984254443072,0.973825220847949,1.1195406635245102,319.7429017949996,-37.494399548441706,R
1.8503620489506487,1.4603357503506766,1.6304629107857225,1.4218825673644075,1.1348691446522738,0.973668258839082,1.1164986616222965,319.9091936419898,-37.2475999516644,R
1.866611013433812,1.4692917168090216,1.6437656061016264,1.441256771882253,1.1355700633380983,0.9809194153849488,1.1187469358852191,319.6782918964748,-37.19835880523249,R
1.874226338729189,1.4674913594703485,1.6452363719567344,1.4416287617911248,1.139183627760496,0.9823763203017714,1.1211216756673366,319.7558734874945,-37.398130189534456,R
1.867471812579058,1.4643180445434172,1.6378994253640198,1.4284923669764138,1.1401626886608232,0.9755342237975536,1.118540764738528,320.0134870769115,-37.27949447941387,R
1.866496342674968,1.4612894718195286,1.6353000105951545,1.427129964962671,1.1413785425193457,0.976623723419889,1.1190801289760584,320.2800389417721,-37.56313457395293,R
1.86824436145379,1.461397100574967,1.6356726258103589,1.4265761011978817,1.1421872152003576,0.976172801106978,1.119252683043387,320.1814786193509,-37.38735643690817,R
1.8685530762206537,1.4669321179859434,1.638623931763393,1.4260435276444527,1.1403184342668693,0.9721264604952344,1.1170414170310603,320.20525230888387,-37.20617074238021,R
1.8699419847174483,1.473084316522993,1.6465816677903464,1.4409452286200808,1.1356509192932067,0.9781824519191326,1.117778289620834,319.6775532950809,-36.93916179102099,R
1.880017881017957,1.4710743235267405,1.6452169518723878,1.4339627705558098,1.1427173047775536,0.9747724826832952,1.1183778586578543,319.8694962919089,-36.86740602457347,R
1.874329119320684,1.469088501877275,1.6423901763210638,1.432922027618334,1.1412203667213603,0.9753816912917596,1.1179654419882363,320.035912925728,-37.030351298605865,R
1.886428601856997,1.452500334329231,1.6512560004759578,1.4655248102560152,1.142420437117717,1.008966934890792,1.136836915936761,321.16457463568474,-39.56362721465978,R
1.8860750098187689,1.4567773806160424,1.652590156633429,1.4591357836165566,1.141284184858624,1.001618917915596,1.134415030479524,321.2168000805209,-39.35730048891019,R
1.8812143344227688,1.4587124461124727,1.6535251492392171,1.4597699933085342,1.1376992574248486,1.000724986750391,1.1335511352123773,321.34123787831254,-39.598605175308734,R
1.8800352636226128,1.45592791911195,1.649698685608265,1.4611039906143732,1.139623423370444,1.0035551701663776,1.1330909064608818,321.48835175388865,-39.48872120850291,R
1.877641967795699,1.4535009719861671,1.649470348837634,1.455170131041719,1.1383302337740449,1.0011483714753016,1.134825762506151,321.4515826272469,-39.73773921201391,R
1.895768592196804,1.4660932391611794,1.6613095129492486,1.4617464684651644,1.1411290776463026,0.9970351335236346,1.133154064539416,321.99276927715016,-39.91262754305549,R
1.8592923703525908,1.436671910579282,1.6379143139976704,1.4428478845415127,1.1351585088810912,1.0042988060925755,1.1400754075697388,321.18619590873806,-40.22521449889469,R
1.887835694672346,1.4622883120209362,1.664018359272535,1.4641452019465253,1.1345041262030655,1.0012698521285606,1.137955043197193,321.1787634161418,-40.10598724168791,R
1.883561821289592,1.4587430484606827,1.6602888230425703,1.459429985823803,1.134478408303599,1.000470910462158,1.1381640000235589,321.1181276033864,-40.05481056921074,R
1.889003335672104,1.4617270670774916,1.662169058897981,1.4604997867062193,1.1364688360427753,0.999160390199433,1.137126825065396,321.2101299538804,-39.89968640096322,R
1.8689388763317387,1.448373919660072,1.6458973857668888,1.4518605083946083,1.1355136064335662,1.0024072435213105,1.136376016873581,321.4570216333585,-39.99472184068238,R
1.863612261957032,1.4422338383552156,1.6405962147112017,1.4447136818139807,1.135935975742263,1.001719446176352,1.1375382903109574,321.4357715952916,-40.12449605204164,R
1.8831527662481948,1.4492361934673748,1.652412317982624,1.4587339658954732,1.1396385428470264,1.0065536400973911,1.1401953149052533,321.1232420923708,-39.95499143374262,R
1.904413206609219,1.4683036739403563,1.6693468006979852,1.4705830419823351,1.1408134042686324,1.0015523818964926,1.13692203481185,321.58417525810984,-40.057015506491695,R
1.882643937052936,1.450392217303385,1.6522083054340144,1.4606568459041918,1.139471294788334,1.0070771398786813,1.139145870836133,321.2372554788531,-39.937456119967976,R
1.882160238213623,1.4579729463324624,1.652414187839446,1.4562986276040186,1.139036599942641,0.9988516119365208,1.1333640943037395,321.3181247367372,-39.46361003962086,R
1.875015542875844,1.4560290908443387,1.6510921692982172,1.454415046729005,1.1356213649010296,0.9988914753657854,1.1339692178408078,321.472882178121,-39.86325710038874,R
1.8720034111443296,1.451316968485289,1.6440817042840516,1.4516121017428647,1.1386316180432965,1.0002033554791852,1.1328205622786507,321.44339040481265,-39.46498062535248,R
1.8739636798798165,1.4556371865258932,1.652100570369338,1.4570278830582093,1.1342915277009311,1.000955386785381,1.1349672745805124,321.189812858272,-39.71725520308339,R
1.8744751674296327,1.456469515457704,1.6524036228476418,1.45636042582236,1.134393039032006,0.9999250999528748,1.1345267479411434,321.30665010686295,-39.77099095222216,R
1.8726681942775976,1.445686424526165,1.6464491090300422,1.456818898539661,1.137398164332468,1.007700476275237,1.1388701457646175,321.2582641601439,-39.99482950422474,R
1.866026182325914,1.4458328095654218,1.644360965198873,1.4479103545802134,1.1348032590278816,1.0014369192627577,1.1373105896615554,321.2808807818558,-40.03304177617707,R
1.872243029097954,1.4503280067375697,1.6471239567804157,1.446171284084435,1.136674031963916,0.99713394305714,1.1356906500657926,321.392309773332,-39.82254449876779,R
1.88055455056338,1.452112874384465,1.6520010454214376,1.4542949683273747,1.1383494918331822,1.0015027027040406,1.1376533288582702,321.15865574788984,-39.8367414328821,R
1.8784683942120688,1.4510107670023409,1.6519720898545718,1.4544751690139384,1.1371066168420778,1.0023875784317953,1.138497471846745,321.25822306486566,-40.04855030310847,R
1.8748595732972424,1.449945161340129,1.6472674170673838,1.4545234175158004,1.1381634541373002,1.0031575374695136,1.136089461166157,321.522680452227,-39.96195457389978,R
1.870392923328833,1.4496658571034182,1.6455711791365522,1.455367578924588,1.136622315122368,1.0039331283090038,1.1351382603606135,321.3945791496589,-39.76065226305302,R
1.8614533482293352,1.4472913530299556,1.6405654986190046,1.4492315453395903,1.1346412866760087,1.0013405678860534,1.1335419749343647,321.35889378306246,-39.62497235466025,R
1.8652374907167848,1.4494813130183477,1.6450884360378344,1.449827824946483,1.1338220182309318,1.0002390592586623,1.1349497377183575,321.3171090808662,-39.70022325990564,R
1.8741718656605264,1.4536313826130631,1.6582589985325875,1.463806229053069,1.1302045502656717,1.00699960565086,1.1407699492230854,320.90565558782555,-40.25429782740734,R
1.915609268556385,1.4663694179709623,1.6733318861122377,1.474501237300439,1.1447874055678495,1.0055455461835316,1.1411393783891457,321.0775263976114,-39.791070947125,R
1.9153269165340137,1.465017843179511,1.6724284232442697,1.4766260123558526,1.1452370038166153,1.0079235684605374,1.1415754634186697,321.1599576093115,-39.9011988140958,R
1.9109484769055525,1.4633204369862187,1.6635515189579555,1.4687694189207123,1.14871613841125,1.0037237106766008,1.1368333803798454,321.93913330505586,-39.822949392261776,R
1.889706010557588,1.4525092453329411,1.6517851632274767,1.4581534305788424,1.1440386150855295,1.0038858170879368,1.1371942509383874,321.55087169707923,-39.67050585764502,R
1.8934002947434465,1.459102609333516,1.658125124207669,1.4604678607120354,1.1418922897318755,1.0009356787999597,1.1364006298124998,321.4612321625067,-39.71384725566854,R
1.898788877107492,1.4597086766038432,1.6593471596392633,1.4646365160842456,1.144298747900519,1.003375906137564,1.1367659768248406,321.3727017639147,-39.53754313138126,R
1.8885487330093769,1.4552320851687772,1.6551487764358466,1.4635165025841437,1.1410144875774415,1.0056928496147095,1.137377874845223,321.11192788581457,-39.4484731505812,R
1.8863635494108173,1.4519752225653249,1.6529021652779632,1.4636092308392172,1.1412433167776712,1.008012539121251,1.1383817985252145,321.13391993696234,-39.56174596570533,R
1.878193527178535,1.4467957797985482,1.6470295497095349,1.4537743145599389,1.140352052280888,1.004823441468956,1.138398088179983,321.3604868424806,-39.80970645884866,R
1.886563628402519,1.4465928602201017,1.6471197900644512,1.4549985866403263,1.1453712351599503,1.0058107064201505,1.1386201573080064,321.5273128525716,-39.72557225501918,R
1.9064333155043875,1.4645403457677653,1.6697549903330229,1.4673423480048249,1.1417443436561676,1.0019132298028912,1.1401222200250662,320.98710343633326,-39.70200213587236,R
1.90214055598854,1.4577272954840628,1.664674069176702,1.4664607186307543,1.142650439031156,1.005991122738627,1.141965355477493,320.93774306147856,-39.79748952037419,R
1.91322863212796,1.467159458017236,1.676917977023859,1.4792329476625188,1.1409196265660515,1.0082291598089816,1.142969135263659,320.8194686932509,-39.92536001276546,R
1.917751720893644,1.4672417862158178,1.6755497891573572,1.4788752595025472,1.144550721980092,1.0079288045065384,1.1419725125732612,320.9856954861905,-39.74651788989981,R
1.9117748492432536,1.4651876275042643,1.6745495144272948,1.4766470807905878,1.1416651659279788,1.007821150732649,1.1428908373186637,320.8464056895606,-39.89722484717187,R
1.9143441271027948,1.4678570291906825,1.6731705377963777,1.4737965387493317,1.1441416662906647,1.0040463815211786,1.1398729607330331,321.1159638224937,-39.650342960999005,R
1.9154925727623269,1.4691045167497816,1.675259816287043,1.4733414206265092,1.1434002977566329,1.0028840043907163,1.1403271837958509,321.1266702139192,-39.73805959226548,R
1.9013981680608087,1.4596737894857474,1.6656938701468822,1.4684413775966982,1.1415051721917802,1.0060065393885298,1.1411411797246267,321.0048451133688,-39.74471402616726,R
1.9068559137860253,1.4643723271578273,1.669734989055429,1.4719747710593878,1.142011113311302,1.005191605823579,1.1402393763450762,321.3326833853657,-39.99537873510743,R
1.8901944134500253,1.4550037316762752,1.6569023790283857,1.45969714738373,1.1408001083071917,1.0032257069898012,1.1387616010575503,321.18988667652843,-39.672483465154784,R
1.8490642042638947,1.4742782692114975,1.669050732808134,1.438563973598007,1.107853804511318,0.9757750647490774,1.1321137723211565,322.90639676308285,-43.12533404569647,R
1.858929771143681,1.4759908811078244,1.6729074547303595,1.44136448033351,1.111197015643226,0.9765402339421466,1.1334131369935951,322.74184962717527,-43.01350936046943,R
1.8554841363563928,1.4722285850406895,1.6695963152013136,1.439926197725076,1.1113369857507538,0.9780588506133912,1.1340605203336471,322.6425714285869,-42.89471798,R
1.854274422720262,1.4728222405144606,1.669922589872149,1.4360326542950013,1.110395436271227,0.9750210275161184,1.1338249409438852,322.3906596886564,-42.76096725900677,R
1.855163589967792,1.4743938737782971,1.674078087540802,1.4404754491687235,1.1081702841550254,0.9769950043792208,1.135434782600386,322.2541742375147,-42.937290274565264,R
1.851145707426532,1.470715001183432,1.6667577359750412,1.4339811110232996,1.1106267380505814,0.9750231077193244,1.1332975693005514,322.5919452942829,-42.86248365932438,R
1.8478597945980373,1.4715863824618975,1.6686812820843595,1.436460787320754,1.1073773131139006,0.9761307962891176,1.133933625624295,322.4209705362028,-42.94740157947034,R
1.8530178969806828,1.4664674130529023,1.660447868544226,1.432636223011556,1.1159747512008853,0.976930145368238,1.1322773719788928,323.2660702925673,-42.92960718626412,R
1.8657472489135465,1.48077629621008,1.6761847903427989,1.440584625659666,1.113091623109156,0.9728577026433493,1.1319635481962065,322.7484501229295,-42.68900886804621,R
1.864788766236117,1.4744151753794652,1.6683616561945849,1.43732868780131,1.117736528714984,0.9748466455056594,1.13154129451035,322.6542898798873,-42.23057222117124,R
1.8654315242672623,1.464524924048063,1.6530288543885738,1.42839288225845,1.1284930201398409,0.9753284896717626,1.1287133644810026,323.30119474236585,-41.83621476442232,R
1.864849795051788,1.4705912791059026,1.6593976659147296,1.433499798723158,1.1238112680023595,0.9747778455443474,1.1283880772933854,323.2414389868127,-42.02173834621085,R
1.868706529607777,1.4714227786539085,1.6640932010774876,1.437915898166038,1.1229578538015803,0.9772282440003252,1.1309415792786888,322.9908852474779,-42.10893832169221,R
1.866185812333064,1.4705890176828953,1.6614076656198993,1.4351389502234335,1.1232558094865646,0.9758939669525633,1.1297566115634834,323.0420234821476,-42.01695907045402,R
1.8665344513268995,1.467597611462398,1.657155903993049,1.430923223282481,1.1263481286397594,0.9750105969827978,1.1291623065138163,323.24456731524805,-41.94386450540496,R
1.861988866567598,1.468420116155626,1.6605722650560275,1.4352716236645058,1.121293487642813,0.9774257434051612,1.1308563855713598,322.8613544898767,-42.11021325263023,R
1.8649019182796849,1.4714753332548858,1.6639473019607824,1.435578541836778,1.120769820103136,0.9756048976106828,1.1308020354511488,322.8716922283229,-42.15699285385519,R
1.8556384114687696,1.4680877844652325,1.6619049764378824,1.4346634290775315,1.1165731120476785,0.9772327269926327,1.1320201652949862,322.7468924944538,-42.41940386654036,R
1.8626820758151408,1.4730688021138902,1.668403846898085,1.436338288280304,1.1164455651899032,0.9750653100650308,1.1326041556944824,322.5983958238259,-42.34663818472903,R
1.8564046823088407,1.4720513793066574,1.6657957729513233,1.4368037634356998,1.11442513689407,0.9760554445541436,1.1316152386854326,322.8534475264281,-42.63174789949502,R
1.8663815475738208,1.470104644024313,1.6611874356255236,1.435868928733906,1.123522552330786,0.9767120555468154,1.1299790408648287,323.170398300742,-42.18107510418328,R
1.8644285467444768,1.469357816778107,1.657630402459153,1.430998360031887,1.1247552795716895,0.9738937266959714,1.128132564805675,323.3479416832837,-42.029435659302486,R
1.868863207558016,1.4733859783440315,1.6648482308967518,1.4369812650221705,1.122542687600643,0.9752918014308938,1.1299471118680715,323.0196377074138,-42.07582526512172,R
1.8627673834019736,1.4676743492074678,1.6585115452078856,1.4317800857392315,1.1231561147610136,0.9755434415763832,1.1300269341788718,323.18422576733195,-42.18582586361529,R
1.869029744609347,1.470544712004655,1.659753527859325,1.4326120803647602,1.126088731391303,0.9742050470616532,1.12866580275328,323.4118548112284,-42.01664999380191,R
1.864006714427065,1.466212564692844,1.6600879783674136,1.4362497959172011,1.1228361018915345,0.9795645123380048,1.1322287220442586,323.022065281997,-42.33781148859869,R
1.871672025090224,1.4683375726350465,1.65708024390522,1.4305926922698646,1.1294999333763576,0.9742941398023034,1.1285417432528544,323.46145077453303,-41.88531050774121,R
1.863137418007383,1.4631707307664623,1.653728045964317,1.430497981987977,1.1266286633730973,0.9776698999703404,1.1302358714475065,323.1588526733374,-41.97396917610215,R
1.864725732445398,1.4686001545760712,1.6589046608436335,1.4319415617228748,1.1240704643611612,0.9750384114158164,1.1295822458377014,323.1146928708164,-42.02070294179208,R
1.860677515945125,1.466348977411315,1.6548521320761185,1.4284519745814312,1.1243769034583082,0.9741555363602552,1.128552723511688,323.3426765966566,-42.12653729308023,R
1.8669538029583257,1.4697394733874514,1.6626411712492613,1.4340471126254233,1.1228843813337963,0.9757151785004696,1.1312489059147406,322.95286911523385,-42.14266544410814,R
1.8655335984360013,1.4688422966831545,1.6637367781795926,1.43869031993389,1.1212913141688243,0.9794722845213868,1.132685777048044,322.83950745859977,-42.31175970297768,R
1.866407485288354,1.4707538985393414,1.660754334828143,1.4322572853849582,1.123831168853455,0.9738252516667708,1.1291857437722912,323.2355053688467,-42.15909882246834,R
1.8590209193781744,1.46601288573925,1.6586377182147456,1.4307269670166167,1.120811916287005,0.975930689923752,1.1313936830632718,322.9216032869326,-42.267403397871135,R
1.8632968168140505,1.4705966038309766,1.6662231117902844,1.435068493217361,1.1182757000723744,0.9758410222619424,1.1330252684180633,322.46855926564297,-42.28277811792382,R
1.86552902151024,1.4689560771610537,1.657257255787576,1.430653270953948,1.1256725622985355,0.9739251521521796,1.1281870721352258,323.41977498085885,-42.10507448134908,R
1.8701713575030423,1.4677303881047148,1.6602102096681466,1.435607411441412,1.1264666044168372,0.978113843711594,1.1311411299536978,323.1758593362448,-42.16912827611359,R
1.8618181154954825,1.4605124449923044,1.650508092224953,1.4253205158349898,1.128027256737454,0.9759043962425804,1.1300883452818848,323.11786677470667,-41.93805076474413,R
1.8667422147853563,1.46469651264725,1.6545526983022871,1.4289327854015983,1.12824584958871,0.9755828412665412,1.1296215181887042,323.4457152318401,-42.153842109652814,R
1.8660854283512225,1.4683790200505067,1.6582353966041656,1.4307912951500286,1.1253441050484778,0.974401891890838,1.1292965739507288,323.20507579901255,-42.02653108094829,R
1.8678335941257995,1.4689288683618054,1.6595322243887878,1.42957134957139,1.125518122923904,0.973206654428197,1.1297566955978946,323.1917961570126,-42.06815079348438,R
1.868686067284108,1.470029379874408,1.6612209987430169,1.4330239352539678,1.1248870973206289,0.9748267312700908,1.1300597263470633,323.12231159894924,-42.04021656477597,R
1.868801486998662,1.468911014826531,1.6589965663658035,1.4319215991668806,1.1264649516981562,0.9748184775753632,1.1294057636035362,323.26827817150445,-41.99053012524804,R
1.8691618857351189,1.4665669093135203,1.655500104935589,1.4271623091758288,1.12906177424123,0.9731313996739936,1.1288268502597716,323.3566543391096,-41.884601988723645,R
1.8689416585721368,1.4667908300958257,1.655451220248259,1.4274954957357933,1.1289620833961285,0.9732099945310776,1.1286211955252734,323.48518154492507,-41.98042264362938,R
1.8699408901528447,1.4695779232169883,1.6572393110229275,1.428793819555721,1.1283469307752707,0.9722477433711112,1.1276974734317848,323.4968366730729,-41.91099858701269,R
1.8612338170394933,1.4685491182269024,1.664727435165153,1.4380604010752638,1.1180411746231869,0.9792388849829892,1.1335864864875018,322.7154157551159,-42.4281653491014,R
1.8698721692079,1.470901132966192,1.665198649501539,1.4354677095000348,1.122912374308992,0.9759103975977618,1.132094205504846,322.71586603315205,-42.0605896398419,R
1.8704804427411896,1.4706528274728154,1.661974973299041,1.4341971764627954,1.125456443563806,0.975211246101729,1.1300933451132689,322.9692221514864,-41.86526958000344,R
1.871529495250484,1.4698334898265564,1.6632143595752886,1.4342312129503736,1.125248519215761,0.9757780203522346,1.1315665149060876,322.69940966234674,-41.8439638650632,R
1.7883038241337512,1.3972382283366591,1.584029511304388,1.415004826907694,1.1289586534667218,1.0127155113642898,1.13368606668463,316.0150378566524,-34.94255666785614,R
1.801425107608749,1.4056342248029692,1.5917812207722677,1.4227789351819389,1.1317039578685135,1.0121971349846528,1.1324291858327449,315.87074842973715,-34.61365140901631,R
1.8169043911037424,1.40901293488964,1.5975456859499442,1.4322804499570088,1.137309816603687,1.0165133438389558,1.1338048405319083,315.7866858637049,-34.42261392596528,R
1.8175608437560185,1.412372727031769,1.6004160107989185,1.436087194394746,1.135680242819305,1.0167905163481987,1.1331399850536192,315.67006597471413,-34.237776597438554,R
1.8198755369610988,1.4145941768884192,1.600359865031141,1.438598259194625,1.1371664440770552,1.0169688824529208,1.1313208347508803,315.9399383889595,-34.17628653658848,R
1.793071460615175,1.3941580800419942,1.5796942051099194,1.4131356714509191,1.135075038456831,1.0136122235208458,1.1330811245324035,316.15452796855766,-34.763636686508235,R
1.8190180412354056,1.414907279844046,1.5993246630477846,1.4365844553304277,1.1373663417213602,1.0153205625521773,1.1303388468140936,315.8854009054818,-33.97999502378276,R
1.8107696172827847,1.4040825851389274,1.593440543324668,1.4335812058434687,1.1363898231839051,1.0210091778195671,1.1348624078027465,315.54180437486167,-34.23352589807908,R
1.815981811669486,1.4090165405117272,1.5957482326735652,1.4285633557884088,1.1380127356474867,1.013872665589563,1.1325262598365389,316.00754037473166,-34.29435395543456,R
1.7900309306007862,1.3823754430004216,1.5712419127707655,1.410908466943362,1.1392459149999397,1.0206405749519176,1.1366245839555806,315.82832680233315,-34.543274928349504,R
1.809086727006752,1.4023680619912022,1.5896355175893038,1.4224555627952336,1.138051274640773,1.0143239862262046,1.133536594759726,316.2208889385955,-34.69525974556164,R
1.794619923854645,1.396040603148205,1.582428933913134,1.4137259329530456,1.134091955344112,1.0126682058995693,1.133512113003451,316.18784940889725,-34.7922168281066,R
1.806956472643632,1.4021885651322217,1.5904452643921536,1.4244770267065898,1.136132448628608,1.0158954809136291,1.1342591887719329,316.1225959000228,-34.85529270286562,R
1.8087775856188024,1.4006316686849092,1.5880011590585823,1.4202691182185898,1.1390278749488465,1.014020423765028,1.133774992071684,316.2392071951405,-34.66840025566186,R
1.7974664760761596,1.398999051216533,1.58188370716213,1.4132886042799957,1.136282311991683,1.0102141263434288,1.130725360954724,316.3737778966508,-34.51765207711272,R
1.7950067266287812,1.3968989065146615,1.5798981736920166,1.4107206129278438,1.1361534284415835,1.009894564559198,1.1310039447549918,316.4470816907815,-34.59672222137964,R
1.7949177580273838,1.395647267904358,1.5808533711587276,1.413198883342381,1.135410652736093,1.01257596804125,1.132702658840487,316.26082677933385,-34.67386335231344,R
1.794161061137037,1.3945540759426092,1.5799195820154404,1.408859385804052,1.135602774698379,1.0102579814639123,1.1329209883435596,316.25274070334194,-34.74383252085131,R
1.8047482909739625,1.40391988875282,1.5866878806681448,1.415131468067493,1.1374311942270543,1.007985911022767,1.130184060628764,316.62401125817587,-34.653284394708834,R
1.812145821901673,1.4031012380794203,1.5911534659373692,1.4202580061811252,1.1388881466779914,1.012227747817534,1.1340261292302447,316.03793197387284,-34.53306944857389,R
1.8036962095368725,1.3850871128948803,1.575974258702254,1.4091919054249182,1.1444959837238315,1.0174030877232394,1.1378159857457724,316.435398312282,-34.9039929239396,R
1.8094986143126115,1.394855814939306,1.5814545297967135,1.4124805215891134,1.1441989511675756,1.0126355043016215,1.133776346529069,316.691057927628,-34.61930867991082,R
1.806199926556671,1.395332014590329,1.5786228349987936,1.412075808569053,1.1441617886884623,1.0119998636909653,1.1313600049965735,316.65853659828986,-34.318792265872794,R
1.804269293401816,1.391780175325601,1.5779028225145464,1.4095220899794811,1.143460337136942,1.0127476414511578,1.1337299168997022,316.7031528201425,-34.65387797418612,R
1.8048044792826048,1.3929257733260214,1.5826744196992235,1.4121065608712655,1.1403510771505336,1.0137701433289188,1.1362230852546589,316.55579766385154,-35.15674531578436,R
1.807894532702959,1.3902038717705811,1.5771862924902798,1.405906737235155,1.1462783701019903,1.0112953688185131,1.1344999999759426,316.8332476991254,-34.738612189824416,R
1.8007518534793112,1.392420413060001,1.580342915259112,1.409804736751871,1.1394690583240037,1.0124849675635432,1.134961036506302,316.633042650433,-35.0427227487981,R
1.8005463357407203,1.3943559924886484,1.5830684687736598,1.4143876466789191,1.137377423185955,1.0143662409730232,1.1353402411590725,316.4903126314761,-35.01093733847596,R
1.8087728774789,1.3968606534647376,1.5825102388101269,1.4140613702276816,1.142977045658104,1.0123138386926998,1.132904871280402,316.8636523741211,-34.75312798581264,R
1.809134139938764,1.4035572073674518,1.5901874456090623,1.4203726926829037,1.137686091620376,1.011980619833082,1.1329694559380723,316.51263312708136,-34.79151296873885,R
1.8071340413218573,1.3934544280036307,1.581736070799982,1.41180221703682,1.1425003669593736,1.013167125285522,1.1351186224770178,316.3881272802736,-34.72687718779621,R
1.797642282990168,1.3948199094275204,1.5835428055531684,1.4125539549568915,1.135202835494055,1.0127142188102618,1.135302697394896,316.2580030200917,-35.12621027569439,R
1.803610983177701,1.3931114308760524,1.584273734546954,1.412847724054291,1.138446559990133,1.014167059964347,1.1372196792260114,316.30256165350744,-35.25006365393287,R
1.8046124187519736,1.3956392233886494,1.5823958415226835,1.4135281993324105,1.140430460822912,1.0128177652533483,1.1338143948696024,316.7094118378453,-34.77690770166702,R
1.8177724612823816,1.407301707644807,1.594031609200318,1.4281759276888817,1.140361615661002,1.0148327966424546,1.1326864740809652,316.6646130664368,-34.74912119348651,R
1.8217066307616017,1.4063677751634638,1.5916304027304238,1.4241451474624742,1.1445538032174336,1.0126406283000506,1.1317312802801007,316.67772201436924,-34.429534874903084,R
1.828885406549417,1.4090070450409264,1.5988504929661231,1.435818975389413,1.1438751869516843,1.0190289540729074,1.134735627187501,316.1222819410708,-34.2893079300439,R
1.82599156012072,1.4046035709313138,1.5952142168280965,1.4355776954533082,1.144668559782208,1.0220518622926875,1.1357042298919968,315.9942955296352,-34.30934625181822,R
1.8261318595459244,1.4007606454018329,1.590881218324729,1.4260114628365692,1.147874422371348,1.0180265040409475,1.1357266664700996,316.3268309280826,-34.459974495238995,R
1.803614198683416,1.3947797118882752,1.5807435759836537,1.4089570810986858,1.1409910032758324,1.0101645937989856,1.1333284837098885,316.35385181768896,-34.506182499340696,R
1.8108900656505944,1.3935616106959248,1.585748328230794,1.4120177939320608,1.1419782278257162,1.0132438947043894,1.137910456243764,316.5788990499238,-35.23770402958348,R
1.8125852394268336,1.3888229997290729,1.5842142700053785,1.4150295722238448,1.1441540918708426,1.0188696273750393,1.1406883888835524,316.2560503734021,-35.20894401012679,R
1.8052327306373424,1.388450744162306,1.5819989987521277,1.41053855578613,1.141108642964566,1.0159082428503077,1.139398718610357,316.3858687306804,-35.36310145771968,R
1.807670734805644,1.3914262212229795,1.5774755648989305,1.4109243707172223,1.1459262983395002,1.0140130674532677,1.133711253128768,316.65453506021674,-34.42335817369095,R
1.8188712813068584,1.4003953889124376,1.587128135260404,1.4155862545287037,1.1460141376729058,1.010847554723858,1.1333428743242184,316.86372096889056,-34.782570242801505,R
1.8042079260190813,1.392796523034311,1.578227164072854,1.4068464062892605,1.143186460789998,1.0100875346991398,1.133135485314516,316.77340392569994,-34.678305260876634,R
1.7992162068736688,1.3909365306783446,1.577589963055387,1.406564882160962,1.1404840605026725,1.0112358480332642,1.1341926308355803,316.38760772165483,-34.72594020161699,R
1.8163311837730136,1.3947915958602306,1.5809181838442778,1.408858667010888,1.148909034214717,1.010085428670784,1.1334440130959167,316.4664528827716,-34.281330772002754,R
1.7993764907682417,1.3878425452037888,1.5778509367053886,1.4070230466821665,1.1403970102051633,1.0138203728835544,1.136909184805038,316.2158588909053,-34.953215769782055,R
1.7976741426401082,1.3882099998073971,1.5801147866469205,1.405417378069839,1.1376857920903702,1.0123953712081233,1.1382390177755155,316.14421722272294,-35.18328397984676,R
1.7937854425843416,1.405771762540913,1.5820349743302229,1.3563588822861152,1.133846894468162,0.9648499980071554,1.1253853694362992,325.2004770737185,-43.80955634730787,R
1.7944181902128014,1.402474611491126,1.5804444131940258,1.3564949860527515,1.1353883599020995,0.9672153598634572,1.126896986401544,325.1411271524269,-43.86900639028889,R
1.792569795801517,1.402419092053857,1.58116275140299,1.356698466762011,1.1337035319172186,0.967398742964282,1.127453812032294,324.9941631872736,-43.86456403143715,R
1.7849250089650948,1.402395768641323,1.5799316956390317,1.3558708332549003,1.1297482124650646,0.966824675012035,1.1265947394933384,325.3845964032124,-44.3497023487489,R
1.7961148696667868,1.411344559612279,1.5874017796984097,1.3609159009956977,1.1314809474435834,0.96426906649186,1.1247443219212865,325.5285183985991,-44.17982450949876,R
1.8011100089819394,1.411588860496215,1.5875221264020702,1.361474724149938,1.134541672854627,0.964498064734897,1.124634920853661,325.6256300017918,-44.07917021574893,R
1.8064066919199129,1.4123329631085046,1.58701061027248,1.3611349698474728,1.138244873869976,0.9637493462247412,1.1236802168657984,325.4210078876663,-43.564117619745616,R
1.80179492840222,1.411018732142599,1.588808346092829,1.363032161704743,1.1340542947380428,0.965991542603414,1.1260008885071713,325.38396149059554,-44.07249811797041,R
1.7908133126366557,1.4019645817273794,1.5804340972215185,1.3564408773754046,1.1331148295174056,0.967528634499536,1.1272995893193285,325.12779328861814,-44.05894216554734,R
1.7999444535864435,1.4058237203966506,1.5842122243049754,1.359556100540111,1.13617634428753,0.967088604932996,1.1268925124253792,325.0584461610655,-43.749949705969854,R
1.8046552170979488,1.4069660591482689,1.5853207137445793,1.359484744925629,1.1383533952794285,0.9662526939339364,1.126765427948049,325.159249149201,-43.729555063677374,R
1.807292634981782,1.4087124362997092,1.5874199778948443,1.3611453146867825,1.138509443089233,0.9662336184538328,1.1268587803942085,325.155829647533,-43.75178541995295,R
1.808037704073632,1.410112169916127,1.589402033110005,1.362272274010524,1.1375584442507722,0.9660736947554688,1.1271458164952524,325.0531027569823,-43.718130645502406,R
1.7998179910827867,1.4042784219278277,1.5839724210420152,1.357863048054319,1.1362685152679477,0.9669471714805754,1.1279618032352154,325.0155631733794,-43.86881908971147,R
1.8010949555335316,1.402318240871396,1.5811075334139972,1.3566555310983073,1.1391350161013576,0.9674376982041436,1.1274955194417935,325.1001442255149,-43.7076437232169,R
1.80516705155029,1.4067286465728868,1.5842788507762475,1.356644166528176,1.1394250770095264,0.964396488145224,1.1262149630889469,325.22289760626654,-43.66586572420584,R
1.807412673148351,1.4106657870810455,1.5866714054219035,1.3567614109824853,1.139122232222841,0.9617879893365108,1.1247677656555697,325.33833349064605,-43.55340920522002,R
1.8034877564406708,1.4075169948982786,1.584597260054995,1.3558341158372853,1.1381363592526212,0.9632808134833722,1.1258103922002831,325.2641233492415,-43.71250088341249,R
1.8027265548990816,1.4035532971621996,1.5836072383215245,1.358721707117144,1.138367210805252,0.968058505412157,1.1282843633536186,324.93132328842256,-43.724112646041775,R
1.7985789109733208,1.4034063233607206,1.5814470039292228,1.358467206443584,1.1372995152569878,0.967978541802832,1.1268632452375946,325.09234194409106,-43.70765179907964,R
1.8002689384613733,1.4057299592946677,1.5839307525332216,1.3607367165824695,1.1365831085621363,0.9679929687670784,1.1267674435337265,325.1320009144553,-43.74066445967929,R
1.809131644446691,1.4135019418928354,1.5942678902049414,1.3698536594594526,1.1347726787711498,0.9691204651796,1.1278851786153476,324.8797065575884,-43.724708437628784,R
1.7938902293193328,1.4030115061975974,1.57835367977128,1.352479799195987,1.1365578275075117,0.9639833980132064,1.1249755777476766,325.1561465969627,-43.513286026847744,R
1.7974020889083384,1.407233608942241,1.586139102807094,1.3611161089667971,1.1331932273325576,0.9672282557193128,1.1271327608493724,324.95481913984275,-43.88864846192748,R
1.7935153632374432,1.400834444892779,1.5803217113339298,1.356370375147548,1.1349052223825735,0.9682588689139248,1.128128821428923,324.9398655003007,-43.89426917392709,R
1.7962292336162629,1.404477712881353,1.58256673851592,1.356929237019468,1.135010100933063,0.9661450833816811,1.1268008911791194,325.066590327996,-43.85403186727339,R
1.7973522049776156,1.404389678645487,1.5832320769807335,1.3563420690054435,1.1352424139897512,0.9657875514391528,1.1273452810531457,325.1691118326914,-44.01101539111053,R
1.8030817781021915,1.4055805576691038,1.583611436697698,1.353824453698783,1.138588504931585,0.9631781304259436,1.1266600324380025,325.211979890668,-43.73991320117077,R
1.801771538429605,1.404049040291026,1.5817777326463975,1.3547548241305,1.1390801003470608,0.964891385737988,1.1265829663033229,325.34751907742435,-43.798992268767,R
1.8025695774794,1.4054174698053712,1.5835870764588256,1.357243152890949,1.1382825764846838,0.9657224149055912,1.126773439551828,325.2346654390484,-43.77213179538008,R
1.8094822115396432,1.4099022825145286,1.5881976698174194,1.3624820365870003,1.1393306047021607,0.966366288986386,1.126459393331079,325.01933734350297,-43.52561248285252,R
1.808184306896957,1.4091273591911877,1.588668495748546,1.3645415785316923,1.1381759704657453,0.9683592967174474,1.1274129945645306,325.02294932857063,-43.61881985790302,R
1.805434702231524,1.4054138973448016,1.5867502594028358,1.363535023161093,1.1378190685854928,0.9702017503435616,1.1290270164544598,324.9848027289144,-43.85347297085988,R
1.7954975900616352,1.3986427886316326,1.5783091658211366,1.3557960453251665,1.1376082892653694,0.9693654851297768,1.1284576581310524,325.026865000188,-43.86771465087834,R
1.7964910060621746,1.4009499536048968,1.5783514657239202,1.3564419305317446,1.1382072023091532,0.968230112033178,1.1266294428737709,325.0133666331513,-43.56902280964567,R
1.8143975628050968,1.410240566835794,1.590111262459816,1.3680155254541624,1.1410506960364035,0.9700582706421688,1.1275461079861036,325.06919673557485,-43.57154693143692,R
1.8112011025707508,1.4114213874508854,1.5891326584317431,1.3647329195504627,1.1397419170518832,0.9669209576136968,1.1259094360910993,325.11656723765515,-43.456541196286906,R
1.8061178719680488,1.4072069069488755,1.587953112160872,1.3657932344763677,1.1373874065527667,0.9705703032951272,1.1284432334146886,324.9610136867369,-43.801371429165705,R
1.797340319644511,1.4015849981989257,1.5798210438805078,1.35718176314684,1.137686022481199,0.9683192706049616,1.1271674895997177,324.9735925660058,-43.61121898319869,R
1.8002177073614742,1.4022494040524855,1.5809079439675884,1.3564240052827474,1.138723930277361,0.9673200796967336,1.127408533317099,325.07958605603,-43.69972505197155,R
1.802147421650031,1.4021779498624052,1.5791971370945614,1.354632693367816,1.1411795141458134,0.966091852678717,1.1262458785987377,325.2432241372528,-43.529697603137016,R
1.812515397608678,1.4105017101027586,1.588912361091352,1.3632383778507724,1.1407271049007028,0.966491829174356,1.1264873695017326,325.11558430500514,-43.506161006468815,R
1.8158163700302845,1.4115281768468209,1.5919418741169136,1.3659572433600435,1.1406298179307326,0.9677151797362082,1.1278144497781932,325.0616982848577,-43.64629055906581,R
1.801930074726126,1.4037008775644524,1.5806156667906752,1.3528547152396695,1.1400178503765015,0.9637770673670836,1.126034536313168,325.3117374188487,-43.71324023821502,R
1.8014382051769449,1.4049508815960343,1.5814567713082923,1.351720897497193,1.139100503952864,0.9621125657870888,1.1256313598036578,325.2683640949998,-43.66823270135513,R
1.80933965237518,1.4071672719423574,1.5843895459362003,1.3563043364932994,1.1419790398238576,0.9638543786064252,1.125942578062676,325.3943021591665,-43.64289085829932,R
1.807017249729872,1.4042221329976208,1.581403980130179,1.3550195655632264,1.1426664359230467,0.9649609799773198,1.1261779336537905,325.674550326272,-43.84845817767948,R
1.8083962436461367,1.410036155614918,1.5847967246537435,1.3564854905134938,1.1410903464867057,0.9620217787407936,1.123940487868279,325.6927181765302,-43.647712001311874,R
1.812534798633356,1.4072740860095758,1.5865739714153912,1.3616679399023142,1.142420606469665,0.9675925631256516,1.1274093562784435,325.5778083354418,-43.898785310203785,R
1.7991291525164748,1.398987930611494,1.5775467691380811,1.3544656689897907,1.1404601040763178,0.968175378323498,1.1276342952069212,325.26818704456446,-43.77120976576349,R
1.7609588664685407,1.3821318132294742,1.56013990714781,1.3623464916573362,1.128718558124611,0.9856849242722314,1.1287924148872632,318.79680652164654,-37.38279661051398,R
1.7527536879651406,1.377194508052601,1.558647700883314,1.3605911229478282,1.1245348688942494,0.9879440521961924,1.1317556755924725,318.5349975681447,-37.69507381383151,R
1.7545886164379978,1.3798733200811018,1.5573727325915856,1.3585895887197836,1.1266337079873163,0.984575590344723,1.1286345709619572,318.9868598538373,-37.59579263674401,R
1.7691725554366668,1.37819826737087,1.564233764776782,1.3653757725555071,1.1310154500399303,0.9906961900047778,1.134984567758022,318.7968606423581,-37.88298912204624,R
1.7864956225914528,1.3806034973095862,1.5603545228826914,1.3603971194577515,1.1449293070211857,0.9853640977360906,1.1301974288225332,319.37553355935984,-37.13333287080074,R
1.7849628075865036,1.378897081667238,1.5595358955887135,1.360582762273969,1.144547434038184,0.9867181389845824,1.131002390477949,319.4057903205811,-37.25575298585924,R
1.7881527854162702,1.3878447394634394,1.568267933945297,1.370308183420045,1.1402087275468344,0.9873641801962846,1.1300024342431934,319.32675169432946,-37.21880889696454,R
1.7818763036539196,1.3793409731779116,1.557711985385022,1.3601943601677664,1.143906139499524,0.9861190138026332,1.129316112314242,319.40408416970644,-37.004747157024426,R
1.7959374418827252,1.388217379976153,1.5676309265956918,1.3711807571360968,1.1456379249820172,0.987727698063866,1.1292402394664016,319.7064123513716,-37.25792786874879,R
1.803737016823772,1.3978266896743423,1.577685070739555,1.3782561318796631,1.143280779083656,0.9859992959504594,1.128670014955227,319.88976303819544,-37.47082403604743,R
1.794481541278503,1.3877233853688398,1.567469943030942,1.3694679575505884,1.144826763190495,0.9868450528320531,1.1295262150636225,319.6847797270545,-37.34438233796411,R
1.784675232559243,1.3809259128226896,1.559226074145087,1.359945510636471,1.1445904235136448,0.9848070037708732,1.1291163846422012,319.72869742311565,-37.30958209797742,R
1.7794509104408571,1.3781880161998146,1.5569986767745914,1.3600015402026204,1.142872461604841,0.9868040675267652,1.1297432995157115,319.5088705134009,-37.23999299818699,R
1.7820581917504188,1.3808610099269094,1.560548907380335,1.361804951398785,1.1419431863509664,0.986199872115201,1.1301274322047348,319.4378775561798,-37.30260140614976,R
1.7799499434432091,1.3797937364107824,1.5647280525401226,1.370971039741366,1.1375458761372006,0.9936057858239256,1.1340304070450449,319.11335298020015,-37.52867460362189,R
1.772766775112438,1.3785382583397183,1.5598940726068231,1.363689192088478,1.13646612692737,0.989228397426471,1.131556605825018,318.9021429804703,-37.24080820730862,R
1.7789069345520503,1.3863074425006343,1.570280843483384,1.3705710943274612,1.132859094559077,0.988648731377516,1.1327075043692303,318.7628046134825,-37.34996427563386,R
1.7803699609489976,1.3857819313077933,1.5642272272564488,1.3620694788587058,1.1381786034191776,0.982888756222482,1.1287686698153532,319.17791634263403,-36.980234792949446,R
1.7876396119448663,1.3787758934339498,1.5572898317657948,1.3572658965707471,1.1479170899856712,0.9843992073217712,1.129472773045982,319.75517132730795,-37.210112107592,R
1.8053647251750184,1.3893000193815692,1.571232393031352,1.3742851772302187,1.149011905038413,0.9891925128180492,1.1309525452470433,319.8764584186563,-37.370891215237606,R
1.78308724550688,1.3789861620864028,1.5552377179921153,1.3557376477983811,1.1465046306933253,0.9831408646966792,1.1278124181021834,319.8760345131532,-37.16670999166335,R
1.7860632239971324,1.377789983700224,1.556307110138825,1.358654214889034,1.1476290330883423,0.9861112585825318,1.129567734234191,319.73282138258867,-37.16107035514417,R
1.7918152580966904,1.3823175808007298,1.5616791802036856,1.3630123115668742,1.1473645040609357,0.9860341288413096,1.1297542633430573,319.7111993673826,-37.20513263206868,R
1.800521822214751,1.3928623798496274,1.5711845735770542,1.3699536117131312,1.145964549610854,0.983552741126536,1.1280257090055648,319.8175145166784,-37.08362236470347,R
1.7986968618421686,1.3995403416139145,1.5763693047364773,1.373050782214116,1.1410377355342236,0.9810726717821856,1.126347885705565,319.8165190179636,-37.11944664825999,R
1.8024707957191672,1.4061055174332506,1.5811464781984117,1.3776657219332629,1.1399771119073907,0.9797740673460248,1.1244863622217245,319.9280020811576,-37.04183816417967,R
1.7957204837414389,1.3987864232294276,1.5741656030782405,1.3710292758894376,1.1407443284429244,0.9801562648314056,1.1253795268071796,319.8714492247766,-37.09119150939631,R
1.788487073789968,1.3955492460869756,1.571073523997975,1.3678739105245956,1.138385343824477,0.9801688577884444,1.1257743346593876,319.6030180546585,-36.91038901650014,R
1.7871986041867365,1.3839304725358232,1.5622307717804638,1.3656935221765716,1.1440042255408134,0.9868223507458178,1.1288361682779733,319.58367353849263,-37.06506448518762,R
1.785955632107335,1.38131386328008,1.5561723023507288,1.3560950678061583,1.1476593108677615,0.9817428926587064,1.126588492100867,320.02472059185385,-37.12282329136116,R
1.7932215972113628,1.3957758641922016,1.571519284731946,1.3671044857669834,1.1410751459643924,0.9794584652444812,1.125910918112526,319.8483519975842,-37.08241532023191,R
1.8003995747595165,1.3938028056095957,1.5720721591661868,1.3702594214405843,1.1452397806691217,0.9831085257726152,1.1279014167851549,319.94269362404305,-37.24641214704511,R
1.801211617684914,1.3917570531451622,1.569747888944528,1.3678729006283568,1.1474528046003734,0.98283884930719,1.1278893003611037,320.01751738899134,-37.21933129827747,R
1.7930770532961764,1.3836081528173931,1.5591110532235073,1.3540490481582292,1.1500637171347978,0.9786362167648596,1.1268443670621222,320.0710960301583,-37.07131999724346,R
1.7871193440166837,1.383036609239335,1.5586077025463796,1.3550236383814436,1.1466126730266843,0.9797453150041354,1.1269460924852943,320.0711955515708,-37.24329934654335,R
1.7844089184651426,1.382185872918419,1.5544519389131688,1.3489623365226846,1.147934441583799,0.975963047339223,1.124633068077174,320.2665685172296,-37.09760983280984,R
1.792332974533846,1.3882524247763486,1.567603969422492,1.362607258757751,1.1433582776612543,0.9815270151444327,1.129192315061173,319.5869082712136,-37.286436306997736,R
1.790877244236201,1.3884656428044675,1.5657961385759975,1.363510272976621,1.1437486656883074,0.9820266565779469,1.127716877036548,319.453985814033,-36.98130114206021,R
1.7851396226492966,1.384451932421082,1.5593195359846233,1.3580575819456795,1.1448196353944098,0.9809351629642752,1.1263081797702712,319.72453305123565,-36.98232734128872,R
1.783490871309735,1.3852383679956004,1.5666200865617184,1.3665183228385265,1.1384322763433896,0.9864860477520836,1.1309389941520116,318.8470445165187,-37.254996894651896,R
1.7986152379007376,1.3851973034492957,1.5686113895163425,1.3694715509241009,1.1466289547058008,0.988647283324884,1.1324100802176884,319.2779168616587,-37.10080053255182,R
1.8046138593697725,1.385155658776851,1.5674484971393707,1.3677761282660317,1.1513066379298802,0.9874530126627312,1.1316045869700246,319.5513162917559,-37.0526079409604,R
1.810554655345696,1.3904459380507703,1.5715286648581668,1.3705277307848267,1.152097760500666,0.9856749502293728,1.1302335616595434,319.6541591323159,-36.97210110599722,R
1.795703242248982,1.3793845411291206,1.5600569334720131,1.3604554798702393,1.1510498134529756,0.9862771687702208,1.130980438707106,319.60886754888253,-37.01814821694913,R
1.8012646724067198,1.3821603171787609,1.5664872120780955,1.3626647737209718,1.149875120919225,0.9858948754240152,1.1333614433928902,319.56611177623324,-37.358546120464936,R
1.7959409075324275,1.3851085198436426,1.5650307021468228,1.360644203626584,1.1475435626079764,0.9823376176909084,1.1298975349046951,319.4349350449402,-36.92873339836356,R
1.7916131739832506,1.3765842833351076,1.5574400437360123,1.3557270959994694,1.1503577175821804,0.9848485940249828,1.131380085179193,319.61249423325995,-37.12792091155144,R
1.8048558573663165,1.3913184395886415,1.571516196666779,1.369026135950146,1.1484805954876292,0.9839775690422916,1.1295158261047809,319.4645377204168,-36.89588864041295,R
1.8041101314055343,1.387926081507855,1.5687654349004896,1.3690219953645435,1.1500190476340864,0.9863796160363426,1.1302946574764048,319.5917838267901,-37.0373318736594,R
1.8023746758003607,1.3880419852493264,1.568213935728834,1.3696514851846888,1.1493168340980846,0.9867507609567484,1.1298029543732744,319.6285020781499,-37.06296248744618,R
1.8318158193299348,1.484085503055122,1.6986751431551474,1.470784550507342,1.07837912782281,0.991037610353043,1.14459385234764,320.4667981924682,-44.25584457846551,R
1.8316207825516968,1.485084323263207,1.703060423411059,1.470116772868862,1.0754878437508075,0.9899214137811,1.1467769181408425,320.0683793210626,-44.36390242736778,R
1.834757162459865,1.4847672134328764,1.7020144099843997,1.4695370597955224,1.0779915561799986,0.9897423963166988,1.1463173449589,320.1211323620336,-44.16294145462329,R
1.8234477089926395,1.4790663866647098,1.6956490456249542,1.4660485636023315,1.0753685815454714,0.9911986215225044,1.1464320066448388,320.0300377491202,-44.20324080725548,R
1.835816017655982,1.482587911258422,1.697571718679723,1.471806232805546,1.0814364998279882,0.9927277982162122,1.145005773882793,320.52597067966616,-44.13194045091716,R
1.8338121765654485,1.4846992958561362,1.6910814900771038,1.4654707210345148,1.084402015707615,0.987048842230013,1.1390060565105606,321.1863913184724,-43.79436741980157,R
1.8218226829758657,1.4783375674201982,1.6820697562841311,1.4533680116285717,1.0830839066986515,0.9831097062390154,1.137811683443491,321.3040864396797,-43.80195335927776,R
1.840176679923615,1.48463816777298,1.690838394484777,1.4636800699482593,1.0883220335698278,0.9858833631792192,1.1388892130000303,321.46196124333585,-43.78800894041513,R
1.8339259896908529,1.4817955447915512,1.688952272056531,1.4634197118636711,1.085836479830064,0.9875989417079364,1.1398011540749513,321.18720458500025,-43.75337274555885,R
1.8331602336590969,1.480976695251347,1.6895036056837354,1.4612917462915278,1.0850288969446882,0.9867081305040534,1.1408036406656608,321.08871399166674,-43.87012988984081,R
1.830426113087336,1.480289967508204,1.6843707315542282,1.4562541318756848,1.0867121345657302,0.983762751785058,1.1378653970002626,321.3261119216695,-43.5782333467542,R
1.8322308664587896,1.480268316709796,1.692551035234399,1.4681919466989142,1.082526215349865,0.9918417695801772,1.1434082700604211,320.803046491569,-44.11668069081025,R
1.8292793885879408,1.4818356454276511,1.6942103574629923,1.4690002009262335,1.0797238846581063,0.9913381456701876,1.143318668767784,320.5466473387567,-44.05894703236913,R
1.8271676695447472,1.4794899389672505,1.6921910837390584,1.4671380844596524,1.0797643877826404,0.9916512750899678,1.1437665368108436,320.5389912889561,-44.18095182299385,R
1.8338969947148271,1.48909100478733,1.7039012497610864,1.4728376229531386,1.0762930040528864,0.9890850312157295,1.144255954997482,320.1509036396974,-44.04956376956954,R
1.8276189564234184,1.4780076582664194,1.6883356776376983,1.4614488664272725,1.08249738522413,0.9887965453043936,1.1423050944255433,320.7566994313937,-43.999102509627605,R
1.8354336328283665,1.483475245655702,1.6944571658004457,1.4649474998319183,1.08319860181377,0.9875105797160812,1.142221395849102,320.7586247961606,-43.966042172936106,R
1.8277034964443009,1.4792919796998083,1.693488008249157,1.462835051319714,1.0792538757531005,0.9888751317482072,1.144796315729918,320.3388953327452,-44.11915629428295,R
1.8415319696543284,1.4909279067703505,1.7095680518008014,1.478076086976922,1.0771913804276587,0.991379985755805,1.1466470270209574,320.1633939275623,-44.32899849496688,R
1.829943718452657,1.4782607461920148,1.6965290793476842,1.4703589083974506,1.0786397596888058,0.9946546386928564,1.147652120045754,320.1629000597112,-44.34173960990718,R
1.8351035864360448,1.4833529248962798,1.7009691049669733,1.4705807376669129,1.078857682410214,0.9913896504230372,1.1467055994687911,320.06814371530965,-44.1115488866977,R
1.8380369219353896,1.4847446858363913,1.6945410931118412,1.465340491098385,1.084681232816865,0.9869309552523668,1.141301335695481,321.0756723344086,-44.00831094562876,R
1.8384954615025308,1.4819133976764505,1.6914297899465025,1.4663269122150386,1.0869475472349817,0.989482188712343,1.141382345688055,320.9333013066674,-43.68799146609454,R
1.8279464650474817,1.4726326584575635,1.683827663126148,1.4587409801521538,1.085589995388107,0.9905667728977572,1.143413228992076,320.65124595007086,-43.71479536896893,R
1.8251756955199472,1.4738828538090911,1.6866562076288332,1.4594307856842634,1.0821266878600293,0.9901945611976706,1.1443624595196642,320.4160846945817,-43.89157861940606,R
1.837849598344039,1.481426355087266,1.6938448885504604,1.4641486617881077,1.085016468017218,0.98833712304373,1.143387845594715,320.6905721991013,-43.82711112997028,R
1.8320250574720864,1.484781832527533,1.7036181301574311,1.4735286034048314,1.0753730692586545,0.9924209544620132,1.147386163297388,319.8547990317627,-44.16946068154352,R
1.838853447448744,1.483887942520038,1.7026431485796567,1.4731005020477717,1.0799993228074327,0.9927302863220612,1.1474203002742336,320.29141310393777,-44.37244180459538,R
1.8448203912071468,1.481862551858203,1.6997782935176835,1.470944501169202,1.0853300093562783,0.992632210946076,1.1470552996876953,320.4613125126173,-44.147406958867215,R
1.845663543899775,1.4853727236424477,1.702845079226197,1.4720230513122814,1.083870497918975,0.9910125774375136,1.146409283085838,320.4286129403891,-44.1204976415277,R
1.8357371153958937,1.4830771990387062,1.698422686508257,1.46534395575391,1.0808482069736938,0.9880429398440684,1.1452018058190987,320.499497458889,-44.22025441562325,R
1.8304872475161107,1.4886613316827544,1.7066828974830748,1.471540410459767,1.0725409214656196,0.988499116045666,1.1464547786391903,319.80923086219707,-44.30668959083984,R
1.8446613934116824,1.4899434596933214,1.7101251501031065,1.4797605658804374,1.0786704080110538,0.9931655837363252,1.1477785542648078,320.25802180677124,-44.49093449561665,R
1.832394352052522,1.4823025575315891,1.7020018389781886,1.4722499119225705,1.0766112645052228,0.9932182228533972,1.1482148703922193,319.8338755582381,-44.27050873600752,R
1.84756125083058,1.4841848952149943,1.7081578853243318,1.479415939123056,1.0816103515394766,0.9967868180660552,1.1509063936922046,319.8579843559224,-44.36857625021944,R
1.8287752324027249,1.4820622416144025,1.6982206888213005,1.462190781650982,1.076877254199535,0.9865920206281118,1.1458497768430007,320.07071317572775,-44.17841131207528,R
1.8457138272532176,1.488951200781957,1.7102690163336074,1.4792971048751613,1.0791950328434123,0.9935161770904744,1.148640073251172,319.76728495865336,-44.152759169859465,R
1.8296312671987296,1.4766387422670244,1.691597736677678,1.4619176217493868,1.081599500595308,0.9900306553686672,1.1455731779599905,320.1635036104275,-43.93229991901396,R
1.8388268063850053,1.483178052911972,1.6991298777169868,1.4684789228502115,1.0822167454648732,0.9900894366439004,1.1456007418536365,320.4363790137446,-44.09190649022257,R
1.845555462225808,1.483515616044002,1.699163989829732,1.470511448810112,1.0861549993245474,0.9912342228870046,1.1453630628848963,320.4474632715361,-43.87298216986233,R
1.842752027998392,1.4840169761797866,1.702598674011691,1.4705934871543218,1.0823173165385294,0.9909546256943635,1.1472905642862563,320.1077835931707,-43.98446925644941,R
1.848844011970572,1.4874133475406368,1.7067200219267185,1.4797195731672423,1.0832731720598257,0.9948274133843724,1.147441647440299,320.0954810566051,-44.02238791193132,R
1.8545945589863817,1.4907056776584269,1.707308427540224,1.4777076102815183,1.0862680281256256,0.9912805944381152,1.1453021566417003,320.4506040588125,-43.759833240553,R
1.842395833632751,1.483390201868712,1.6988264041027723,1.466627067289837,1.0845109477832753,0.9886994436408184,1.1452323211806732,320.4237075398505,-43.78467245060412,R
1.844188463675768,1.4886718982356295,1.704241814590348,1.4730617734179914,1.0821166620178602,0.9895140595881878,1.1448068688676205,320.36098963628353,-43.91269974591244,R
1.843800129017043,1.4886837215097586,1.7089793791303218,1.475459754192972,1.0788896294087116,0.9911170068391858,1.1479801615598704,320.0833483529348,-44.28188219099278,R
1.839209174713188,1.4886646396333858,1.7108949178577055,1.4777799265166542,1.0749983272006858,0.992688270529881,1.1492816261687042,319.49896138065355,-44.22595887610567,R
1.8501214338135417,1.4901148893064922,1.7102680541728887,1.4795424472929477,1.0817727836869924,0.9929049484107464,1.1477424099619975,320.0250846256869,-44.063246172717406,R
1.8386986912591752,1.481994865385089,1.6969304335453226,1.46435447836571,1.0835439419974704,0.9880968636049928,1.145031250229321,320.1975272349604,-43.72862789602956,R
1.8553202099043864,1.4923539326657718,1.71426853951128,1.481631751288825,1.0822809654042411,0.9928152557230217,1.1487010567587712,319.875341972667,-44.02813444258153,R
1.882761610679471,1.4993846151229278,1.6898294002139915,1.4695027212719902,1.1141725966189528,0.9800705612492312,1.127015298923452,320.9752949180853,-40.474193750217445,R
1.877689990714876,1.4965581169741753,1.6880691784533457,1.4680009050291312,1.1123300008565205,0.9809180735307608,1.127967674163151,320.8592292507451,-40.54447353519784,R
1.875969027781632,1.4980543269913165,1.687962454499559,1.4652984298752267,1.111380779104955,0.9781343730157794,1.12676985346029,320.75926817768845,-40.38698277175646,R
1.8937686521548989,1.5044992724139092,1.7007495690105603,1.4699300453981112,1.1134905965354032,0.9770227692032492,1.130442267533819,320.7157264737493,-40.66829451048429,R
1.8988998482931951,1.5062477986931615,1.7030931340677988,1.4765301438024772,1.114971231055178,0.980270407753314,1.1306858908244863,320.8385882778685,-40.708450299256825,R
1.9029387004421965,1.5073624858897532,1.703918759101586,1.477555033509458,1.116801308910729,0.9802254250989266,1.130397482391776,320.92334643960174,-40.65574913222249,R
1.900680128946948,1.5043021290075984,1.7020505230086225,1.4826246707535882,1.1167001820763929,0.9855896911690798,1.1314552377396956,320.9121216842408,-40.76888896759281,R
1.886527248126248,1.501766867244957,1.6939087955586103,1.47235304035578,1.1137124106520246,0.980413852821818,1.1279439122705808,321.1919588243092,-40.795343113724,R
1.8874941369117788,1.49918653794927,1.693602482709253,1.474221138301013,1.114484748447202,0.9833473693791254,1.12968095686473,320.9218362687532,-40.75871790165507,R
1.8788723934818925,1.4954469533888872,1.688241968048842,1.467308415754234,1.112916530355757,0.9811838610718436,1.1289213329988437,320.86074725747346,-40.67908104143624,R
1.88545701920962,1.4969703243427852,1.690903626753177,1.4648236606472496,1.115058829715812,0.9785255170574948,1.1295505323363937,320.8365563243421,-40.60683361562429,R
1.8874095254405807,1.4964188587525211,1.6936093992152357,1.4626243119490314,1.1144302377603394,0.977416385388472,1.1317749634798782,320.75500925004604,-40.8534370279308,R
1.8970451820997567,1.4991620151999214,1.694814241554364,1.476483046516656,1.1193233662940674,0.9848722363204744,1.1305077265637304,320.99721207906794,-40.60447351397066,R
1.89623905042384,1.5003211028583106,1.6984937519984653,1.4726112444170945,1.1164239186589322,0.981530714732716,1.132086823788994,320.6950814796737,-40.62788919652269,R
1.901512720036139,1.501438770730694,1.699547359116341,1.478011652697964,1.1188347943565442,0.9843968875125498,1.131945832389312,321.0327679444846,-40.79767347633111,R
1.887434627468996,1.4991061157351984,1.6950635829623308,1.4717722513153042,1.1134889843898794,0.98176655799547,1.1307162082592332,320.8035051488724,-40.74922733453592,R
1.89342469357302,1.498919881746571,1.6949317393884435,1.473355519241727,1.1171097039319091,0.9829448105825004,1.130768735560086,320.812451161634,-40.62274610290432,R
1.890802272688121,1.4997824589957542,1.69593659715648,1.4756206287593698,1.1149015097960415,0.9838897767529812,1.13078839333277,320.775211428002,-40.740331125270544,R
1.891291419269585,1.4999899369519587,1.6942559611953996,1.4717924881642943,1.1162961574797503,0.9812015746952526,1.1295115516829382,320.8696126403432,-40.54288589178001,R
1.8792630830011707,1.4940763135517166,1.69047128134727,1.466764417669596,1.1116799816341378,0.981719878941662,1.1314490873151477,320.7692376950124,-40.96378805347174,R
1.9070076075774856,1.5025666080848432,1.7033339120159212,1.4747237239264666,1.1195735575536765,0.981469783762954,1.1336162422689362,320.687792419155,-40.58966780086606,R
1.906723794962485,1.5038906615960106,1.7031223273221872,1.4774243400337552,1.119546003463192,0.982401432339391,1.1324774937525983,320.8171646388894,-40.63754007317221,R
1.9050871009473755,1.5042292008159792,1.704231599616672,1.4780695796755683,1.117856928234332,0.9826092851234236,1.1329600560155328,320.80350093656153,-40.73417044633027,R
1.9039608431682729,1.5023439149352158,1.7020588530590437,1.4759497198876286,1.1186222143531397,0.9824313229579492,1.1329355656440625,320.81244402225656,-40.690269730934894,R
1.8947229568940007,1.5005503074673028,1.6977987625712094,1.4734903528400245,1.1159879478440438,0.9819666461746616,1.1314507445184103,320.95159640318286,-40.790222791579765,R
1.889942084271508,1.4980479151816477,1.6964198618723905,1.471309422561853,1.1140768430909085,0.9821511098885296,1.1324202948920288,320.9895293449013,-41.09482405016451,R
1.899136068443016,1.5030114955305314,1.701913432731356,1.4777261743389376,1.1158828832998529,0.9831768943439329,1.132335606076397,320.92134778775034,-40.90997467440105,R
1.9037806201074208,1.5022598710273805,1.697751095541505,1.4764331735037304,1.1213543758604982,0.9828081026314126,1.1301314295112137,321.0470975188419,-40.43435027333668,R
1.896273637664537,1.500401858965056,1.697455745414712,1.47371803786816,1.1171269959684582,0.9822155504957172,1.1313340724501495,321.0074094020428,-40.767998304887264,R
1.900878903752793,1.5022679085372308,1.7002587352105143,1.473225036585055,1.11799390550841,0.980667315205811,1.1317946190210966,320.97302835310023,-40.75806108377716,R
1.9029248269274628,1.4997169885978232,1.6980857577028543,1.4753007661339206,1.120629401839935,0.9837194466359076,1.132270802166813,321.26293076257247,-40.91021408791675,R
1.906765933977804,1.5044843397681589,1.7054762770058896,1.4795442823552656,1.1180254804395728,0.9834228534298094,1.1335952338784088,320.8792900833479,-40.87645635950825,R
1.9180040353795187,1.5057097097866354,1.7048093922141068,1.4807529222834683,1.1250548267384468,0.9834252330705208,1.1322297924582585,321.0527936307276,-40.489349910484215,R
1.9078550740723843,1.5042637808246238,1.704329417473105,1.4806084337638747,1.1194168536391476,0.9842744687718392,1.132999038598674,321.0813333337669,-40.87597645914231,R
1.889933221007624,1.4967061149781702,1.6938474778588462,1.4686123885595486,1.1157635180923402,0.9812296307621944,1.1317168152837749,321.1134552048738,-41.00266495706049,R
1.901019878012334,1.5025317066317,1.7014328074549476,1.4749931996196113,1.1173052909776289,0.9816719295236548,1.132377306878358,320.99083663393844,-40.86640771863055,R
1.9003811778913504,1.5006943117329443,1.7027235733811186,1.4809296812740715,1.1160832019948728,0.9868296759011173,1.1346238604815384,320.83505578266,-41.03763365354545,R
1.9096943048062696,1.5047028074243365,1.707025650865892,1.4837379064617555,1.118726191277544,0.9860670819120309,1.134460334920143,321.1387068525878,-41.19174034655196,R
1.91396828146186,1.5072430137575754,1.7086405650536454,1.4883621126286295,1.1201702222267955,0.9874732203389848,1.1336198273654514,321.15830149900177,-41.04688255146132,R
1.9159739851955853,1.5055476686403004,1.70634883870357,1.484849880521317,1.1228501123201056,0.9862523196374936,1.1333741695768549,321.393382391742,-40.98118095235561,R
1.908681164161682,1.5022123688197422,1.7026110585049088,1.479396651771378,1.1210318144166918,0.9848119230530034,1.133402369628081,321.0045042440996,-40.80794286829339,R
1.902582692417312,1.4999909171860673,1.698493912261893,1.479228297829139,1.1201586762731652,0.9861581699468696,1.1323361313735223,321.1128430815451,-40.84934472572876,R
1.91630903198672,1.503568628756952,1.707189746257081,1.4832516237310254,1.12249328827573,0.986487477433788,1.1354252234355735,320.9937131316316,-40.91899628440082,R
1.9170186162241667,1.506373420674172,1.7082193954868885,1.4853453887175625,1.1222320863988111,0.9860406246764508,1.133994647039365,320.9950295711293,-40.78799099080927,R
1.9239403380008773,1.5083883347817413,1.7106357546031383,1.487756698439315,1.1246931632428232,0.9863220658323296,1.134081797875122,321.20653821556795,-40.8709162634407,R
1.9135822304268704,1.5002366289627842,1.702448260264683,1.480594052092464,1.1240178483482146,0.9869070142062186,1.1347864912761807,321.0879841848856,-40.748589240238914,R
1.8984971274105675,1.492203114885415,1.6944977145295734,1.470822519421087,1.1203893113173231,0.9856717927666508,1.1355677371439428,320.86862424519654,-40.89907010424544,R
1.9057321199827848,1.4982942399965309,1.6990805207727182,1.4795701252986413,1.1216255478675514,0.9875030456648268,1.1340099130172536,321.0990114312211,-40.841858563918144,R
1.9086555803738128,1.5018991667721588,1.700964682403842,1.4791577422099895,1.1221018285203062,0.9848582214669946,1.1325425301749847,321.2730837949674,-40.80353313812107,R
1.9151501299693687,1.5017256472821772,1.7031328991686177,1.4794839605259409,1.1244866040132553,0.9851892475856096,1.1341172085932922,321.24265057608534,-40.78847100675698,R
1.8966142638345045,1.436675636389229,1.623467474709912,1.4417388712635126,1.1682490061424848,1.0035242714124455,1.130016709123114,321.92369097921784,-38.70001744888844,R
1.8982681661082328,1.4411671069730492,1.6295486095337872,1.4486332949385352,1.1649042900606237,1.0051806538807062,1.1307145449332414,321.3822738625131,-38.37843336333084,R
1.9032284837396447,1.4508545978091312,1.6373797597260422,1.4534900041533645,1.162362287938678,1.0018164510407954,1.1285622709529777,321.59037492930935,-38.501334442729885,R
1.9155348396915584,1.4639487218747762,1.652070903953504,1.466280146836786,1.1594749566181266,1.001592559170395,1.1285032592110282,321.4937410195189,-38.61619057045898,R
1.905053587562992,1.4472098651156342,1.6348126338254785,1.4488811526850869,1.165303930337966,1.001154834284742,1.129630659126867,321.5712176599432,-38.41186661832015,R
1.906161288842016,1.445757523917012,1.6331385679428445,1.4474272002698163,1.1671767027356896,1.0011548799333103,1.1296075178071066,321.4715404961429,-38.16845326981699,R
1.912418457840117,1.4468354980542892,1.6357703302539253,1.452303112796407,1.169124064955529,1.0037790161697515,1.130584874682517,321.692950153694,-38.41348009895042,R
1.9072042775575888,1.4396688245524871,1.628930497354022,1.4459879401656548,1.1708321998118305,1.0043892841918916,1.1314619512306,321.715696043488,-38.40995045290159,R
1.917947724500653,1.4499555709513705,1.6389592164411702,1.4528296773013012,1.1702229715424388,1.001982203046432,1.1303513357763006,321.7063287512053,-38.36661145888911,R
1.919025915131241,1.4466224159914538,1.6320417195518884,1.44679666547984,1.175843663885106,1.0001204526395138,1.1281739460903877,322.2622945430353,-38.33179249141918,R
1.9078611366168143,1.446985154111833,1.6341059379586418,1.4534419154708889,1.167525979986434,1.0044622167274542,1.1293176943212415,321.5234244067265,-38.20135580861691,R
1.909260102392794,1.4469088416121116,1.6347720646812016,1.4500827057555048,1.1679059996447398,1.0021935481020745,1.1298376357005169,321.8317177176535,-38.557268440653175,R
1.903066040657972,1.4442136783447144,1.6310546777680794,1.448965258312548,1.166770229470241,1.0032900809894556,1.1293721297789625,321.6397717543199,-38.38555952075888,R
1.8971647895661627,1.4444196998946324,1.6304176257839564,1.445897666164625,1.163606648728387,1.0010232249463922,1.128770000785016,321.40361307695,-38.312618486497215,R
1.90229005574554,1.4406374962568052,1.6272914349922327,1.4475610590585988,1.1689916230368531,1.004805902123041,1.129563432314103,321.7042739864432,-38.4007827066848,R
1.8991062513114192,1.4384586916746471,1.6217456919319442,1.4382927268643926,1.1710259264194884,0.9998846231656042,1.1274190224009248,322.25050734781473,-38.59676854389378,R
1.9029308636601805,1.4419615795495213,1.6292104585913112,1.4407349450041709,1.1680080088029512,0.9991493292451428,1.1298570514620006,321.94155308924724,-38.74982589992651,R
1.906902819340686,1.442186762204333,1.6272970425722342,1.4360040941979877,1.171822211589892,0.995712990738526,1.1283538895371406,322.05876658859904,-38.41119042224095,R
1.9281439761412928,1.449729915514814,1.6407698399346045,1.4548566963821223,1.1751459157843502,1.003536369645437,1.1317762173321435,321.7655937781594,-38.33019351587549,R
1.9269940748121803,1.451339456884862,1.643649680290049,1.463078605483894,1.1723873389323023,1.0080884926977929,1.132505336703213,321.60248423228785,-38.35273531048277,R
1.911980974729552,1.4481848065908949,1.6355403612378163,1.4526936263478598,1.1690209670414484,1.0031134284356835,1.1293726835098945,321.777006281589,-38.37804281098399,R
1.916502095976524,1.4547369535722825,1.6407902048139733,1.4548597245605688,1.1680360416302036,1.0000843939435131,1.127894772168133,321.8013385201623,-38.255742752258,R
1.91709335707788,1.4566070868135863,1.6458234487802603,1.4635163580609225,1.1648232126590865,1.0047434008181644,1.1299021291874911,321.6651097776833,-38.58811572084961,R
1.924970673279007,1.4580702181306675,1.646843337843118,1.464940474529724,1.1688851204269095,1.0047118830860315,1.129467783763164,321.7130700814539,-38.37034813571145,R
1.9120473128455384,1.4495737805101092,1.6350364098996444,1.447777924026034,1.1694218558490062,0.998761114123185,1.1279428697477338,321.9751933994647,-38.46073602490779,R
1.927982824103756,1.4577199324025567,1.649459094655212,1.4649959110562991,1.168857615415291,1.0049913419526002,1.1315336080618985,321.62039260005764,-38.51199762003432,R
1.9137975462801216,1.4471932766467364,1.634548829986043,1.4527576224008996,1.1708414647340104,1.00384492233619,1.1294613210015905,321.7683247101083,-38.29990296263584,R
1.902690098739204,1.4403259612271937,1.6262498096498552,1.444558148909547,1.1699863621499011,1.0029383540922552,1.1290845637915532,321.7467354808663,-38.254578247555344,R
1.9101666083848927,1.4465920194608055,1.6343027414196458,1.4527425601535016,1.1687960620598463,1.004251745212163,1.1297606508494402,321.78735151934154,-38.420268312366034,R
1.936090670775633,1.4623972875331737,1.6533261122704166,1.468446352915972,1.1710276976856744,1.004136403584967,1.1305587929934613,321.87887516679376,-38.51088719046452,R
1.82844526629377,1.4258444878617265,1.604872645558444,1.4225625920266214,1.1393086369526413,0.9976982792562274,1.125559385487542,320.2838839044024,-38.41903232146964,R
1.859642424738592,1.4335390063241462,1.6211534103753584,1.443232877529642,1.1471107008361496,1.0067621956310435,1.1308749906514854,320.17537460909995,-38.51652186385953,R
1.8542627468208748,1.4374479127215696,1.6240794644640764,1.4416233601458537,1.141731539246299,1.002904764330819,1.1298353492260813,319.8787286919805,-38.348784250104,R
1.849330343243497,1.4362551098176155,1.6218302970723666,1.4348813017417548,1.1402736442781962,0.9990434790682589,1.1292076776515811,319.8316003977198,-38.19726445062121,R
1.8676893179021008,1.4397908397218704,1.624374639192106,1.435205356070256,1.1497897546781508,0.9968151737564186,1.128201815415003,320.17389497790674,-37.853919666619056,R
1.867483963670686,1.4360638167588435,1.618031381523391,1.4342329119891262,1.1541704227716725,0.9987250533379152,1.1267127286691505,320.3588535331956,-37.64491933217452,R
1.878565984186194,1.4412564347562171,1.628409188552919,1.4375575878764393,1.153620353773351,0.9974335955832844,1.1298538894838364,320.06078555729283,-37.771511410428495,R
1.8668845438846176,1.4389338689148263,1.6223889529347275,1.4392341191506983,1.1507009712483702,1.000208661594781,1.1274937563032374,320.1244478357165,-37.67173582543742,R
1.8682048289675104,1.4346939337592457,1.6170282293933904,1.4319351798592002,1.1553322292142951,0.9980771132886742,1.1270893333718817,320.30288523178035,-37.49639102750147,R
1.8670966862999625,1.4286805135116962,1.6110055315705087,1.4264219064386954,1.158963547741391,0.9984190957658902,1.1276177678175632,320.4998979610318,-37.53235266492848,R
1.8519696619093056,1.4278867395519892,1.6165260124936474,1.4302325154823563,1.1456479188061215,1.0016428305308749,1.1321108094335586,319.8821185939172,-38.38403051428764,R
1.8541734365074425,1.4315724583242435,1.6220951232553564,1.4374728204763494,1.143073183517334,1.0041215951856273,1.1330862883141333,319.3374681711969,-38.253705139454325,R
1.8464860983129627,1.4257747869773436,1.6143956937942412,1.4296828475071668,1.1437630225420448,1.002741008303358,1.1322936192586035,319.7641818772828,-38.45300892215008,R
1.8574855829820347,1.4264152996842705,1.6178047065793415,1.4334332456198258,1.148151921815996,1.0049199878444297,1.134175093983803,319.87414440238416,-38.52549948729229,R
1.857942101321172,1.4241337331586204,1.614750716448775,1.4304576300273026,1.1506061476828031,1.0044405217862906,1.1338476709398495,319.8392587722883,-38.29136385909976,R
1.852794029174284,1.423892641087349,1.6125498025656209,1.4302506293681083,1.148984066244916,1.004465216054424,1.1324939507617686,319.8448121692816,-38.223463727786665,R
1.853936522431752,1.4288037034358234,1.6156519908112417,1.4295181558745589,1.1474850605054272,1.0005000354051556,1.1307725385412335,320.13980794552174,-38.329883072854486,R
1.8452671810460948,1.4233520455447837,1.6084973945464434,1.4237964678964048,1.1471993596647476,1.0003122364231762,1.1300769894427602,319.9443470704525,-38.09312481644221,R
1.85268322997378,1.4270905126106217,1.6166228818440669,1.4325714223318442,1.146020664918736,1.003840618147756,1.1328103351249443,319.9471430229417,-38.526513323679104,R
1.859454698118972,1.4328175251161108,1.623630175083454,1.4400478615001315,1.145245220650938,1.0050462367030546,1.1331730291000457,319.51770930498174,-38.23794229657516,R
1.9392043337100373,1.3644005542132405,1.51688711381392,1.2396149108346408,1.2784104473234548,0.9085417819618556,1.1117608455448105,328.2750636269515,-35.523934790130006,O
1.9417762980550608,1.361342632027008,1.511693899925688,1.239274429864386,1.2845036274542847,0.9103324914016208,1.1104433699213625,328.5969841531127,-35.35770642791548,O
1.9479280485283668,1.359967592184042,1.5149157257718902,1.2430583467476424,1.2858326145738868,0.914035271054769,1.113935166160106,328.4611546446486,-35.583195795590896,O
1.950665406441352,1.3613497604700926,1.5135465312455425,1.2376838768674725,1.288804385046617,0.9091593599282548,1.111798433580283,328.75004062839326,-35.453701861665834,O
1.9392025898455567,1.355310485304102,1.5067797634102869,1.23211152775101,1.2869847584470937,0.90909908918365,1.111759836398077,328.9949027930402,-35.793336329157526,O
1.938118664850236,1.359714772199622,1.509992566718368,1.2359315132332878,1.283528613033046,0.908963805132389,1.1105215576025849,328.8305990119983,-35.68805591492822,O
1.9373708091578163,1.351109062421057,1.5046204997343122,1.2348807879236847,1.28761425854554,0.913975653239197,1.113618834765402,328.23259782247663,-35.30662667180126,O
1.9337725740085003,1.3513164022078086,1.500180019729456,1.2313283729119948,1.2890270158092352,0.911206561912684,1.1101619260140934,328.4878094627862,-35.07504848207313,O
1.9477398937164967,1.3675021011285131,1.5211717487363663,1.2510215716579018,1.280420764673338,0.9148224127959385,1.112372512978985,328.18359051747046,-35.453786956628896,O
1.9454400453073464,1.3586936016416,1.5086744423117835,1.2368061248884017,1.2895028846159116,0.91029068172108,1.110386065326998,328.8205865396437,-35.43205198189622,O
1.9344535303583523,1.3593984295045536,1.512141903699625,1.2378673549737451,1.2792804204588832,0.910599371094535,1.1123610789007168,328.7419641866723,-35.934855452898894,O
1.937412975965186,1.3610435159337784,1.5122693613345173,1.2349997600966,1.281129556348015,0.9073918251976664,1.1111102206728392,328.78556998954423,-35.750636852481854,O
1.9355631498900443,1.3561055427712991,1.5076654324025758,1.2317259756589032,1.283814769703635,0.908281794307678,1.111761131306604,329.1014713398555,-36.024552334738615,O
1.9492534479686985,1.37054024495829,1.5285072633693169,1.2528454397613806,1.2752660681977546,0.91412524686534,1.11525894186043,328.1036363374702,-35.976583787913306,O
1.939489048294764,1.3638886709347742,1.5148583767048591,1.2390633326012477,1.2803104753023629,0.9084783523804956,1.1106906369906382,328.8249121847255,-35.81622913039503,O
1.9452904766038208,1.3543875868971609,1.5086818874831056,1.2331055111335023,1.2893973824058416,0.9104524606272346,1.1139218212560749,329.0720313223855,-36.02157716628446,O
1.939396224785154,1.3510084464589118,1.5052615844042276,1.23045375416352,1.2884114262125104,0.9107668848323086,1.1141762942708642,329.15416224491565,-36.16925638154463,O
1.9574737405998064,1.3616154833411578,1.5201323177975647,1.2434811642782095,1.287699575676334,0.9132395889233956,1.1164182079271274,328.965153602732,-36.30434610085376,O
1.9382446050412312,1.3501571215398538,1.501503216689322,1.226092574206968,1.2908694323778305,0.9081110299285832,1.1120951722839916,329.422809144444,-36.03187040349317,O
1.9532624065603528,1.3541597622072727,1.5113480659542098,1.2393176663538763,1.292397463272059,0.915193096812887,1.1160781084579865,329.1584474961244,-36.17786168586975,O
1.948540210514561,1.356533187528762,1.5092680271970864,1.2295627149170778,1.2910498171310647,0.9064007620462348,1.1125920405578622,329.1281728873071,-35.755063156010415,O
1.955407948033638,1.3562509632359532,1.5140709397754402,1.23806571159385,1.291490310436613,0.9128588625219344,1.1163648770157817,328.8364347584482,-35.97066925421835,O
1.9495649160207087,1.3530109216562471,1.5108598653149858,1.239073554232871,1.290367797025478,0.9157897651824546,1.1166649441864909,328.7351968287555,-36.05219009475828,O
1.9586024388539007,1.351727153166572,1.511602884557381,1.236205359998301,1.2957122924698623,0.9145376395690148,1.1182751496973944,329.0109272378571,-36.19552722427541,O
1.959179918821137,1.358922032500443,1.517949097835365,1.2399314792259526,1.290675637025628,0.912437542089486,1.1170244219547378,329.0783934321214,-36.36630582275862,O
1.967824556066739,1.3596250356536126,1.5203161735293838,1.243537076887833,1.2943521816902557,0.9146176661052932,1.1181878338968083,329.0859963077144,-36.33868581529093,O
1.9601859638610024,1.355236538489266,1.5140767828853507,1.235569109781752,1.29464105520825,0.9116999687442668,1.1172048125068632,329.0851656271097,-36.20126510338454,O
1.965102213881969,1.3540253652695573,1.511475640322994,1.2344277962606292,1.300121656914059,0.9116725786114658,1.116283105983093,329.2494302301056,-35.92204746955201,O
1.9588769330436988,1.35350589994893,1.5114979052255682,1.233975398605126,1.2959838887446993,0.9116882302852806,1.1167279767916782,329.3018396938996,-36.26968854805767,O
1.956280143709432,1.3539885558912164,1.512181139208051,1.2352969412120516,1.2936810895115125,0.9123392777858156,1.116834505453194,329.21928478651046,-36.28730228459115,O
1.9446619998950496,1.3558062323563471,1.5107685348324549,1.2340916452622233,1.2872004910472366,0.910227151793964,1.1142953165267488,328.70110203490106,-35.72737481103072,O
1.9482492840398928,1.351675681473113,1.508127850490702,1.2323380406876647,1.291832972520193,0.9117113354770212,1.1157468253383689,328.7327513240525,-35.73030585325952,O
1.9455699494764809,1.3508784883803604,1.5064109559482466,1.2329070349313345,1.2915266858583057,0.912670566254654,1.115134313637907,328.6387253471848,-35.623091731935,O
1.940733599059424,1.352924854116662,1.508960390843978,1.2371524482595273,1.2861395241620297,0.914428058953264,1.1153320055083125,328.5634367255136,-35.84444339784634,O
1.9443695538173948,1.3528054890616177,1.5076669787379633,1.2332568309195788,1.289654533287574,0.9116290855494942,1.1144743209046013,328.86143516700645,-35.80624978101662,O
1.9467944553603616,1.3477534186466191,1.5030721251670691,1.2312881874637571,1.2952102715257074,0.9135856533016156,1.115242673007958,328.94412253770844,-35.74751701213945,O
1.937342251727581,1.345756056564934,1.500723929198289,1.229485750007014,1.290938469117728,0.913602241661314,1.1151530189125904,328.8483198149388,-35.85212330206731,O
1.9430511206035184,1.349894401142991,1.504976813722883,1.2313906830414307,1.2910837581590144,0.9122126012218288,1.1148848476211026,328.84860848147946,-35.72218517304929,O
1.9536465314051663,1.3585524765816372,1.5153681244200865,1.2417370432523132,1.2892224007633817,0.9140147801848238,1.115428480343303,328.71607220059536,-35.789482943604014,O
1.9629137107914416,1.3584207312901186,1.51782802858361,1.2469313184702893,1.2932385447007275,0.9179271854059928,1.1173475151119778,328.68580474568665,-35.9535814740635,O
1.9479290769343045,1.3513538840139694,1.508033370341903,1.2372545780127575,1.2917015732169557,0.9155666718015426,1.1159426025864845,328.7268841157068,-35.81749113029903,O
1.9433503384562327,1.3500430082654118,1.5050055547609047,1.2334779848948474,1.2912579174931798,0.913658288916046,1.1147834147110578,328.4736533827887,-35.47831113903681,O
1.9449396022894323,1.3511838513042933,1.507804169657754,1.2360227794222072,1.2899152565222716,0.9147702425758556,1.1159134030519056,328.6839058164901,-35.834279606536185,O
1.9525535300896728,1.3527115493700894,1.5097885957485442,1.2411286582622794,1.2932628684492138,0.9175116889038388,1.116120134001665,328.8658875228662,-35.8303735308519,O
1.950683382666896,1.3496266635021452,1.5051553413049872,1.2346659856075557,1.2960013688524874,0.9148203862568348,1.1152382966406875,329.0068380582969,-35.8007618044051,O
1.9531816780889548,1.3517423850292911,1.5063622037069109,1.2343353372547463,1.2966215384868889,0.913143917750274,1.1143855666509035,329.3331845581287,-35.926238004277735,O
1.969350903173786,1.3560696402421215,1.515351018751184,1.235158150498341,1.29960047461264,0.9108368138658482,1.1174581111340445,329.1006497812327,-35.904536104692106,O
1.956519411625799,1.3532779028806237,1.510114768718921,1.233808469735494,1.2956097457980478,0.9117184778597036,1.115894056575113,329.31283473409115,-36.26087147562848,O
1.9544417080996783,1.3584585129648428,1.5150681318362187,1.2387605142408324,1.2900025200391163,0.91188689416597,1.115284800659517,328.9571648683958,-36.09824831188757,O
1.9647664112657648,1.3655004111443168,1.519505728106202,1.237011677045333,1.2930299471226758,0.9059035551726362,1.112783061583135,329.0581688817389,-35.716166241960984,O
2.0801353090127663,1.3710143390045595,1.5484592343512926,1.3916778849482327,1.3433581348909147,1.015071721247406,1.1294259952638923,320.9896055731981,-27.048944411219026,O
2.0857704872680087,1.3687781930466143,1.5497852478687208,1.394282003529176,1.345844845365756,1.018632537113844,1.1322398732984067,320.6456426334932,-26.857104416114115,O
2.0780166389631702,1.3703042242175114,1.54488845485926,1.3871900958118455,1.3450917005865504,1.0123227173177378,1.1274054531514284,321.02882409627887,-26.76548436360012,O
2.093725425935381,1.3802095662237994,1.5545163058888862,1.3924084582864455,1.3468661718142416,1.0088384346559935,1.1262900532866058,321.6104777766008,-27.420571920514806,O
2.069930771037435,1.377317711454227,1.5460547342153428,1.3846598490658983,1.338847018302991,1.0053307508867502,1.1225113286192745,321.12014904271007,-26.69400150968003,O
2.0808773208924065,1.3763499389901843,1.5516929702615287,1.3941616629894404,1.3410367648579904,1.0129412756848193,1.127397129395735,320.46371009474285,-26.30681497750317,O
2.07673949879435,1.3774907175002724,1.5524104739585485,1.396318423352296,1.3377515377738958,1.0136681181316345,1.1269843449658246,320.517601993777,-26.408884054038808,O
2.072848991511081,1.3722947863804829,1.549838300095443,1.3929078091124074,1.337461457355538,1.0150208416854023,1.1293770955606723,320.33955838431075,-26.556019763722944,O
2.075643409808827,1.3831422069069814,1.5611194274985185,1.4052348107924422,1.3295865602894732,1.015972763881499,1.1286760101042208,320.06716786006365,-26.563336235797124,O
2.0953435004652894,1.3849430671046887,1.561822075245436,1.412435913388422,1.3416019235968426,1.019851246550668,1.1277157251745549,320.6480209227008,-26.52499210204261,O
2.093783037780316,1.3754979784901689,1.5540878588240992,1.3971805902504086,1.3472745610177903,1.0157634631961,1.129836526935475,320.9002710273772,-26.78589591046434,O
2.0923996009228336,1.3740154694072684,1.5548201429361692,1.3989951070678404,1.345750253126695,1.018180026511163,1.131588528335054,320.6810117689114,-26.8311437431901,O
2.0955041204649327,1.3793474546871018,1.562701509504942,1.4129637796805898,1.340949700067021,1.024371179922258,1.132928113358815,320.3699363948039,-26.85454785906899,O
2.090599200031698,1.3772648410469472,1.555850599752452,1.4015072404225613,1.3437017669719242,1.0176018429085765,1.1296669699124464,320.5983400493444,-26.68184998834779,O
2.0737748435160244,1.376369986588373,1.5518611740833232,1.3937642486341724,1.3363146640620047,1.012637780695084,1.1275029165158874,320.3927569233096,-26.568484735145585,O
2.084172927390304,1.3773399725149231,1.557246480799855,1.4023683753154363,1.3383706131862965,1.0181715504522917,1.130618810079573,320.4603133846559,-26.818779672912147,O
2.082532889503943,1.3761246703405532,1.556481032201655,1.4008707962138345,1.3379751159306987,1.0179824738315004,1.1310610628152378,320.4723776524934,-26.943850061172967,O
2.09015343294852,1.3791224084146436,1.5591757705908942,1.40264565724443,1.3405502268396567,1.0170566794406797,1.130556476406782,320.44365536808795,-26.657314710925583,O
2.090847636413146,1.3756369427109691,1.5522100374271002,1.3961881123344375,1.3470133461312208,1.014939384793613,1.1283573370515612,320.8860073252592,-26.640822197554456,O
2.123258561652574,1.3882341575565067,1.5686981745029769,1.4153545576515898,1.3535163080847614,1.019535897418645,1.1299953728729115,320.7167437010212,-26.46142900174732,O
2.077198111719219,1.341500513878128,1.5231777992572073,1.3801819984835813,1.3637266199206586,1.028834491083145,1.1354284128105705,320.9785486296045,-27.149130175267427,O
2.1045064243542626,1.3607842929693688,1.5400183070633702,1.387289294401603,1.366546368119028,1.019477739101763,1.1317137587639954,320.7445938454551,-26.235487759701147,O
2.0790246122740608,1.368595384326434,1.540770467659054,1.380766106998586,1.3493409017845437,1.008892856728537,1.125804226219393,321.5772281518625,-27.003544808722697,O
2.071811253697697,1.3754296614777977,1.544377185219875,1.384885605631104,1.341518945970916,1.0068749020165428,1.1228325435126618,321.18649373412416,-26.57080667109679,O
2.081871183653542,1.3758351758305882,1.5504148504221091,1.3932751422204763,1.3427833093102417,1.0126759125629707,1.126889963026369,320.829278410147,-26.585544459794026,O
2.098858177573635,1.3808201884572942,1.5575034522556443,1.4037035594417613,1.347578507472312,1.0165723033134628,1.1279553016933708,320.7154096993365,-26.460925397657984,O
2.088215212388579,1.383400112326105,1.5624938552113794,1.4076697369642222,1.3364629917895443,1.0175434600748363,1.1294591067974824,320.027375189426,-26.40020999716151,O
2.090203816381267,1.3867527343146036,1.566477797129764,1.4175886237781548,1.3343335093616513,1.0222360401393344,1.1296013761991883,319.92247755846523,-26.38866247777709,O
2.084062006920405,1.3765860599705877,1.5552942994912773,1.4001354683964522,1.339979197250374,1.0171071094722317,1.1298198817475371,320.5593795578482,-26.80683552615029,O
2.072626848396232,1.3690300745233506,1.5505677751790372,1.3981564272094882,1.336688973919192,1.0212751737366168,1.1326031502404297,320.0381914641088,-26.6979230585735,O
2.081870473285968,1.3721566230167763,1.5485744152805692,1.391599163037975,1.3443787090520778,1.0141693300131094,1.128569719596533,320.95586410247324,-26.862815767934425,O
2.086799047088026,1.367488086991063,1.5467777200923496,1.3918320174371055,1.3491266521238972,1.017801932373398,1.1311087349183309,320.98512253984507,-26.92210554386407,O
2.0865971953300746,1.374746193122037,1.550111143192101,1.393932014697121,1.3460952167811675,1.0139559008572434,1.127561691712571,320.71936805055486,-26.35438871271269,O
2.089084169327658,1.381715618129718,1.5600703434073566,1.406226283860313,1.339096136373492,1.0177392984554756,1.1290820795085594,320.57551677130783,-26.679252229675527,O
2.083051147212536,1.3788327778319158,1.560097466594019,1.4096843410456483,1.335205775162382,1.0223751304072155,1.1314624163831708,320.20567893022866,-26.78882308222953,O
2.101163245597735,1.3856608384855549,1.5636796722099398,1.413967303484134,1.3437299742012845,1.0204281337917558,1.1284721547871333,320.89776194121475,-26.69923547367093,O
2.082927218038312,1.376669862922144,1.5477791373584229,1.3887619557755435,1.3457522250837544,1.008783582163797,1.1242921625908766,321.3855724735474,-26.7880257821074,O
2.0891645367144505,1.3746338072138942,1.5542322504478316,1.3998601006902909,1.3441778319247235,1.0183512826063292,1.1306518450888003,320.7497164724236,-26.91204286255119,O
2.092147358666536,1.3778083402622914,1.5614096046612715,1.409006612333646,1.3399093693421982,1.0226434048624031,1.1332560262801343,320.5017506769083,-27.074477519484347,O
2.091447062302626,1.3743878754885726,1.554955791065731,1.400532692602858,1.3450202728073677,1.0190228810807804,1.131380608631293,320.5374530395478,-26.70303580966972,O
2.095952985093373,1.382692302280769,1.5622986336106457,1.408835920890091,1.3415828062586173,1.018907763185054,1.129896095489657,320.720869141744,-26.734386334059938,O
2.099595024917347,1.3848102039534838,1.56153798336,1.407987141185992,1.344568654295297,1.0167365442328056,1.1276187732455882,320.77969550717273,-26.560557645890675,O
2.101380112097886,1.3749393198901585,1.5576737613226537,1.4081972048004918,1.3490502082499995,1.024188620129789,1.1329036407563742,320.6685883629452,-26.84705637032889,O
2.094271373029964,1.3840387023598724,1.563336452418937,1.406921419060133,1.339616542420869,1.0165332925020405,1.1295467747782997,320.25457499109655,-26.507213830180447,O
2.0916101329691803,1.3840745297501205,1.5634420007633982,1.4106946054329943,1.3378239371514185,1.019233123007964,1.1295937951012367,320.2924854751591,-26.636473081459737,O
2.098088514313013,1.3770439306297433,1.557121602147599,1.4064030732645592,1.347414685801871,1.0213204110499143,1.1307711885673128,320.8787185338747,-26.963429986104387,O
2.0888454238874736,1.3791006965602055,1.5594600882719487,1.404177162612435,1.3394670627333216,1.0181832016434882,1.1307804369627257,320.5212288515782,-26.894074658910448,O
2.089149773712625,1.3752284491172626,1.556898553002538,1.4054439554716405,1.341866346836549,1.0219712633008522,1.1321017638937638,320.36040229562707,-26.708423951529856,O
2.092063760317537,1.37800215984525,1.5596607075153293,1.4066756028950482,1.3413582519818497,1.0208079812102897,1.131827476736669,320.3900866460414,-26.69878564223736,O
2.086389245871674,1.3759794039325568,1.5569462437592452,1.4028532380716914,1.3400522042649912,1.019530695054249,1.131518567290676,320.4518174904297,-26.852160767570208,O
2.013013649859701,1.352148100959773,1.5458911454436892,1.346773030109485,1.3021703732457452,0.9960247913327892,1.1432853726203476,324.14224651703694,-34.38146097987101,O
2.013668109433088,1.3669394184383497,1.5709647883864462,1.3740677645462305,1.2818034651822765,1.0052148222603927,1.149257068159746,324.2453751808261,-36.17912330933856,O
2.0011687321534084,1.3438741369942526,1.5381014326987386,1.341838152969995,1.301064214368604,0.9984849890564816,1.144527891681062,324.4208201386279,-34.81725246872278,O
2.0173299578755,1.364972672425873,1.571185190655401,1.373186235244906,1.2839542848758618,1.006017382607694,1.1510744664675523,324.1680499763824,-36.13459486601251,O
1.992867099386305,1.3426561961799728,1.537673586087509,1.3390912931243557,1.296027399714266,0.9973448876445364,1.1452474508830968,324.0669013988648,-34.90718576334328,O
2.023195584085563,1.3615123504444455,1.5663992623004444,1.3690414502379475,1.2916218953744008,1.005529953357415,1.1504847986058415,324.3027497572647,-35.889484262552045,O
2.003009248632098,1.342520112310853,1.539099965049754,1.3444093571955058,1.3014159535552632,1.0014072376773566,1.146426002066019,324.0693251169411,-34.80487466325887,O
2.016115698424271,1.3595205391495482,1.5606119752453076,1.3601750381143238,1.2918750659383889,1.0004814189605291,1.147913496195911,323.94238441950444,-35.25509656113,O
2.0229938602464066,1.3612391481930353,1.5649332540957452,1.3647062292856311,1.2927029666931955,1.0025470036600097,1.1496387362742997,323.73701471224774,-35.1771179292309,O
2.011196990606306,1.3616157753848552,1.5611446942361564,1.3635847112260364,1.2882835255641394,1.001446028958224,1.1465383425033433,323.88881781950306,-35.270598541576675,O
2.0227932918805203,1.3695641759276151,1.57567472952722,1.374487205286269,1.2837632374084325,1.0035945955985008,1.1504935345289715,324.3318111792034,-36.31739330940376,O
1.9912672328884948,1.3389125082459743,1.532635811489622,1.3363780594846006,1.2992435763021306,0.9981070841106012,1.1446870516561478,324.2939460038774,-34.945009233742205,O
2.0153823682463816,1.356603568434041,1.5620154857749402,1.3627513665801565,1.2902448065337324,1.0045317573159651,1.1514163180169217,324.53517357906514,-36.25056096310329,O
2.0055562292639446,1.3452312024402355,1.5388871667920745,1.3462193939057652,1.3032509936675063,1.000734588570156,1.1439573836828565,324.2538074046347,-34.49402967573381,O
2.017314636011362,1.345040460118637,1.5456673486979104,1.3534265948065,1.3051415220168645,1.0062348568214248,1.1491604858946605,324.2743003938316,-34.90964929651236,O
2.025936193121149,1.3547289236548488,1.5579312727803256,1.3600321110197742,1.3004015186790685,1.0039145745486988,1.1499948407222815,324.4108196561348,-35.391035399528576,O
2.023962384124904,1.3655482503428176,1.5654617203253012,1.367427745439198,1.2928852605251355,1.0013763666687785,1.1463979540322329,324.0849546822609,-35.12114309939935,O
2.01227839154466,1.3612527734422633,1.5583433697783575,1.3610765772490725,1.2912933250589471,0.9998705632071954,1.1447861853296373,324.0926885874724,-35.077526856690504,O
2.017520277718189,1.3535934333281296,1.554386908095892,1.3584691187048534,1.2979524384888386,1.003602030902836,1.148341052655718,324.0974811846307,-35.14910569673726,O
2.0227245361630466,1.3669447966655246,1.5730502385981278,1.3752562985500385,1.28586137081398,1.0060803493343613,1.1507781751211674,324.12147064325296,-36.08333167387103,O
2.0047576572401606,1.348259824789615,1.5439054764245388,1.3440144568482977,1.298497665726848,0.9968512241755928,1.1451097540976218,324.3540876905518,-35.10796845313721,O
2.010054717307674,1.3545441835237493,1.5523531273397582,1.3527205115549985,1.294843732335742,0.998653663726194,1.1460335854836592,324.2952556184189,-35.306173404957065,O
2.00743779984796,1.3527352265599928,1.550893833081329,1.3515718887977006,1.2943747386367284,0.9991400107430848,1.146487355862872,324.24420533323814,-35.3443452302747,O
2.0115613095036187,1.356484216546441,1.553569114005327,1.3543063720722677,1.294800013317413,0.9983944933176456,1.14529096251533,324.3563185787549,-35.31105215058085,O
2.009274440163811,1.354999988179908,1.5511496403582872,1.3494433655486189,1.2953453283202938,0.9958991714540508,1.1447598921693392,324.31678382906045,-35.21144768971551,O
2.003834269342552,1.3536195219340037,1.5502842455841348,1.349234183687216,1.292559267792548,0.9967602873808128,1.1452880373423868,324.1870557504702,-35.29234992161884,O
2.00141439243019,1.3582763300129803,1.5567594030178162,1.3550712710510715,1.2856285875327935,0.9976403483657276,1.1461286401147397,324.0609855223084,-35.49718088630868,O
2.0021134014948547,1.3494794419108451,1.547518546842153,1.350804536027426,1.2937572900695389,1.0009819298282192,1.146752220731045,324.0836774165522,-35.2192307349334,O
2.002082398326199,1.3518039370089685,1.5489250141815671,1.3511803773821658,1.292562506251521,0.9995387203648908,1.1458207597832222,324.240780225352,-35.34454691658234,O
2.0043275122058835,1.3506506710754116,1.5482858914842872,1.349003200040774,1.294546132099935,0.998780238984129,1.1463259335972602,324.2729774161716,-35.34473227419408,O
2.0108552520620258,1.338135431251111,1.5357385458388668,1.339905258228454,1.3093734330693874,1.0013226067676038,1.1476704898270302,324.3687763551036,-34.5744746019749,O
2.007014121587522,1.3469374982919051,1.5482038493675825,1.354160368014866,1.296350039697522,1.0053624386670652,1.1494251599134402,324.56898751610566,-35.63506277226753,O
2.0269766903571744,1.3620657487242476,1.5668815477720226,1.3688811467155466,1.2936374758126226,1.0050037217349328,1.1503714481034502,324.28230621805545,-35.68733430146155,O
2.01426913656058,1.3755216429500536,1.5786409438627045,1.3793808951051614,1.2759514089581108,1.0028056644363883,1.1476671064782555,323.8834932110154,-35.91664262791332,O
2.021887772837147,1.3778937636508393,1.5849035741258333,1.3847640162530714,1.275716583548205,1.0049860539204625,1.150236408594016,323.67661353522624,-36.069153066965576,O
2.020387272376948,1.3665377581597995,1.5729771017558931,1.3756180594370464,1.2844352725297885,1.006644749640489,1.1510674274189745,323.97247758571376,-35.962284261994945,O
2.028593254036265,1.364525192488503,1.5715491833865345,1.3750381943713357,1.2908239051512502,1.0077045128523134,1.1517187018881487,323.54695351337125,-35.19822239274588,O
2.01714704300472,1.3582628369524137,1.5652611755441248,1.3726331623559986,1.2886967839750496,1.010579929754854,1.1523993243135189,323.50796929488644,-35.28578097183318,O
2.01196394637803,1.3560666571090692,1.5629864421170263,1.3706948949809623,1.2872561732863623,1.0107872557703603,1.1525882108546783,323.523623773831,-35.48290216131473,O
2.025344695430227,1.3617579477587547,1.5723113519283514,1.3795592883493486,1.2881320820753828,1.013072323623954,1.154618817915574,323.3512541167759,-35.47481795546328,O
2.0026747344807565,1.3436877827641935,1.5371509157324683,1.3433326582376983,1.3028484802524811,0.9997357090456204,1.1439792304803789,324.83454996911905,-35.10457087148192,O
2.01952132489204,1.3547999722885635,1.5478955597987432,1.3505518149464142,1.3046883635706126,0.9968643656413916,1.1425270087539177,324.86421698440256,-34.815412356621266,O
1.9958689071120108,1.3431230586792968,1.5369323906668333,1.3434705985523396,1.2986055334848252,1.0002587550491349,1.1442975241435511,324.7317939827725,-35.347465940660854,O
2.004874724493567,1.3452187403158462,1.540731620183886,1.3451034598622236,1.3012485096231656,0.99991430356256,1.1453390991431884,324.747132218538,-35.282917788292856,O
2.000395219874588,1.3484997503085825,1.5441345108463558,1.347291178281144,1.2954798988192748,0.999103765479258,1.145075859667757,324.3081785929247,-35.188470449365056,O
1.990644729446981,1.3510698596818442,1.5497848739914468,1.3525014561598692,1.284465194398308,1.0010596021129226,1.147079747864701,324.0271932381664,-35.60697110032201,O
1.9958461664470264,1.3451762809593784,1.5443950204230827,1.3486256140233182,1.2923158518733568,1.002564223821639,1.148098611522961,323.8694315597161,-35.14328240063562,O
2.014556631660931,1.3627058452220098,1.5719182876592923,1.3723334921568189,1.2815911917792886,1.0070650954999318,1.1535272217190775,324.05199873057177,-36.492759503024224,O
2.0160151328676315,1.3669438194409471,1.5716030294629553,1.369748371732707,1.2827763086945307,1.0020516953600234,1.149720278998525,323.853575519842,-35.81774460166999,O
2.003638149547086,1.3635578524861418,1.563602384030521,1.3633748021855825,1.2814243378052914,0.9998657553838104,1.1467077698094317,324.07004718546904,-35.83786566341932,O
2.015500657235929,1.3657299944508834,1.569711416046798,1.3707821688228246,1.283994393257213,1.003699248308574,1.149357063566528,324.1751658407479,-36.02538846465948,O
2.010388870290611,1.352877289518901,1.5510637947572825,1.3528385567474754,1.2961355149194271,0.9999713700778884,1.1464925952810243,324.3971852938302,-35.46144254289053,O
2.0050763018708104,1.353287243694982,1.5501311504856907,1.347552634163443,1.2934881679157118,0.9957624594791264,1.1454561163624444,324.1503898215828,-35.21514875732734,O
2.0138742958462843,1.3744357481966742,1.582622574481316,1.3838665004180577,1.272491829902215,1.0068615446256814,1.1514707592244984,323.9177000975349,-36.61027233391282,O
2.004700052580688,1.3665364407471532,1.5708765046892328,1.3700767989579692,1.2761665519832055,1.0025907528736522,1.1495313683917252,324.2298060204472,-36.582257520756414,O
2.001775294175856,1.3563815354865008,1.5564062175536009,1.352219257203807,1.2861522085939092,0.9969313366675986,1.1474693342794262,323.92157039775475,-35.58472671419921,O
2.001405362787689,1.351866382439448,1.5569458708201591,1.3606193284443855,1.2854688144896136,1.0064747123818132,1.1517010046589402,323.679607787675,-35.71405872446023,O
2.018165176981402,1.3712807079897864,1.5780658548868272,1.3797368853016851,1.2788852700485922,1.0061666274910954,1.1507970947831498,323.99557406220424,-36.28614653563416,O
1.9936412098215224,1.3450344420751466,1.544470029792698,1.3480856175237048,1.2908254426206722,1.0022684738420906,1.1482754504114097,324.2849506417149,-35.7223619096694,O
2.004964690721261,1.3499222132254152,1.548139161754209,1.350246189336415,1.2950804037858064,1.0002399961329815,1.1468358299365913,324.49943055448205,-35.4596914529939,O
1.9456651312294075,1.4149242306596803,1.5768408388579471,1.3357104389223475,1.2339007738019945,0.9440155239263937,1.1144348260420818,322.71037990062854,-33.15902805182947,O
1.919152725570507,1.392488069639519,1.5567104648147048,1.3230480932335769,1.2328257366721973,0.9501324442773011,1.1179345078465908,321.4942889548779,-32.38154316666186,O
1.986144562874364,1.4360130932157968,1.6062795343297005,1.3718531479309517,1.236487498238083,0.9553207797422194,1.1185688639736635,321.6637845044757,-32.46651120139379,O
1.9160137820873149,1.399316905361018,1.5605255520223469,1.325151834446252,1.2278003263735584,0.9469990888907102,1.1152052448188907,321.4220086810938,-32.206307696759914,O
1.953146602978832,1.4150131054604944,1.5800594568083064,1.3445816490982407,1.2361222196816284,0.9502255801798156,1.1166394506954762,321.29425936724857,-31.828350867892823,O
1.9159229511635387,1.3947346099530349,1.5540792304050142,1.3168873597832893,1.232834796115397,0.9441849011172336,1.1142472692043863,322.4696858707931,-32.9149528593408,O
1.900123410254803,1.3851764943306624,1.5400963492500472,1.3034718599815849,1.2337691802075057,0.9410150008439476,1.1118412386821828,323.5169351220071,-33.609617160296466,O
1.913264859516052,1.4019262476974002,1.5560185602690677,1.3037184334118552,1.2295899987113323,0.9299479452311796,1.109914706871889,324.1282620845471,-34.19259184214007,O
1.939299669164024,1.4168376205117512,1.5704797848664551,1.3176183330271984,1.2348453560826511,0.9299713064869668,1.108440206647823,323.17320239545586,-32.82190857005997,O
1.923541261750644,1.3941456857459706,1.5509127824631066,1.3108405725559735,1.2402639809930136,0.9402464792297353,1.1124467107849307,323.258002154113,-33.11470996631992,O
1.964901790550688,1.3954549736275808,1.5491858820774325,1.3135416687615418,1.2683447566122843,0.9412999298335656,1.1101654380508013,324.59480208251955,-32.67083605193474,O
1.9598162440237543,1.3929079031140037,1.5473842878037771,1.3096792039391782,1.2665349257263994,0.9402482396799112,1.1109020807078658,325.2558587119831,-33.47300204542533,O
2.0017062399608148,1.429833568429653,1.5900735154662164,1.3329328592912129,1.2588765365190715,0.932229378804651,1.1120689502433143,324.90091731640206,-33.75935808596116,O
1.959477322118546,1.390180059204717,1.5483594462715304,1.315618795510504,1.2655183696763648,0.9463657508244884,1.113783380807018,324.42221317171425,-33.09684678562633,O
1.993815296940412,1.4264701797151438,1.5792871669773951,1.320667954336723,1.262477995535406,0.9258293465345706,1.107129465049713,326.0456380066323,-34.09340290401918,O
1.9919051980268967,1.4272346552435449,1.5762309962742065,1.318909883928125,1.2637140131968183,0.9241016388458314,1.1043951255550453,326.3580665665256,-33.99439826360334,O
1.993767629475955,1.422775253859886,1.579141645057354,1.3207345746838262,1.2625641504144751,0.9282805355946198,1.109902383228312,325.0628102371306,-33.52410797715139,O
2.009636370494418,1.4333903430617163,1.5904772894925376,1.3336959100756645,1.2635429526539284,0.9304485107852024,1.1095911851165985,326.3713076801729,-34.6073222096151,O
1.9676755533023564,1.4026044706415306,1.5637699073314757,1.3087183484849891,1.2582896908792247,0.9330630094786456,1.1149044082372206,324.3380464426306,-33.756949452796306,O
1.977548766297373,1.4031480345173182,1.563065760203416,1.3242735985280942,1.2651731082894533,0.943787516321215,1.1139706729098682,324.6297493275131,-33.414308655790386,O
1.9617082454714945,1.3897866702683852,1.5456139218810756,1.308917560689576,1.2692097409966487,0.9418118540716812,1.11212314446979,324.73528888468024,-32.966844847159415,O
1.982205375452434,1.4115593460554834,1.5757926854878388,1.3336171872816038,1.257909999016639,0.944782938817497,1.116348873245249,324.2078227271687,-33.65769420864767,O
1.97630540678626,1.4058667361094168,1.563144628567386,1.3193628194432054,1.2643138521337811,0.9384693339387192,1.1118725469621813,324.2402637655265,-32.753026907452075,O
1.9797605122651345,1.411475834119334,1.576639308070244,1.3341303734240582,1.2556838473653795,0.9452024194636433,1.1170147373114334,324.18054296024866,-33.81908357390714,O
1.987377950869,1.4136575480058935,1.5658932348997634,1.3099243936831315,1.2691656790995822,0.9266207332397524,1.1076892258019726,326.0034632817936,-33.826400998417945,O
1.9659099880851856,1.4060530048460511,1.565615660079048,1.308556371574453,1.2556785411726954,0.9306593471685848,1.1134826743252595,324.58761754789896,-33.8028114985596,O
1.994183624797621,1.4161284676250163,1.5724230375134205,1.3214040372247122,1.2682233579782445,0.9331102844368588,1.1103675079355793,324.88115784857894,-33.08204628374671,O
1.9840066513571115,1.404291968878035,1.5652673473998528,1.3272840598762667,1.2675193503862765,0.9451624657062632,1.1146309899147466,324.4689357347645,-33.133694378850855,O
1.975403114057302,1.413632231401207,1.5690509731458664,1.3192915596751609,1.258979566544432,0.933263638426994,1.1099428396525783,324.5462832762107,-33.1084654293509,O
2.02705061613077,1.4335954557337611,1.5968472715697593,1.3497636147844752,1.2694079466586088,0.9415233630840592,1.1138757905398358,324.900443405342,-33.39328589251705,O
1.998596017337831,1.4097024968882206,1.5670432664829452,1.3187650962806745,1.275393002915266,0.9354917787204878,1.1116127480387097,324.8634087847631,-32.91078142291506,O
1.9874331180175369,1.4010311858551263,1.5546080994018496,1.3156518045174332,1.2784142310735551,0.939059613947436,1.1096170557067129,324.7316252826121,-32.25837498607908,O
1.9621356491417008,1.3946966334947932,1.5449409304928765,1.3021530171839888,1.270039268437097,0.9336460603056658,1.1077254317461176,325.65523221409467,-33.305223225637064,O
1.981104388822908,1.4085166946331402,1.5653592119125197,1.3161464812412107,1.2655909095794315,0.9344202211135396,1.11135297002655,325.65133260242914,-34.11267386390852,O
1.98583527403446,1.3997095978121978,1.5560277159258011,1.3102759128264758,1.2762210169585142,0.9361055428029426,1.111678964235106,324.67100468522204,-32.59167396192675,O
1.9667608927180489,1.3918253229052977,1.5434225199659597,1.2948169184883704,1.2742854709424778,0.9303013080589512,1.1089197003142734,325.3250364219115,-33.02097199856302,O
2.0169531071799853,1.4220055885726148,1.5888645898355065,1.350561534527708,1.269430460017237,0.9497582466489312,1.1173406086472428,324.6552619568283,-33.52847723666156,O
1.9811004503134968,1.4108447686058447,1.5773903599948316,1.337121192087449,1.2559354365015822,0.9477450828334238,1.1180467157655922,323.47499626427515,-33.3016454476939,O
2.0030437535110304,1.4120354414618412,1.5705091090046226,1.3249933107291758,1.2754104653239131,0.9383569787437112,1.112230658586528,324.80550718656787,-32.789343769223706,O
1.9772057088613064,1.4028555765294808,1.563349644503793,1.3224105316241643,1.2647239315993648,0.942656217609849,1.1144052678404417,324.17269267181854,-32.97614467576612,O
1.9255115800858684,1.3956337326753951,1.55163935349558,1.330897705788968,1.2409530447574804,0.9536153179944068,1.1117812053174767,320.8352493617936,-30.711415729062885,O
1.8760562024946617,1.3579738340013567,1.5089938799919531,1.2972982471720298,1.243249709206684,0.9553190309635478,1.1112098349830544,320.9091327467494,-30.562915612685813,O
1.9219173631756703,1.387027162981802,1.5455717485663172,1.3322217334548443,1.2434992842994537,0.9604871259989328,1.1143053213490637,320.40398740303567,-30.5273775248786,O
1.9199927699204584,1.394552045066407,1.5544095150393558,1.350088634076599,1.2351910814646851,0.9681163487966556,1.1146299778043325,320.4105940315949,-31.05351736423555,O
1.924793413084141,1.395105742518582,1.553501520697378,1.351340269705423,1.239003237164575,0.9686292791439958,1.113536754492061,320.6793482868943,-30.966864075749083,O
1.916837612890016,1.390592831689388,1.5534718951241369,1.3542534110775433,1.2339055626988622,0.9738676773073128,1.1171292269908168,320.20828243765334,-31.22452634340112,O
1.926503270406018,1.394840899691573,1.5621975923709417,1.3604529862235624,1.2332007678248762,0.9753463542145814,1.1199826393937649,319.64756651696683,-31.32611103071898,O
1.9276134997909733,1.39595427356573,1.562462539210404,1.3623192589086524,1.2337022177601134,0.9759053607313636,1.1192791689511123,320.0633661567288,-31.565691444018224,O
1.913889853155628,1.3844908789335284,1.5523580786498137,1.3555177399378993,1.2328919979726989,0.9790730734044654,1.1212483247600684,319.7401849759317,-31.407855827648884,O
1.938537356649442,1.4032750118958812,1.5711264897441075,1.366509200661166,1.2338518695367264,0.9737999957791288,1.1196141001765951,320.1965149926423,-31.60371655597837,O
1.9189791906082505,1.3894956411281525,1.5485114462495522,1.3465257836846167,1.2392412050010737,0.9690752124931836,1.114441384639604,320.30988303693323,-30.70245675688763,O
1.9472748647246283,1.4009386609759604,1.5702321508422314,1.3655114376063335,1.2401190891933789,0.9747117954865014,1.120842899537324,319.65148937682545,-30.84156915232888,O
1.95169215532037,1.4094939412460166,1.580031831093698,1.3718355991399114,1.2352233144375382,0.9732823668097398,1.1209922830153658,319.631930784761,-31.102118098511475,O
1.9391618877644847,1.3924463817533037,1.5604113259942478,1.3532631775953738,1.2427248222701206,0.971860170221713,1.12062578957579,320.1492579200535,-31.22711432140854,O
1.9405364356271544,1.3942662329678446,1.5600904517685292,1.3515806800294698,1.2438614911253054,0.9693849338605052,1.1189329662296348,320.5908697166904,-31.398136628920632,O
1.9419991378639176,1.3986537586472565,1.5653063191397878,1.3609634960755237,1.240651183808637,0.9730524711075126,1.1191521200026755,320.169335835341,-31.13283364152808,O
1.934386351052723,1.3966354734066426,1.5640201611864997,1.3575965856081962,1.2368039741797543,0.9720479047383612,1.119848515211758,319.9727185393342,-31.157430128156737,O
1.9217802445985497,1.3754800477508895,1.5310815728945524,1.3227823003383252,1.255178220821619,0.9616877413098556,1.113125250633838,321.6819553829653,-31.08507899301042,O
1.923472279337962,1.395005823545046,1.5568608684795835,1.3515182706834414,1.2354811648753223,0.968826257118345,1.1160246374622471,320.39691220136103,-31.23662910978713,O
1.940612157161993,1.3934414188472348,1.5523601899250583,1.3469103029706897,1.2501043055321317,0.96660705269186,1.1140476872068965,321.4079338694996,-31.16064724244462,O
1.9614273837662648,1.38682815014216,1.5517730022952227,1.34930826223113,1.2639911771020145,0.9729455391375031,1.1189367638204883,321.2845452700352,-31.00337913836976,O
1.9216233489368648,1.37934460452706,1.5401375183041472,1.3411007305811782,1.247695953185254,0.972273880058425,1.116571967040984,320.64270970974314,-30.956144887237294,O
1.940320549172029,1.393953849167272,1.5562293031414598,1.3577499738977643,1.2468089022968716,0.9740279240298124,1.116413792372774,320.54417958172854,-30.924302567002456,O
1.9215724969364183,1.3898734064985123,1.5469250162797696,1.3484891512788826,1.2421885202669007,0.9702244427254072,1.1129970607732649,320.74683874669523,-30.889107715066302,O
1.9269285669665608,1.3917313517719894,1.5487734337303187,1.3473994296951697,1.244164268963106,0.9681462072257156,1.1128393649811648,320.8464680127333,-30.855250486311363,O
1.9265384236145264,1.398091549533958,1.5602322243376356,1.3589897079838675,1.2347767169290444,0.9720319877742448,1.1159728594724183,320.7095414138076,-31.6326989619231,O
1.930146355823212,1.405317636912228,1.5664042238115217,1.3641597869518216,1.2322147287924174,0.9707127777526234,1.1146264607147705,320.77841216458694,-31.634281315169,O
1.928698078655244,1.4091117566711622,1.5717167781577603,1.3700346891355033,1.2271282622024997,0.9722682978474516,1.1153954047411618,320.3996237382454,-31.72604205708369,O
1.919995858156012,1.4014664432717792,1.5599278183996848,1.3578097298876162,1.2308235262614375,0.9688492624323956,1.11306826209693,320.2887258725446,-31.12978881686613,O
1.8932581289782064,1.381992713154521,1.5404035651929096,1.3434918255468675,1.2290663120745944,0.972141034289702,1.1146249546257023,320.35473881799845,-31.45489744588199,O
1.9056602246444547,1.391493678471874,1.5502990698159418,1.351215249170747,1.229221033378226,0.9710538179768372,1.1141258446236466,320.13084489029376,-31.13551236901552,O
1.9159444793864768,1.3986197354630052,1.5591472143519791,1.3580108647500708,1.2288412933366215,0.9709650381134576,1.1147756425986883,319.78665688172333,-30.882161981999715,O
1.912887221740956,1.3908970254923336,1.554441020189649,1.3532572266481355,1.2305949192640158,0.9729384719685666,1.117581669742536,319.6741344863387,-31.111340267962728,O
1.919893091751171,1.394962396729245,1.5589508348648002,1.356680790584854,1.2315289544828227,0.9725572486870258,1.1175576047928295,319.7787490384726,-31.18342959081652,O
1.9424267610257429,1.4177950391284024,1.5832669369452252,1.383735466860162,1.2268472963715678,0.9759770831973156,1.116710732687108,319.67443416338,-31.2299797612178,O
1.907161988147013,1.391021732829795,1.5530651657580468,1.3575332729431808,1.227998689427905,0.9759252791698032,1.1164923804595075,320.1071510603137,-31.4611342798625,O
1.9067524334976471,1.3903122968739692,1.5440363151652508,1.3441420455789488,1.234914240532987,0.9667914529715148,1.1105679771637786,321.074119471112,-31.24707515868467,O
1.9166679275249576,1.3859934795612625,1.5426797904119685,1.3433207432797478,1.242427585709875,0.9692114451396824,1.1130498181710822,320.8316593838348,-30.915650759282496,O
1.9160726400960155,1.4023858002970782,1.5576336539472262,1.3515388518130742,1.230117643670874,0.9637425389837572,1.1107026708465393,320.5238397362075,-30.92410708960651,O
1.920487414772924,1.3991895122492215,1.5612581978605444,1.3584982193341233,1.230089563279569,0.9709179546023852,1.1158304033817368,320.0983263343159,-31.2133933796622,O
1.9235740443071847,1.3918323081436932,1.5500779421335116,1.347373492772446,1.2409531108220258,0.9680573477773752,1.113695905077008,321.20878854262844,-31.45461718262856,O
1.91581509725374,1.3954958123099952,1.5593144273828026,1.3603958022241325,1.2286265448523417,0.9748476421238692,1.1173909757576663,320.43477490798693,-31.851141259919125,O
1.917357717168368,1.4013307969221105,1.56284385813659,1.362435209208438,1.2268389495125072,0.9722438215165876,1.115256912621365,320.13665491793176,-31.420173066062297,O
1.906671617498952,1.39384863286348,1.551056325823213,1.3508588322808863,1.2292729707846028,0.9691574826928828,1.1127867755889465,320.135426922542,-30.910492419908085,O
1.9378543212233392,1.4000803996385152,1.562325858923244,1.359993911995113,1.2403650046213213,0.9713684388026916,1.1158829588119503,320.5639319691129,-31.1473657361684,O
1.9320632642089552,1.3941498737742235,1.5565050943638004,1.35286233535185,1.2412829686231506,0.9703851506935904,1.1164546392347696,320.4530471212571,-31.10481354813012,O
1.934887350523057,1.3938025347812577,1.559353133416854,1.3561640886310695,1.2408269230737572,0.9729958547133116,1.1187762215266583,320.1488687542874,-31.082806808733444,O
1.946921648681122,1.4083587566236255,1.574698209178499,1.373038189127099,1.2363776356212457,0.974920759834516,1.1181087217816947,319.445408619645,-30.40656549351524,O
1.9353453742588105,1.4090499099816252,1.573294490136292,1.372433807815098,1.2301227687457,0.9740136230043088,1.1165640613516723,319.6594231852959,-30.76475869459712,O
1.906291086091916,1.3870012156708311,1.5476922613931718,1.3463544215040957,1.2316990487346284,0.970694478341119,1.1158550143336543,319.5257638258326,-30.68796702844851,O
2.0909672813881293,1.3693421279311715,1.5442489918377411,1.3886363151588168,1.354035063283262,1.0140901143944174,1.1277305797717787,321.34075728334614,-26.85834486841113,O
2.090027377369018,1.3738262293516974,1.5510369487469626,1.395607114740361,1.3475032809872711,1.0158541778598462,1.1289906362312576,320.72549111106906,-26.53507392619914,O
2.0870439435215147,1.3695599469532398,1.5504421957411103,1.4040066301422438,1.346095939116201,1.0251516432454344,1.1320732613349755,320.16298725322434,-26.325792308515908,O
2.078146296148305,1.3718811023620705,1.5538821762170372,1.4067122469513047,1.3373898793328085,1.0253893318664882,1.1326653407074432,320.07260954962766,-26.75271192848491,O
2.097314703399761,1.383250954862821,1.567037656112578,1.422106146988768,1.3383945785978533,1.028089763458577,1.1328657685748598,320.2680999310043,-26.95183392265369,O
2.0773206556923705,1.3744051819075616,1.554097918821911,1.4053815249784023,1.3366729538297626,1.022537999331353,1.1307421852593358,320.241519849918,-26.729251663742023,O
2.089963561202083,1.38399345757589,1.5681271853740384,1.4222777722723938,1.3327768185484097,1.027662207857225,1.1330452299396447,320.35006710248035,-27.24771859193894,O
2.061343916637811,1.3657665245299082,1.5427323611930726,1.386555270674572,1.3361643072319231,1.0152213030348065,1.1295725392918643,320.82110722496856,-27.31478366031128,O
2.080713538102785,1.367109333510732,1.5450379721175496,1.3903874657568325,1.346707055523733,1.017027264517551,1.1301495310180476,320.9815224954636,-26.94228230491225,O
2.07890875135895,1.3646228732402184,1.5386347151748307,1.3832744729333986,1.3511385976513142,1.013667951826788,1.127516433548729,321.4067038723702,-26.886013381619648,O
2.0706545689954114,1.365327517729929,1.5385057645198563,1.3851598387234216,1.3458867797233312,1.0145256875994608,1.126840076495245,321.3458597823715,-26.99782907677692,O
2.073657642820428,1.3599537137580238,1.5342000862165015,1.3760693280278409,1.3516213833192283,1.011850119681856,1.1281266933541252,321.3755075422104,-26.88531694642137,O
2.0646245981385007,1.355683156774562,1.5271298551433956,1.3694439393779645,1.3519640069800318,1.0101504415206737,1.1264651681420452,321.6932476847888,-27.02750127093312,O
2.0621057782399577,1.3544655765056737,1.527829114068358,1.3704062098154983,1.3496966115201907,1.0117689467981532,1.1279940520968703,321.5565590805579,-27.27955183371694,O
2.057669327311267,1.351377736272564,1.526271988887732,1.3675844067007192,1.3481668682203818,1.0119927019612276,1.1294192200454405,321.3353422587916,-27.37833326644467,O
2.0732803039179464,1.355002280596218,1.5316044751661428,1.372178674736645,1.3536656085397274,1.0126762843032773,1.130333503565926,321.3324013796431,-27.253803448750908,O
2.050880431586545,1.343639835202128,1.514085119443485,1.3589054807860628,1.3545344348542068,1.0113614118783836,1.126853402061957,321.5452093294401,-26.87879619088132,O
2.0454521765608007,1.3424123288069754,1.5123553153080098,1.3560661702639278,1.3524944540854933,1.0101711234051962,1.1265952217915531,321.73728550578187,-27.22033100815382,O
2.0440134616691563,1.343614320007175,1.5163266043058186,1.3579299849125996,1.3480034287236655,1.010654593875829,1.1285430511768595,321.57307612027034,-27.476532756395045,O
2.048499003619192,1.3431227851624783,1.5178695828698567,1.3605895810359108,1.3495882826415604,1.013004615859688,1.1301048568588157,321.4460466308166,-27.436096347968324,O
2.0794372145213083,1.3592725958546237,1.5326191664259714,1.3713474683512283,1.3567866434624476,1.0088833340224983,1.1275289232638128,322.17230100469897,-27.75288651374929,O
2.0714900034103607,1.3458722625051247,1.5208637788022017,1.3622464197025388,1.362048351918684,1.0121662045155282,1.1300208951266728,321.87163203006634,-27.569293070109783,O
2.0782432697831807,1.3580143439869412,1.5303543273154625,1.3685054440047577,1.35801443671468,1.007725323421118,1.1269058637647045,322.1385810731637,-27.55921891862969,O
2.0668117158784507,1.3513046501060215,1.5203305248736196,1.3619597650250612,1.3594489369673468,1.007885057539174,1.1250834700778514,322.3780433641894,-27.50630365001367,O
2.0748471850887964,1.3569334569041414,1.5275783754579806,1.3649513155994777,1.3582590709735205,1.0059088075797238,1.1257577648230206,322.25715422241507,-27.53194005998977,O
2.075689153616626,1.3625420274062492,1.5298845526684854,1.3672973966651645,1.3567619530481083,1.0034900716185375,1.1228164136564591,322.75181230514534,-27.851387403989907,O
2.0669425612830774,1.3540484733565037,1.522544748426357,1.3645127811895328,1.3575578408578064,1.0077281633847934,1.124438879689568,322.4444153366059,-27.68583927476136,O
2.080548660156455,1.3605585786454009,1.5302733597919622,1.3711423746120046,1.359592811861602,1.0077790079256574,1.1247390474841097,322.4065595045527,-27.59247705478775,O
2.0704310992244084,1.3595023193743825,1.532136114760308,1.3710924966001907,1.3513362678930867,1.0085253089021151,1.1269830826514282,321.7351384407619,-27.4404640532732,O
2.0624034092549888,1.354758232485768,1.528334077448764,1.371748734163354,1.3494454122869148,1.0125413533353558,1.1281231151070483,321.5898176082045,-27.38119770598813,O
2.056432924374405,1.3610470461777662,1.534575436871579,1.3814303945304447,1.340066362958798,1.0149762261414264,1.1274962472319623,320.8996294601798,-26.85989398678581,O
2.0558042880328684,1.3507154734049505,1.526710583068713,1.371518251767548,1.34655795985947,1.015401303066557,1.1302976926888275,321.3051692819501,-27.436032275547504,O
2.052994446538932,1.353199445035619,1.529230121464228,1.3720679426168378,1.3425019673122858,1.0139436190654971,1.1300847979759374,321.2154359628397,-27.553044712597305,O
2.0574014794884588,1.353650092174297,1.526855395436712,1.3701268504420534,1.347476313498568,1.012172095553357,1.1279542654809738,321.58024814579807,-27.53797613901989,O
2.0564037450022217,1.3539570815599982,1.5309697709042227,1.375700374721227,1.3432033630472446,1.0160590711901862,1.1307372971824738,321.1464784581653,-27.51098986999365,O
2.058541615261689,1.3690074197275608,1.5426188210388534,1.3862231774527642,1.3344460648259142,1.012575357501444,1.1268155298572755,321.25650231037787,-27.42945030547127,O
2.0556336950908243,1.3638228787184128,1.53822186683472,1.3832491039451351,1.3363700903048594,1.014243950244461,1.127875100819683,321.18202062177073,-27.481468113776085,O
2.066044517819884,1.376858933993858,1.5457527948684284,1.3926585129627729,1.3365943925048775,1.0114750891168531,1.1226660601930074,321.6411575136463,-27.27898524041428,O
2.076549889958811,1.380234174674643,1.5529671854118443,1.3983803508065618,1.337149882795568,1.0131471720269472,1.125147611837621,321.3948136870183,-27.238495030740648,O
2.06217447898245,1.3579950855001028,1.5355250599446617,1.38755598747997,1.3429767659127414,1.021768047834268,1.1307294675364603,320.56375075619945,-26.86323787318837,O
2.0542974819386344,1.373624475828928,1.5527709284251918,1.4008302438416085,1.3229881139145792,1.0198058264768926,1.1304187976762397,320.5888121608699,-27.72914829055354,O
2.0604413774590866,1.3690709291840868,1.544791166122517,1.387813649400504,1.3337993009313165,1.0136901016717863,1.1283499877125818,320.8310293300218,-27.357343361265283,O
2.0543382411122515,1.3602463878215167,1.5362064521485257,1.3802089778028002,1.3372800499822606,1.0146757162231868,1.129358964598182,321.15224765185155,-27.571603756926383,O
2.056087479589207,1.3568415423487536,1.5309297128139023,1.3753043201004322,1.3430319252280016,1.0136071731115477,1.1283039802597687,321.39823672599306,-27.534735948093225,O
2.0465992469230536,1.350647936123892,1.521272948170426,1.3634927443607092,1.345320213170435,1.009510108365974,1.1263282662217633,321.86407580554135,-27.726287018835546,O
2.065084932329421,1.3664000608444664,1.539302471942877,1.377701675916673,1.3415718937441268,1.008271087945665,1.1265386441739127,321.66650039630366,-27.813709438755605,O
2.0504745122974826,1.3473472345693185,1.5217254404078429,1.36840065022737,1.3474668017299678,1.0156258276395849,1.1294233597430914,321.4950501694708,-27.55885194390138,O
2.0586225661800794,1.359915022090172,1.534797617436773,1.377790704084083,1.3412990369493365,1.013144705149618,1.1285981789345991,321.39129217315514,-27.62540777028544,O
2.0653675174784905,1.3711210671643237,1.5464654355795242,1.3897742467528855,1.3355406916705592,1.01360432717086,1.1278839430115666,321.03845099773446,-27.40528879292692,O
2.072019199855881,1.3720631367233718,1.5514904770582056,1.405258770514927,1.335502364013638,1.024193955003288,1.1307719269853171,321.063483048319,-27.723311241177186,O
2.0544871277473287,1.4145830299020046,1.6000237841261356,1.4380610735157544,1.284035367555115,1.0165971477937044,1.13109216659907,323.40202266664653,-33.5127384146536,O
2.0721227273219185,1.4272070524998663,1.6132764704395894,1.4492157887356485,1.2844188614226186,1.0154208432457168,1.1303731071212182,323.5281127485263,-33.59622508831156,O
2.04540901633908,1.4185785040627328,1.5957995812648142,1.4308300322993994,1.2817455527328248,1.008636482367087,1.1249286357396011,323.35276898623243,-32.974001533623415,O
2.024967709457441,1.4033278996693952,1.58591873299784,1.4257373716772517,1.2768420394591553,1.0159688067294437,1.1301127365681682,323.1608486973164,-33.564092182083314,O
2.014577297183813,1.4011753263008189,1.583364489528705,1.4239251223824758,1.2723395721622257,1.0162362237292015,1.1300259573574392,322.99424371699166,-33.459294490936124,O
2.015188679605705,1.4000316076593138,1.5845735342856329,1.4253763966834576,1.2717545989522063,1.018103012021648,1.1318126859541773,322.92088619612906,-33.69370929701798,O
2.036262137535948,1.4049425169767056,1.5917388621959911,1.4284092976833846,1.2792689717499792,1.0167030183962098,1.13295657506419,323.3368771987592,-33.88876130171096,O
2.0344346583540585,1.4080908911643533,1.5943728268426054,1.4307086506661224,1.2760093650008597,1.0160627127436828,1.1322939711116342,323.24298333777926,-33.87586902420811,O
2.0335133664752707,1.4032100796892664,1.5884914404042525,1.4281791791097016,1.2801538080417767,1.0177942702820126,1.1320410702551509,323.35988866674995,-33.77533147534888,O
2.074982525086865,1.4297249186499446,1.614508299244654,1.4479469086578745,1.285210194371651,1.0127451020614069,1.1292440092386415,323.7694600776728,-33.53199522359613,O
2.0327010057195034,1.4108354886716905,1.592045133780445,1.4313984149998689,1.276786042423737,1.0145749993484632,1.1284413714878725,323.25643078643327,-33.4082860754854,O
2.0253388254727547,1.3979606909404478,1.5793364072306384,1.4213609513652563,1.2823986176727098,1.0167388543729845,1.12974307322488,323.3322838079809,-33.32142347074623,O
2.035821905877476,1.4157684401394175,1.5941199824646568,1.4270865513130018,1.2770819814515513,1.007994323685072,1.1259750798708834,323.38104411168194,-33.32296764615084,O
2.020397261376229,1.406801056996686,1.584426715517461,1.421796547406074,1.275159804861271,1.010659282870743,1.1262621019776455,323.3657912871088,-33.44150184621713,O
2.0367495887691653,1.4108902045785805,1.5898023855895145,1.427465988498466,1.281133810862863,1.011748457722716,1.1268080113040218,323.38744162912235,-33.09174563067283,O
2.0053499504398267,1.392593684109796,1.5765270714424684,1.414410123169048,1.2720047671652095,1.0156660476836774,1.1320797224857806,323.3257911120438,-34.06476357806888,O
2.011744183627379,1.3877414363684493,1.571224936972974,1.4072453230404485,1.2803667611736624,1.0140544096766604,1.1322173538931566,323.40656932917256,-33.68516312063346,O
2.026411702289469,1.402418286878345,1.5865647014656583,1.4222223544935262,1.277232312314451,1.0141213700651774,1.131306341560339,323.48745582688497,-33.916372692018214,O
2.044140857829249,1.4031518865647348,1.5875868857757054,1.4218525984899026,1.287577313811375,1.0133276462115244,1.131443360463644,323.5783235709016,-33.53035805278855,O
2.032835441941107,1.3958634591101355,1.5820300132801204,1.4215791646320457,1.2849537776633606,1.0184227944030455,1.133370175252432,323.57705536025696,-33.8678113760681,O
2.080952222890907,1.4281506105033108,1.615495948229108,1.450648844864371,1.2881197412918477,1.0157534045748378,1.1311803785594945,323.706941374749,-33.66465672883663,O
2.072195781439917,1.4281348969692025,1.6111911086585091,1.4437540925464627,1.286126624150281,1.0109367788788073,1.128178515963576,323.4277703198271,-33.24914722173171,O
2.0502257122077285,1.416188013698919,1.5995778892374282,1.4427019854904484,1.281729214940036,1.0187220704702042,1.1294954298190367,323.3575838874524,-33.33594437721973,O
2.0368986239201807,1.404724683409617,1.5890809810717597,1.4260868288981376,1.2818092017855436,1.0152073539682305,1.13124016388369,323.5810171866593,-33.71837115147885,O
2.060691082560012,1.4116559266017106,1.598318950753461,1.4349719846280002,1.2892865229362294,1.016516813755331,1.1322298306791412,323.507581529069,-33.39412793104313,O
2.0199552177525697,1.3957263501663235,1.5811665912002075,1.419918126766074,1.277509421837261,1.0173327505043288,1.1328628932252989,323.1323232481681,-33.71184376074806,O
1.9903189920679696,1.392523143238009,1.5700371174512953,1.4084875669409578,1.2676891329161282,1.011464386628309,1.127476498380139,322.86631512946013,-33.363951450604496,O
2.008713861918835,1.3978074060503003,1.577022947700957,1.419266827553296,1.2737378773385724,1.0153522018914125,1.1282118987744207,323.32479796061864,-33.54595425631938,O
2.011965580918378,1.3988276710441296,1.5780320599564035,1.4193425871221084,1.2749839702077803,1.0146657922935325,1.1281104117553735,323.58217835737884,-33.69550244908704,O
2.0196295844151675,1.4044923929464896,1.584519279767921,1.4211018306952623,1.2746008270161129,1.0118259364252788,1.1281793249472518,323.7108644189557,-33.934369842638944,O
2.0158762517823803,1.4018178828141157,1.5818516994160208,1.421222729279374,1.2743775238390491,1.0138426301327417,1.1284288200407973,323.6265772945061,-33.79127162122365,O
2.042169608611561,1.4092326511037212,1.590691597202646,1.4220543638242165,1.2838249804065565,1.009098364780615,1.1287643640365592,323.81951256628327,-33.701545293678954,O
2.076764643700188,1.422243308831101,1.6092284499764138,1.4366577512379584,1.290534382318823,1.010135004550455,1.1314719780956397,324.0562509164848,-33.8691523205449,O
2.0784615916128364,1.4200506992780482,1.6074235258641143,1.4420226642275362,1.2930391761533429,1.0154726623216048,1.1319479837454582,323.9890992156894,-33.721040887232554,O
2.0818752829780283,1.425316613259246,1.6090108205252316,1.437644167965677,1.293885197303048,1.008648993908969,1.1288795805487282,324.0065112272421,-33.29506359731505,O
2.084729346996504,1.4213752628857508,1.6057328028316695,1.434995492132724,1.2983040162847368,1.0095824302016632,1.129703636161239,324.2320980369865,-33.41580937281671,O
2.0798562788650843,1.425834559775741,1.614361005476895,1.444499094200783,1.288346455228382,1.0130902525100651,1.1322218236390666,323.6254075128588,-33.51664585831018,O
2.076163368267634,1.4256428535836578,1.612029352132907,1.443486969931649,1.2879190850468214,1.0125165403825622,1.1307385633651,323.7257698228533,-33.49348890267478,O
2.0238098313154267,1.4052460582840742,1.5910224383203628,1.4327124519419066,1.2720184094021678,1.019545611600129,1.132202028919503,323.46554233876753,-34.250204496784626,O
2.033049195388291,1.4094091540726787,1.5989204070311769,1.4336494825920565,1.2715136953960018,1.0171989293877737,1.1344614886393207,323.1168382812343,-34.23833970594176,O
2.086890872098452,1.4358844087320826,1.6234022509700494,1.4565790065859396,1.2855044834707163,1.0144124399763703,1.1305939677996428,323.374470081816,-33.33875154771862,O
2.079129332123678,1.436857374639314,1.6227428100023271,1.455047002323229,1.2812439034135643,1.012659313307614,1.1293694410064012,323.4912871449427,-33.50279413309634,O
2.0847441896231405,1.4323438863992963,1.6205485121942822,1.4538053040538723,1.286443555336903,1.014983425320107,1.1313962572689893,323.52834489152383,-33.51494633561153,O
2.074540857366347,1.430476510209281,1.6166605814791155,1.4496201651246532,1.2832259789920204,1.0133827118297605,1.1301552803845734,323.68160995776446,-33.65359098517408,O
2.069641057214949,1.4244962026472985,1.6121215565623015,1.4452462164749271,1.2837996296186651,1.0145665631042515,1.1317134812759193,323.46740524259707,-33.58810123956767,O
2.070710416622933,1.4294211872125742,1.6175474052897312,1.4504069987152328,1.2801543929106871,1.0146813351378832,1.131610066899883,323.3656323978345,-33.71277248837134,O
2.067538110875156,1.4180479699317932,1.6036830922510763,1.439634081144603,1.289243567426386,1.0152224125491665,1.1309089158163048,323.7989470623155,-33.687220305613714,O
2.070278907383101,1.4292553251750677,1.616214567452657,1.4494351822150535,1.2809431056212437,1.014119140705328,1.130808847785604,323.4724595508498,-33.655652770850914,O
2.06533467569533,1.4324800257374064,1.617681303284318,1.450842130030331,1.276725317590157,1.0128184016272563,1.1292871622775853,323.4766099088102,-33.76111792875196,O
2.071746849768581,1.4263499760850749,1.6130413858362902,1.4483064749574135,1.2843730284666393,1.015393486339589,1.1308875191091812,323.73580685042475,-33.74485279220728,O
2.0709777406362453,1.418553542583367,1.6054287551949828,1.4424843058297918,1.2899842076048529,1.0168698343263405,1.131736453367345,323.81242149705673,-33.78454830420913,O
2.069266332831667,1.420191397209141,1.605489968435559,1.4401693558232884,1.2888690515133063,1.014067088882109,1.1304743653500182,323.84034327593275,-33.72012170774607,O
2.075888085865511,1.4252359002659172,1.6113774609971396,1.4471685353019506,1.288269282717239,1.015388775312172,1.1306040359329237,323.5693981141144,-33.527397855004715,O
2.0684338523736385,1.418570903922429,1.606213859777978,1.4436055208096348,1.287769894265233,1.0176477727112432,1.132276050028029,323.7092365638556,-33.82035245009182,O
2.061458851016932,1.415710838879835,1.6027522736588091,1.441553735520269,1.2861992991037683,1.0182543609406014,1.1321183886159754,323.4526832360337,-33.619492573442834,O
2.0622395271218656,1.4198043721136977,1.606561349037234,1.444257275386392,1.2836357157214735,1.0172227271256329,1.1315371191916437,323.4147445562781,-33.61049895984319,O
2.0642531049543265,1.4157903195916577,1.6032132327489697,1.4433214814928788,1.2875723969760586,1.0194457904678722,1.1323804171873195,323.6265216464823,-33.66682243489739,O
2.0747353629325263,1.4258545165659753,1.6126956253069855,1.4501990479529796,1.286501513599374,1.0170736432813887,1.1310379891989248,323.7723821312816,-33.74606801108978,O
2.0654546684708834,1.429054551550839,1.6171063095841005,1.4537110545847245,1.2772534843439531,1.0172537171566527,1.1315917281318504,323.4065132868124,-33.86906754944683,O
2.0740751933875416,1.4327729832850695,1.6211683656596658,1.4599839354199773,1.2793706300477832,1.018991809904538,1.1314900438327935,323.50518684519454,-33.8529667191626,O
2.043829378119008,1.4234138122399658,1.602528825275079,1.4459225036012708,1.2753776068696787,1.0158131747547707,1.1258348145106498,323.21564725500866,-33.29460165325797,O
2.0562669529367845,1.4305371659336366,1.6142770046659556,1.4517789190119477,1.2738005602466538,1.0148487949730742,1.128441150015422,323.22805801538016,-33.63418121129259,O
2.0621055377389435,1.4310306034255853,1.6145078732267348,1.4499402953285732,1.2772347363148162,1.013214037392158,1.12821337947766,323.32171358604523,-33.528560682917906,O
2.0564664108641515,1.426742253514476,1.6087558514195917,1.4434332821591938,1.2782961498163272,1.011698699329611,1.1275728657063069,323.1513707898212,-33.233503685468634,O
2.0108357837357778,1.400078568713969,1.5797106008824304,1.4215685418832114,1.2729140278051687,1.0153491194347628,1.128301394066378,323.101530864548,-33.49922541775787,O
2.003758831498543,1.3939910764468342,1.57669659475653,1.416778360992185,1.2708588565246182,1.0163467936993067,1.1310664905943275,323.420893017244,-34.11988784474306,O
2.0280988846883576,1.4075155134794022,1.5935257628418882,1.4281136616098906,1.2727117012977898,1.0146344022024805,1.13215502605912,323.4716297376194,-34.28858857548802,O
2.0218296038037384,1.4016628128701154,1.5847160332889132,1.4193231724237152,1.2758308500278384,1.0125995777240016,1.13059718695395,323.4544203486596,-33.92176626501795,O
2.042204169183187,1.4091558979281116,1.5938166029419574,1.4282555087340865,1.281329461252675,1.0135539373848252,1.1310434887192775,323.3881674062351,-33.61563111232977,O
2.045606728169702,1.4072090681435665,1.592633959914845,1.430650873139498,1.284417373769348,1.0166583669240112,1.1317678346231073,323.5085363429876,-33.67866151202623,O
2.043450408057172,1.408827699616522,1.5910360364869602,1.4299035789593562,1.2843520581527188,1.0149598700739424,1.1293333009565576,323.33649767829843,-33.31138637879803,O
2.032286486848189,1.4108824716549264,1.58835352328836,1.4235272884004917,1.2794925418371326,1.0089623459073334,1.1257872680388927,323.40438315260826,-33.22093705809051,O
2.019507435209456,1.4001693288678547,1.5834897305347402,1.4243273439120316,1.2753524044184823,1.017253638217965,1.1309273084956903,323.2277214307397,-33.72289291212587,O
2.016382697318946,1.401009071372228,1.5842834749597654,1.425105466438561,1.2727411029583289,1.0171993140934708,1.130816000647325,323.2779865481708,-33.78700708523466,O
2.064731821133017,1.4247140820061048,1.6098810439218878,1.442728712507744,1.2825368861434947,1.0126443829882508,1.1299678049472592,323.7766938938328,-33.80558207038403,O
2.010878840711647,1.3956306730719563,1.5794715336100305,1.4201095611292798,1.2731339552005692,1.0175396604056015,1.1317260103874167,323.3450671242108,-33.968242604722164,O
2.0266589919608387,1.4186383653737589,1.598117595837686,1.4308856606660023,1.2681538562864794,1.0086331341314154,1.1265151393368955,323.67289102982204,-33.87839092173108,O
2.007857263919304,1.3901013496284167,1.5704505870513803,1.4060819297982372,1.2785230433064323,1.0114959820549,1.1297381931692765,323.8221630903862,-33.889230322237644,O
2.049210660862532,1.402713763671062,1.5892558348009354,1.422983955838126,1.2894152193685091,1.0144506974209868,1.132986555034344,323.59582980858835,-33.590294793935875,O
2.0537187965502026,1.4070148760133994,1.5917084245820932,1.4263398960441354,1.2902606814369355,1.0137347659645868,1.1312662372781728,323.7446510257008,-33.49441048355118,O
2.073494098900049,1.4195918369593363,1.6060097450441255,1.4392620862149212,1.291084381834233,1.0138562710375378,1.1313179628336574,323.8077891079208,-33.5617061398612,O
2.087469865310644,1.4264030600999928,1.6149930755728568,1.4477221846763224,1.2925565421202776,1.0149460732191888,1.1322136924325188,323.8706907606573,-33.71266835096705,O
2.086121540113102,1.418603528543693,1.6039842303919811,1.4372296977412942,1.300587312883554,1.013129932939559,1.1306783030764036,324.21096612910327,-33.416508224563586,O
2.0824630439463583,1.4162139162631964,1.600572209870181,1.4347426083047672,1.3010740978160944,1.013083257994287,1.1301768691084677,324.3109968826765,-33.428017421029,O
2.086850700614549,1.4233761319385847,1.607054480889367,1.43560592809154,1.298556287562607,1.0085921042783672,1.1290441400760454,324.1726976054058,-33.33777393210783,O
2.0812334531629246,1.425932062875911,1.6092563402843971,1.4400624568779157,1.2932889565593488,1.0099095843132284,1.1285645243425877,323.8602745368989,-33.17793254130317,O
2.087746910872537,1.4188126745204557,1.6089252235094638,1.442476166740876,1.297603443818629,1.0166783766774696,1.1339941152226205,323.89147282924364,-33.69621203076062,O
2.091730067860111,1.42544509151386,1.6119774855369264,1.4439430237107005,1.2976174212280551,1.012976951765427,1.1308590524696844,323.8653332296535,-33.2017427945641,O
2.091171433917697,1.4222294013005832,1.6063400506077048,1.437468010611212,1.301823628892632,1.0107145930865256,1.129452146846886,324.2501594614572,-33.235402301049746,O
2.0771779224460607,1.4061999926797324,1.5934991439706163,1.4320097479857488,1.3035324997227378,1.018354256464496,1.1331952441088813,324.0210347306015,-33.2387840971591,O
2.0613099934029946,1.4175830410634385,1.600768853095253,1.4410109332986714,1.2876999633127777,1.0165266453933153,1.129224043125116,323.5651395450711,-33.26973112014806,O
2.0712256026058755,1.4213920179332749,1.6051063446949925,1.441938922848837,1.2903977418390036,1.014455480723353,1.129249583819136,323.7853647315334,-33.37215225205599,O
2.0898825611811813,1.4252159438132848,1.6127286052173997,1.447781798436348,1.295867484721312,1.0158332880859349,1.131567894828912,323.95881249016185,-33.57554742329008,O
2.07598141110136,1.4256496165277548,1.6126392455099496,1.4466838453173674,1.2873191675580806,1.0147541363219683,1.131160999739626,323.5048466981151,-33.510842588649886,O
2.0800047458698057,1.4197037515898938,1.6064051860237485,1.4391645660365555,1.294819491350332,1.0137076586751763,1.1315073192028773,323.8420170044168,-33.57478822278312,O
2.084519778956908,1.4174214795542095,1.6047810141775216,1.4400192448043938,1.298943444956732,1.0159428692002688,1.13218336064883,323.9861447564457,-33.44163295291665,O
2.094109879832738,1.417523080663337,1.607296764137751,1.4402975506538815,1.3028769338412391,1.0160663838925903,1.1338769619085205,323.8243867962414,-33.136597733531495,O
2.0787624682121737,1.4182157030363618,1.6044192664727015,1.4420252224552743,1.2956479092789197,1.0167883625656782,1.131294247439006,323.8278549045178,-33.05880921799248,O
2.0744022734513536,1.4166049995127874,1.6001139357035994,1.4385768533642942,1.2964091038549708,1.015510219051227,1.1295413585677914,324.0550132962174,-33.14927829596893,O
2.066960569970492,1.4168227826261035,1.6007891037733648,1.439512698943194,1.2912135428072766,1.0160146467118734,1.129844270859533,323.8892699019217,-33.278035316163134,O
1.997551925517828,1.3615990346206084,1.5148242673229195,1.2393123669196735,1.3186690816935556,0.9101889289051912,1.1125333000438014,329.4922970380161,-34.652676645784176,O
1.994046287973401,1.361485450270884,1.5105545913569367,1.237535893178365,1.3200756194995522,0.9089600575108184,1.1094900728145085,329.391180778634,-34.173421132327654,O
2.010457865661324,1.3712520305015066,1.5200069626988624,1.2454440487812315,1.3226635897059555,0.90825320296936,1.108481102589837,329.5158276002996,-34.03297532617681,O
1.9926043984570327,1.356739505728194,1.5048776900002152,1.2311409097233998,1.324097241721185,0.9074261525705464,1.1091869026047942,329.7434410059672,-34.26967727036892,O
1.997348289077752,1.3588716488334125,1.5078852190647918,1.2347183320832282,1.3246023396373172,0.9086349937046893,1.109659783070246,329.67084192556683,-34.316217323488296,O
1.983693580999505,1.3437996394855716,1.4960333512134734,1.2224590781318152,1.3259688224132686,0.9097033830131048,1.1132860191763254,329.1840183341555,-34.15735460638848,O
1.995668228757936,1.3553953233397145,1.5092873833823397,1.2333067919563645,1.3222586041139548,0.9099240426162,1.1135403504738624,329.19587897025497,-34.35201756438394,O
1.984044984040549,1.346812561264079,1.504747358377886,1.2265441177724463,1.3185236531528752,0.9107014242733588,1.1172656104169196,328.69096254831254,-34.47788869113923,O
1.9868893330294992,1.3494647854215742,1.4987371767672757,1.2168647220428406,1.325708979419027,0.9017387746525676,1.1106159960291728,329.4759591125822,-34.1922335739973,O
1.9902992670199904,1.3472330143542943,1.4987828982506215,1.219056326407202,1.3279436730583638,0.9048593030445254,1.1124897343530158,329.3733392562761,-34.19310730882214,O
2.005388171123077,1.3587888765263216,1.5088608981553746,1.2298355697616343,1.3290742530174395,0.9050968778208208,1.1104454299130744,329.9663437395756,-34.54475739231984,O
2.0113950103336826,1.3608385361617572,1.5108036178009336,1.2278569450568002,1.3313411396653856,0.9022796697982765,1.1102004959840075,330.12990373040253,-34.56568943806057,O
1.9891664384548944,1.3491090807351875,1.490045911538579,1.2079855483041444,1.3349698979415592,0.895395017018091,1.1044665941515928,330.42911714723,-34.00928247110087,O
1.986223038305915,1.347690303426873,1.491176529929912,1.2106613002565705,1.331983838559524,0.8983230770289963,1.1064682487795496,330.335948847826,-34.339839628491994,O
1.9838685894810844,1.347297300732956,1.4884945001917305,1.2053525564877832,1.332802095826048,0.894644823998421,1.104800328318004,330.3048395477596,-34.0613857708043,O
1.985546446255477,1.3508849210020877,1.4943587545261152,1.211668524065358,1.3286946258665475,0.8969442957187954,1.1062072951540527,330.0608810178337,-34.2010428372586,O
1.9941975276798063,1.351922681360933,1.4994039827104368,1.2195326867381824,1.3299934845277277,0.9020728060502112,1.109090041451956,330.1231052351912,-34.488937477831904,O
1.9845091586444408,1.352179676569864,1.498541764766372,1.2189585663254945,1.3242935267498754,0.9014767692838592,1.1082415974242354,330.00408113725524,-34.51459805761579,O
1.9905848487216704,1.3543634690412223,1.4975470032080769,1.2158230693629055,1.3292302975849155,0.8977081094956055,1.1057201685070674,330.3393533992543,-34.274785155412026,O
1.9914185435348664,1.351044529848848,1.497072473677068,1.2131642336906092,1.3302085093072342,0.8979454095612492,1.1080852189561488,330.40848874494884,-34.60284587070369,O
1.9836283393812544,1.3494847888663355,1.5030025473122577,1.22028212407476,1.3197770974696452,0.9042577835203944,1.1137602733372696,328.7451042271051,-34.0931462254531,O
1.984720721185432,1.3479978455989874,1.5001737581714023,1.220077624941864,1.322993893457152,0.905103542209089,1.112890323281485,329.135547257204,-34.232782971680145,O
1.995012443956882,1.3586125752483844,1.5069912288487064,1.2222199058804035,1.323838125773969,0.8996088569671563,1.1092133668593456,329.6136584047844,-34.28144782036695,O
2.009373352311693,1.3659348708326928,1.5173377088736375,1.2297837510364122,1.3242756312985244,0.9003238567932006,1.110841915873081,329.7344859087558,-34.58305222995882,O
2.0078294848091462,1.3629177112531716,1.5109053627128493,1.2222369174536518,1.3288916264113746,0.8967796862290629,1.1085815014639486,329.7650757771148,-34.09740716412818,O
2.000604143751836,1.3642415873183835,1.5119421540035825,1.222690074055786,1.3232015116810447,0.8962416081004848,1.108265697262261,329.7355639534721,-34.354460615509815,O
2.001873880139013,1.3614102456344297,1.511247029232026,1.223313033348904,1.3246503327495769,0.8985631166444092,1.110059979405966,329.7686484050181,-34.50000885007704,O
2.008426374929223,1.364042052177885,1.5159574953210753,1.228432243446105,1.3248566540474436,0.9005823841609134,1.111371524727288,329.68499926575623,-34.57536258765767,O
1.9762702560613323,1.3470253196470918,1.499142021976094,1.217371709289495,1.318267533756616,0.9037482009680672,1.1129278715925366,328.9565864964544,-34.31868780849971,O
1.9979827650225768,1.3570376145924563,1.5157425698868,1.2391605106383003,1.3181544179839138,0.9131364505400562,1.116949562479155,328.7032840130821,-34.39055885531495,O
2.01855563572608,1.3632382355995862,1.5156658213447547,1.2315633092659382,1.3317946524222224,0.903410186939384,1.111812874495944,329.8861721474262,-34.46430117125225,O
2.0115262669005864,1.363561003403866,1.5091568986635493,1.2242231641122283,1.3328808082724308,0.8978132705879621,1.1067762240898875,330.3010994311481,-34.21580375279051,O
2.02334893241198,1.3689899704067872,1.517220829373719,1.2326014457830472,1.3335889497688884,0.9003728825104446,1.1082775346578222,330.3444784102716,-34.455726064698894,O
2.0150143705565027,1.3598180570551128,1.5095354673276942,1.2258057597149272,1.3348572552082194,0.9014483616797904,1.1101010605763073,330.32936231738216,-34.56144545066508,O
1.9943773990436504,1.3523801264590942,1.501429869685463,1.2199556729464995,1.3283187175844955,0.9020804499254816,1.1102129056100687,329.5959578544356,-34.21752805153734,O
1.994565726603153,1.3488507654709003,1.5110700605351963,1.2331896561754077,1.3199690594734634,0.9142521083456449,1.120264820406328,328.5026479023823,-34.56881038860496,O
1.9963255558492807,1.3534869811001673,1.5126843650682718,1.2332252742038183,1.319723798268505,0.911146757541328,1.1176201811994546,328.99268233262427,-34.67191287480104,O
2.0057975712404352,1.357724976658674,1.516076140848602,1.2347533869786345,1.3230190207450392,0.9094282039484392,1.116629779161628,329.2222079789806,-34.65761083331642,O
2.0062308671061126,1.3567123862540835,1.511261170132157,1.2313019270743846,1.3275209518753608,0.9075629732209046,1.113914183613217,329.39385512013405,-34.32904682417512,O
2.0032777949827607,1.3496937108651437,1.5059066603828908,1.223517196634131,1.3302801877995605,0.9065147053622008,1.115739555026611,329.5867817843184,-34.61863545493096,O
2.0042004697669182,1.349978062373694,1.503792839482534,1.226036045013139,1.3327636740553823,0.9081896063239536,1.1139387234473903,329.5625161096721,-34.28549053804716,O
2.017129681499916,1.3526733101085444,1.5076601987218614,1.231687569687552,1.3379206290714336,0.9105580486309116,1.1145782114980003,329.4279528235232,-33.97877324478765,O
2.0110097601405403,1.346715717492167,1.5007267709130645,1.22562699021507,1.3400239131584306,0.9100859032798796,1.114360478177009,329.35833177334314,-33.782308535118624,O
1.9996313851164933,1.3430258583103694,1.495203635222825,1.2162351684838173,1.3373639135237223,0.9055932623768952,1.1133096402953158,329.3852477840145,-33.84615616082047,O
2.0015103536046164,1.348149348245373,1.499383482602482,1.2166229907307031,1.3348888905529306,0.9024393271518082,1.1121790657347728,329.61175875234846,-34.11913421479992,O
2.007203987001927,1.357698701935509,1.5060618938823456,1.2215215670210222,1.332749998625708,0.8997000330630389,1.1092754907516176,329.9287236048941,-34.21152090855481,O
2.013398010894847,1.3601643382062154,1.5096744232811543,1.2220674172437438,1.3336637223533867,0.8984704148731073,1.1099206036177311,330.21722609515234,-34.53530232193427,O
2.010384703839101,1.354767418908932,1.5058410471594292,1.220916577574444,1.3350577125198086,0.9012001326085288,1.1115125933366223,329.9989670286554,-34.47151821358192,O
2.01139550533513,1.3532551427460793,1.504056844333291,1.2212113286613393,1.3373134884584292,0.9024250417280576,1.1114362671337783,329.945113728386,-34.30339857846445,O
2.016142244153309,1.3579976789532386,1.5094509917008996,1.2233621677739372,1.3356791676167328,0.9008573333622484,1.1115269304910764,329.79779761766014,-34.25483680094544,O
1.9609023929289289,1.3221555172349235,1.4907166827030087,1.296539789363909,1.3154091690805836,0.9806257830209067,1.127489666132925,323.84663928312045,-31.50189270314857,O
1.9657309026156449,1.335908668574197,1.50270594247355,1.304221736346149,1.308127456646592,0.976280614855305,1.1248567943476062,323.68649999270474,-31.35401840549569,O
1.958105774627432,1.3273095869924567,1.492979594716711,1.2972305618215638,1.3115422217133366,0.9773383500988276,1.1248164025543168,323.9651658814356,-31.51843056431125,O
1.9609399137183687,1.3267949012436882,1.4934839168892715,1.298495134523955,1.3129970075625228,0.9786705792333042,1.125632843093786,323.8911009455691,-31.50027149938999,O
1.9581074819660844,1.3252893387775475,1.4909995374703666,1.2965020538279906,1.3132851035542332,0.97827849050977,1.1250369967102207,323.88443400507595,-31.37341878382632,O
1.969587201248004,1.3317859098101417,1.501487528115227,1.303618817736716,1.3117572836055245,0.9788501350960824,1.12742409801383,323.9085359900492,-31.67805629026257,O
1.9727477989725315,1.3352903099916982,1.50422222893571,1.3053820150984237,1.3114736380197758,0.9776016536108464,1.1265132515977458,323.8774895489049,-31.59548583880117,O
1.973806298213102,1.3339176735235607,1.5043729514437771,1.3054726680567503,1.3120458569258375,0.9786755914316118,1.1277854558069964,323.8453905981182,-31.66959679516417,O
1.9700393045130808,1.328939678325842,1.4979453390526034,1.300706773580122,1.3151610096527686,0.978755315078494,1.1271733122903438,323.81912892223124,-31.444106575535866,O
1.962838189139638,1.323125931982173,1.4881288459771382,1.2962558207570078,1.3189974742078163,0.9796919472472954,1.1247068854192694,324.04307664881856,-31.231461896880003,O
1.9735837754121,1.3353788862291969,1.5058074101945442,1.300935028589032,1.3106482024531416,0.9742066779733006,1.1276255942960116,323.99461369226134,-31.997914700494206,O
1.9835854408831448,1.3373374152329291,1.5078909790065094,1.30275230291233,1.3154700628224805,0.9741388284462412,1.1275321858424745,324.4365016942528,-32.18435939142676,O
1.9757396728709764,1.3402705117042313,1.5099634448693646,1.303859374018952,1.3084685457679466,0.9728329935133913,1.1266109577755008,324.0249394098578,-31.97599771079861,O
1.979841500001212,1.3359806652789428,1.5044588153723224,1.3002805471892465,1.3159825179469884,0.9732779679994528,1.1261082248209051,324.4994600297758,-32.04234039787264,O
1.9695435128218644,1.342016059796748,1.509494140389231,1.3005185990770625,1.3047705586415903,0.9690782681647117,1.1247958840506336,324.06555922020146,-32.00717377930434,O
1.978123936357284,1.3317881742069513,1.5022812160021224,1.2987325971551658,1.3167467683723533,0.9751795535566538,1.128018137641668,324.48984107660766,-32.20214250423781,O
1.982499786871721,1.3397898288905568,1.5093876457549231,1.3058517885744751,1.3134464114950204,0.974669131244126,1.1265853891463005,324.20305321911417,-31.9593476434048,O
1.987540089113708,1.335310760016265,1.504654563705454,1.299634113830699,1.3209278309162669,0.9732821398180516,1.1268197701688003,324.6816323776848,-32.10842031719475,O
1.9820374955566675,1.342340747939471,1.5129435356402363,1.3022756608214756,1.31005384461881,0.9701528191113202,1.127093502870002,324.26223598192,-32.2006860336075,O
1.982848795546408,1.3347249570728217,1.5028542446436937,1.298934212928407,1.319388625086869,0.973184929258454,1.1259654932500816,324.60138851143387,-31.94242460202922,O
1.9637974246281904,1.3372208031739483,1.504529289292458,1.2953819193910228,1.3052570253063764,0.968712060354117,1.1251165744067069,323.96302891355606,-32.01265473738187,O
1.9660154681926096,1.3361505805618907,1.5051406883395133,1.2990392546497391,1.306200465792695,0.972225191941656,1.1264753465934634,323.7519211420289,-31.86308766716581,O
1.958976246173781,1.331130441093157,1.4991500531273485,1.2979517825789928,1.306724595104538,0.9750748255092738,1.1262232511910777,323.9147427442284,-31.90121772026947,O
1.9665750980577044,1.3396566599222504,1.507044709467501,1.2979975517155349,1.304921536636145,0.9689031455200368,1.1249484696735397,324.1123181659444,-32.04204123843123,O
1.9701404818903088,1.3385485032554232,1.507253720969593,1.299548819365922,1.3071060661392486,0.9708641982007736,1.1260359391563843,323.8218022076192,-31.781683416576595,O
1.959931186826685,1.3309824664874517,1.497650829120345,1.2989089690513718,1.30867031801923,0.9759023892172496,1.1252220572617624,323.9972142831174,-31.79150940114009,O
1.965199698191888,1.341319928850376,1.507228013259704,1.3017518729544613,1.3038503006202238,0.9705006575650988,1.123690165814151,323.72494686436096,-31.6241106242718,O
1.959765844013257,1.3367782511219448,1.5043017703060042,1.3013462354112355,1.302774405174437,0.9734944702451798,1.1253188545246442,323.71587353634783,-31.82009114309848,O
1.9680470547536,1.3374097796412825,1.505660686004726,1.3008077106286358,1.3070986531340054,0.9726321210074717,1.1258035561909614,323.72890907289644,-31.718109792982435,O
1.964775109464352,1.337794043838046,1.5065480349782538,1.3051766770312896,1.3041569627036234,0.975618543858082,1.126143476208089,323.82397740362217,-31.91190116750796,O
1.980104376132438,1.3303012165033914,1.5013618143651482,1.2944506667193498,1.3188722113394942,0.9730508028262408,1.128587868476418,324.5500327681354,-32.32786442861069,O
1.9879555207062056,1.3435262601543008,1.515283992912272,1.305487559132897,1.3119359341251216,0.9716874153118265,1.1278409941449492,324.107296488446,-32.08310693659616,O
1.971043970947427,1.3281821081893657,1.4959484735100628,1.2983260072877778,1.3175881428072251,0.9775210788358768,1.1263127731402762,324.15977933204766,-31.640053137602106,O
1.9849311277220472,1.3390867168310494,1.505376708533073,1.3079059122465275,1.3185610727671482,0.9767148727617048,1.1241816453049054,324.1520984828836,-31.47802349140845,O
1.9676101891501907,1.339293308693486,1.501389346537919,1.3017886473847478,1.3105262760038487,0.9719966783487294,1.1210310219518391,324.04011511789884,-31.38008130896207,O
1.9669065112127284,1.3399514244134574,1.505267168335108,1.305834372887948,1.3066826624460386,0.9745385907997048,1.1233744305275954,324.0631105967332,-31.775960429810453,O
1.9661020195472627,1.3343886396541396,1.4993892668323112,1.299183893883305,1.3112685698364064,0.9736173220269926,1.123652601854388,324.2874410945457,-31.76292599105715,O
1.9622334755057715,1.3425992484551923,1.5077202907316245,1.3042559003987793,1.301457231535694,0.971440958200646,1.122986097650823,323.7547782155545,-31.67871035170081,O
1.963863654422667,1.341548310109256,1.5103513025595428,1.305823831293394,1.300269447971854,0.9733707101364448,1.1258269949567,324.15300234126454,-32.473139809606224,O
1.9835859370976625,1.3459497313041986,1.514980400637648,1.312316605933623,1.3093145866855973,0.9750116036369458,1.125584682252332,323.9721589756124,-31.737018960403333,O
1.9944569121955056,1.3460915918467118,1.5196133546938286,1.3081980944366876,1.3124765625643957,0.971849242919616,1.1289078424515386,324.0653385542254,-32.08165189087261,O
1.9895014650279377,1.3481874975241552,1.5193532918228585,1.3058120716473316,1.3094396647148567,0.9685685960189936,1.1269599329566815,324.1048746691614,-32.03575366607771,O
1.9942396934573137,1.345619824361533,1.516618937488669,1.3039414124628768,1.3149246947684334,0.9690266068141262,1.1270783248219989,324.61485911133224,-32.35092761247818,O
1.983801731444605,1.3464817052686453,1.51457547192958,1.3000302069650442,1.3098071163909897,0.9655015748659332,1.1248392503241602,324.2155462275976,-31.9472763852812,O
1.9865671178751707,1.3438449320674473,1.516965203659768,1.30698742929055,1.3095667013867294,0.9725730983557802,1.128824589401087,324.00429025311473,-32.14928508967939,O
1.98752906031032,1.3437470607275293,1.5144131506316472,1.31193610869709,1.3124087435990244,0.976326681590495,1.1270076005313947,324.17841220913715,-31.956034519612803,O
1.9747224555147715,1.338613430614748,1.504226002847537,1.3047256583328404,1.312783086967366,0.9746844223232206,1.12371949096367,324.4925911863642,-31.876066907215165,O
1.984461345179468,1.3426679099998369,1.5108488480443645,1.3102107852116385,1.3134744403771068,0.975826394191396,1.1252587753024854,324.24560856793084,-31.7697242412502,O
1.980097715334956,1.3405022114997889,1.5074153162382904,1.3043420644538508,1.3135714451119087,0.973024925482606,1.1245153520125526,324.31642708714287,-31.76448237051997,O
1.9842232110094664,1.3448300274832334,1.5138126231755356,1.3086304546949836,1.310745584118031,0.9730824178160306,1.1256534969021643,324.1345394712781,-31.817565162388394,O
1.9452768270536118,1.3984214568168762,1.5992692097514736,1.4564254007435489,1.2163535789924373,1.0414781564198126,1.1436246218588295,318.7075803897181,-33.9938460431457,S
1.9498063205366563,1.4011204717235877,1.601205708789143,1.4569123818706493,1.2177113220581324,1.0398194953774598,1.142803735370036,318.79692658235257,-33.91787314270469,S
1.9455760028368803,1.395829134659396,1.597035645463675,1.4612609576148805,1.2182420651431434,1.0468766708838262,1.1441483816379692,318.599805041304,-33.856956258089184,S
1.9541022224535936,1.3984795136597656,1.6007616425477107,1.465183649109599,1.220732787764404,1.0476976135855371,1.1446443275801594,318.75365929167674,-33.91967866298567,S
1.9429129562667902,1.390522172707127,1.5888987726094723,1.453414280756158,1.2228047436124045,1.0452291299509378,1.142663384875149,318.76158236977346,-33.68074399128104,S
1.9420081166346412,1.38691488535829,1.586750306722338,1.4556449672431888,1.2238901788184553,1.0495560921657736,1.1440862907116491,318.70464848594384,-33.68093642003809,S
1.9411172343670078,1.3870422538413552,1.5869721854535883,1.452122570739455,1.2231576912056576,1.0469202122126147,1.1441411976156715,318.92241288929404,-33.96402294803063,S
1.944219093210443,1.3928180523508247,1.5948765943926113,1.4554953437995863,1.2190404574536216,1.0450003439738405,1.1450717426448835,318.68699382017223,-34.017604683571456,S
1.9477855068037058,1.3951065469061832,1.598033126871768,1.4535197793810475,1.2188642863847234,1.0418700869868345,1.1454559728184195,318.68258901845434,-34.08374683772234,S
1.948136912665222,1.3961217291330605,1.597308725228375,1.4552764246306582,1.2196370569419428,1.042370729044043,1.1441041937082694,318.7421550582918,-33.93107654155487,S
1.9272083183733821,1.377462288823648,1.5766133993310727,1.441548948228969,1.2223721548929245,1.0465251643731392,1.1445782669502331,318.83545567371925,-34.03335588387643,S
1.9343631462960307,1.3842601419246856,1.5836377541633528,1.4447624556440535,1.2214681932219837,1.0437073291984302,1.1440318955954702,318.9150516489646,-34.12422451893247,S
1.918266077270879,1.3733930837828616,1.5694995347151837,1.4336479986661166,1.2222151296266461,1.0438730292111924,1.1427897469762758,319.19896492300876,-34.19018280029849,S
1.913686160187815,1.3685361389545152,1.5646489450171002,1.4295538241067316,1.2230770143566614,1.0445860970824128,1.1433011525822068,319.1485387080785,-34.1543601913348,S
1.9176257444246596,1.3719807752431272,1.5677395808032957,1.4327027074500125,1.2231787523295707,1.0442585882416062,1.1426833444699531,319.10883266205155,-34.054674174388936,S
1.9126436688784432,1.364542698625928,1.560621430060392,1.42598114964409,1.2255654267187839,1.0450249384500974,1.143695563086382,319.00999027624823,-33.933748563718204,S
1.9246331920305748,1.3745650751076897,1.5725126077565168,1.4344991556732936,1.2239222646210919,1.043602214002788,1.14400739276263,318.94550838675826,-33.93152340145159,S
1.9291897821374433,1.3787144350067382,1.5774268108748897,1.4421795454034287,1.222997966585502,1.046032092495195,1.1441287411103231,318.9271990948208,-34.02732370604598,S
1.9230791492413795,1.3777739851878774,1.5745778456101,1.4377255887349734,1.2213299930536277,1.043513380417704,1.1428419047957172,318.95629333214606,-33.96191752500951,S
1.9317758311907418,1.3852742504975342,1.5792339178794141,1.4396928488654455,1.2232360319266185,1.0392836280241016,1.1400153560294777,319.1028544002099,-33.74381029639864,S
1.9428716830608337,1.3832620065997174,1.5906307167184184,1.4576465969393049,1.22144735584455,1.0537747657238392,1.1499128213811403,318.36937453237044,-34.16396987541709,S
1.9326895166059481,1.3738695239732337,1.5797040422565094,1.4487497427199652,1.2234503836840354,1.0545031514566083,1.1498210089761667,318.40849744116707,-34.04202809908994,S
1.922479004687187,1.363407960239197,1.5694763784210746,1.4420052757073618,1.2249174508897294,1.0576476870902056,1.1511421556800392,318.3452057547297,-34.15746883861411,S
1.9242316062157738,1.369869204192271,1.5720608158169664,1.4435247236303357,1.2240185537706387,1.0537682862076565,1.1475992094762912,318.6303268818894,-34.03657262481722,S
1.9182049247028783,1.3681154547302448,1.5681559698677872,1.439713759324913,1.223223302758975,1.0523335251766346,1.146216106576316,318.68054129389975,-33.96603311854435,S
1.912538253590532,1.3655614461510281,1.5639746996217454,1.4350848411395014,1.2228703277956403,1.050911949209193,1.145297931506462,318.82299537041877,-34.04315450457099,S
1.9184720862611284,1.37393912681258,1.5720015084378873,1.437955031598205,1.2204009194415673,1.04659297019522,1.1441565916277492,318.78223056943796,-33.96682212949056,S
1.924384244116752,1.3828417999606364,1.5800608105361171,1.4414500573748628,1.2179178366330126,1.0423824745649826,1.1426186354658174,318.7043834524805,-33.868521927393346,S
1.9231446676157224,1.3806723154541614,1.5782431599909483,1.4412005160986603,1.218535087854746,1.0438396569316222,1.1430975636473146,318.75404800151045,-33.96929966738584,S
1.936534144546382,1.3912869597371391,1.5882187105524648,1.4471943589543406,1.2193120076470796,1.040183945393813,1.141546464902203,318.92969705712943,-33.885445748644514,S
1.9213313513604742,1.3742695905036852,1.573195410118414,1.4396739294489391,1.2212922431650473,1.0475920731981578,1.144750215670435,318.9162960382831,-34.16021463136092,S
1.9248838081828457,1.378003260696983,1.5749760712803655,1.4401792268889964,1.2221670178252455,1.0451203331409864,1.1429407434665686,318.9610462561854,-34.005115854890725,S
1.9147148210688534,1.3736794006467514,1.569676825684634,1.4358391011771738,1.2198146712357345,1.0452505151501554,1.1426806174319888,319.01116895779444,-34.11347024290985,S
1.9130485056896895,1.371332083430715,1.5679943382861976,1.4358857285827462,1.2200608503348505,1.0470736781644712,1.14340965053737,318.9993905812044,-34.158823299710754,S
1.916305229786788,1.373342410475484,1.5719620308346403,1.4392565813552807,1.219053127364226,1.0479954382658112,1.1446249812458564,318.9814621471528,-34.339450261161886,S
1.9107161293450237,1.3681098405288918,1.5654772546544031,1.4374787910448532,1.220532667379339,1.050704225977312,1.1442628422650711,318.97460457599146,-34.215173876176294,S
1.9166677843188442,1.375630336423874,1.570797691727448,1.4389383396226658,1.2201875482838491,1.0460210868592568,1.1418748555741627,319.14533302599085,-34.16494525984829,S
1.9251450001906678,1.3791220850773065,1.57657188443496,1.4474879959188398,1.2210956057234494,1.0495720513660696,1.1431706456550477,318.99343134897987,-34.10375276902169,S
1.926053249105791,1.382710870569653,1.5821600940461196,1.4526357598094484,1.2173567367510958,1.0505708682329138,1.1442450679470662,318.75050175849805,-34.132897406753,S
1.932610609980658,1.3859517485390602,1.5866159335243257,1.4523207359367774,1.2180708444593642,1.0478869394029604,1.1447843946925185,318.84177895225616,-34.2822274532979,S
1.9143722915496777,1.372061738187378,1.569375825763103,1.4358848825525359,1.219830368305069,1.046516233627704,1.143808461444596,318.9004558732636,-34.08559710251243,S
1.922574270966878,1.377392896076827,1.5745261345744683,1.4391647325703736,1.2210494502121894,1.044846925426644,1.1431205570023835,318.99144537129837,-34.10118076282924,S
1.9245424642065905,1.374639828148951,1.5734521155444479,1.441261110343773,1.2231337993661522,1.0484645365502994,1.1446286389528024,319.04612009335017,-34.18707158413521,S
1.928265764271742,1.3789985448820716,1.576290574368296,1.4483485327390175,1.2232933417396734,1.050290109525008,1.1430690628488636,319.13194653441957,-34.1097851209038,S
1.9266928024171417,1.382089014971783,1.577660165966752,1.4433259025806153,1.2212343595786428,1.0443074845002531,1.1415040195504063,319.1713898234241,-34.054884764498624,S
1.9148878360233719,1.373952424562211,1.5702992029126188,1.4378960949278183,1.219441385738211,1.0465399450683177,1.1429065336181279,319.1469926074095,-34.269564804579105,S
1.9114011178613046,1.3691243388087562,1.56586838978352,1.4346466738743813,1.220665242578627,1.047857110715477,1.1437006452941638,319.0331381154506,-34.18500258025268,S
1.9239839452171346,1.3782265878541577,1.5736652790086292,1.4384737555156801,1.2226132017281321,1.0437135433262281,1.1418044702350152,319.20716950038184,-34.022971237278604,S
1.927185469805396,1.3801395605575877,1.5789073950983519,1.4444481669862712,1.2205816983239537,1.0465957271760997,1.1440200978373958,318.90591121559555,-34.10522490220971,S
1.9314785236736434,1.3869840741361348,1.5821481495994876,1.4476403155696196,1.2207949831768832,1.043732471457009,1.140711114931084,318.95427266663376,-33.70403344328805,S
1.9404841038980782,1.3818410021398015,1.5820508953778647,1.4158391971149715,1.2265623751849042,1.0246035505695108,1.1448863457720788,320.79370037682475,-35.99458780388501,S
1.9504967773680935,1.3860996122792464,1.587157910571805,1.4202988015846443,1.2289242074630045,1.0246729665043064,1.1450532822543298,320.72263570538274,-35.77812493560522,S
1.9432208292803477,1.381391340911991,1.5786692704775331,1.4129762277691877,1.2309233261331178,1.022864546723121,1.1428110367589968,321.2031351484101,-35.909575148035806,S
1.9419386173362594,1.3837828782242394,1.5819416355621603,1.4159304749539552,1.2275665382851941,1.02323167690221,1.1432007581942416,320.87948889904743,-35.66962136973453,S
1.9457017644615984,1.3858034513189048,1.5864322141871972,1.4204067288448414,1.226463852071027,1.0249698306733208,1.1447743276128723,320.75623695605896,-35.930110060221736,S
1.9474637143054128,1.384218533713192,1.5843208096991404,1.4174739954984623,1.2292104619109514,1.0240247193454792,1.1445597433587096,320.76505334039604,-35.66059485206008,S
1.9481337327751116,1.3903290246458242,1.5884123658548082,1.419789882158754,1.2264659824193187,1.0211898457060802,1.1424722764882538,321.2967260984516,-36.084375249639415,S
1.9581687001026509,1.4001888626185826,1.5920922498782952,1.4165434823851126,1.2299341952404703,1.0116802955680881,1.1370553590183698,321.5829045508772,-35.570362664560385,S
1.9587366224958953,1.3998972993860932,1.5852828961618801,1.4029776169269421,1.2355754466525704,1.0022003882300508,1.132427998008915,321.9834228979433,-35.06132966502215,S
1.9547468990343533,1.3986140956461062,1.5945580640667587,1.4186862711104056,1.225886308617053,1.014351475168729,1.1400986655508674,321.33920501251276,-35.868666593581295,S
1.9425953491301073,1.3866584747643613,1.581090912202567,1.4157132892147801,1.2286424102102644,1.0209531149732858,1.1402165284218568,321.352821270582,-35.80569777627729,S
1.9366938364115487,1.3823013883862245,1.5750704867927499,1.4099695315594218,1.2295918516987498,1.020015998975085,1.13945518685442,321.26036185290576,-35.55499746378069,S
1.9459315889691344,1.3855373695584112,1.5842550991188977,1.4183336625198613,1.228294351112638,1.0236704499510558,1.14342285811015,320.7235367249705,-35.59111366217819,S
1.9598987329030857,1.3903177903391355,1.595590024428125,1.4307634764348434,1.2283222525194293,1.0290909649410744,1.14764411094741,320.60841231603155,-36.06829495922942,S
1.9437534373477234,1.384361837274556,1.582808119803241,1.4164294642936601,1.2280411080967613,1.0231641946170928,1.1433485647938502,320.8352339023409,-35.69228178462947,S
1.950663766898185,1.3861795810034114,1.5911973024585486,1.4271888833866615,1.225909422976162,1.0295844080703922,1.147901270704573,320.63240038553323,-36.20587570313662,S
1.935151971972846,1.385618599134384,1.5795353153860268,1.4115143916714827,1.2251400479133379,1.018688975850408,1.1399495621470335,320.8914114366025,-35.47356407384816,S
1.9433157719662673,1.3844709848542325,1.5828789488544992,1.4158942057858248,1.2277096573762698,1.022696915482776,1.1433095862396543,320.6825247782549,-35.52652105862994,S
1.9396744752581574,1.3888329250680893,1.5851048760102935,1.417632941709742,1.2236884162140205,1.0207368475515086,1.1413214990799427,321.03243226630786,-35.91644808885027,S
1.9371593825051827,1.3823245124150514,1.5745000968263192,1.4056418829781616,1.2303329713411049,1.016868231991613,1.1390234946174245,321.56537415944666,-35.760342955411595,S
1.9325710809165115,1.3794303745070402,1.5740495749569736,1.3992706114865743,1.2277701488336783,1.01438292018662,1.1410866427524358,321.45216041297977,-35.99226680310673,S
1.9353002696473758,1.3809602572452662,1.5781800643343304,1.4059162783944585,1.2262860958541364,1.018071498450632,1.142813528524331,321.3546653075958,-36.15431298601919,S
1.951865036951294,1.3977331857677016,1.5860883897658093,1.4070144954634962,1.2306155505239482,1.0066402585202245,1.1347576246425417,321.6138507396556,-35.249686967101404,S
1.9318171037539071,1.3809563144289463,1.5715291989845797,1.3964231908303881,1.2292594404240929,1.0112001199747132,1.138000661255124,321.3132742759144,-35.365561266467274,S
1.9273579620375825,1.3819628503672048,1.5737953755824037,1.3974814059852154,1.2246560079796514,1.0112293580206495,1.138811636770284,321.2035795381822,-35.66469498226529,S
1.9290372567285126,1.3804373972423387,1.569278301821279,1.3925122739279254,1.2292512134334,1.008747138196711,1.136797876496379,321.39679158526286,-35.36469326366149,S
1.9328579493184652,1.381651135830917,1.5783852392339521,1.4027300109322887,1.2245793367001783,1.0152562933976057,1.1423905776943617,321.1712845502757,-36.005240759474994,S
1.9277518813657546,1.375109139747423,1.5693469167685166,1.3967033158595836,1.2283784170138996,1.0157036088903655,1.1412526259964868,321.3404706658926,-35.92606487779149,S
1.9337341753258417,1.3753555512717193,1.5737254526399609,1.403051165094489,1.2287620893987308,1.0201370575028117,1.1442317233422437,321.2506801853475,-36.07523968109597,S
1.9317036938415368,1.3774817241419408,1.572173039117505,1.3973896823598333,1.2286838953337123,1.014452430017025,1.1413385829832632,321.4308533187844,-35.96583710990463,S
1.9277379685902225,1.3821932043244676,1.5710154810758161,1.3973000720286308,1.2270649091695305,1.0109296353482988,1.1366106244485794,321.4874119072183,-35.54866477364831,S
1.9320009683955932,1.383741972727217,1.5777464874219984,1.4085196702825133,1.2245319408395188,1.0179062990381522,1.140202811303337,321.01778778310705,-35.69415200482191,S
1.9281753877228038,1.3799278548393812,1.5757200234691806,1.4108217517385933,1.223678927096224,1.0223880522382875,1.141885800727306,320.72197612172187,-35.58024751212076,S
1.9455457473310593,1.3889106164281573,1.5926041401640338,1.4246442578294771,1.2216128906525845,1.025727819327363,1.1466570428122382,320.48554976861385,-36.19647965372974,S
1.933436316664627,1.3796873328804846,1.580742668984156,1.4105105381513605,1.2231189519968642,1.0223407177382167,1.1457252895726104,320.4618003507417,-35.878354909057904,S
1.9520453823421722,1.3874015291793913,1.593828770939026,1.4276085858369527,1.2247522556592438,1.0289801155699625,1.1487869498613934,320.5317346838104,-36.366267871813726,S
1.935649116000969,1.3776398622869501,1.5788226177219906,1.4123332298118385,1.2260079721899517,1.025183190813959,1.1460343598805767,320.36820684100775,-35.668664862539096,S
1.9424759749637384,1.3815859900874523,1.5834924080587196,1.4161631945282034,1.2267036867862942,1.0250271823026826,1.1461410432791714,320.3019364555302,-35.59373639070641,S
1.9404575703815232,1.3805530700812578,1.5810174066375053,1.4115011709712173,1.2273473791211902,1.02241717581211,1.1452058170747819,320.58668960638715,-35.79534280116627,S
1.9344518731321194,1.3787092620208257,1.5778245559399426,1.406812414760815,1.226024697010579,1.0203836686342393,1.1444215248305987,320.7502297548081,-35.852825062015455,S
1.93578048079536,1.3804860880876688,1.5765175126806212,1.4072185696455055,1.2278839056496547,1.0193645425249218,1.142001738579276,321.18585101612643,-35.85955158951658,S
1.9371732664212922,1.3864638321926979,1.5796240727060409,1.4048218822682186,1.226350813394947,1.0132409152328823,1.1393186291833226,321.3841341749331,-35.756900614206614,S
1.9419559813112175,1.385219359963355,1.5769490897487322,1.4020177128483664,1.2314639666779887,1.012126853963011,1.1384110959800975,321.46680691185253,-35.49605455199591,S
1.9403695561187122,1.3875462396757847,1.582379878495202,1.4079330577903844,1.2262349783946622,1.0146927125969967,1.140415961103352,321.33606970985056,-35.949417997983396,S
1.944367400460883,1.3907981669727651,1.5818389327359181,1.4051605658332091,1.2291816570084937,1.0103267312263615,1.1373605245533043,321.74519423119926,-35.808903886949096,S
1.9479923840647704,1.3949491907235252,1.5843729323181508,1.4091259476594689,1.2295037010097083,1.0101629199330124,1.1357925742774733,321.4887619383284,-35.318086252759514,S
1.9381171225077736,1.384202459816184,1.580541503428363,1.4085930112783223,1.226236146474984,1.0176206531704743,1.141842721214534,321.27881736348405,-35.94079914018392,S
1.9362845293213766,1.3862611930154831,1.581403529124807,1.411825478664014,1.2244088834131859,1.0184411752830806,1.140768808282686,321.0575911106884,-35.76327639293461,S
1.9395977679938101,1.3856884555271622,1.5827947107312113,1.4149357665557605,1.2254259853432066,1.0211067003639513,1.1422442789487361,320.6995786068504,-35.54632195706334,S
1.9321047243665939,1.3730095222102536,1.5777450633222743,1.412227015466332,1.224598808313265,1.0285631618875786,1.1491144364260781,320.4054654456155,-36.32508304803478,S
1.9647498870462141,1.3813051360283661,1.5530474011822957,1.4104999718377595,1.2650933162442433,1.0211356890290995,1.1243333284401853,322.5718597706228,-33.772088737956224,S
1.9662885185851617,1.3829726056920533,1.5540519992423916,1.4129454361269627,1.2652655892748361,1.0216727578778835,1.1237041087048347,322.5424225313891,-33.691818103873494,S
1.9652083572107586,1.3830209396758957,1.5558256380666562,1.413302791163464,1.2631289195444941,1.021895439627013,1.1249472755135987,322.52752824209097,-33.89125709979303,S
1.9640045019768133,1.3843008898962297,1.557001756048074,1.4139349001766244,1.2614015972350467,1.0214072030847399,1.1247567399633691,322.5398160657387,-34.01997449991644,S
1.9690364682976833,1.3858673453456694,1.5591085820642534,1.4163158609385698,1.2629245268412845,1.021970728796778,1.1250056416296996,322.56696702899745,-33.98373501074166,S
1.9657812537625134,1.3818548769988157,1.5549806533965824,1.4140410418266223,1.2641837372501126,1.0232920007473651,1.1252850637787453,322.39370736080326,-33.770414017934954,S
1.9727649717306577,1.388074394281079,1.5618203983532548,1.4205794168495138,1.2631189692558074,1.0234173490285225,1.1251705274501254,322.6400601447598,-34.13467026154604,S
1.9728469493323524,1.3871299698901949,1.561674694246568,1.4233773389835886,1.263289311532422,1.0261311988639847,1.125831557348725,322.5609631336814,-34.10637123304604,S
1.9718933973011745,1.3916684930193786,1.5638700124545808,1.4199484721279623,1.260906201664535,1.0203209164038967,1.1237374563690754,322.6171565117543,-34.03169383777913,S
1.9764158842181818,1.4012768718263007,1.5720885433600642,1.424299592639575,1.2571912011990996,1.0164298157460263,1.1218971603457228,322.74005336651794,-34.073442336880206,S
1.9629058552033252,1.3896780770000692,1.5598969529188267,1.4130198311197057,1.2583561058507113,1.016796518924746,1.1224879910937453,322.6849373790605,-34.03466738791292,S
1.967675667556754,1.3882212515370067,1.5602460120086363,1.4138488254167039,1.261131675653892,1.018460727244539,1.123917394493974,322.69005770826266,-34.08487422375594,S
1.9633844256691404,1.3853034758974632,1.5605718767730141,1.415875181905171,1.2581185492904505,1.0220685983538025,1.1265198593124182,322.3187448103969,-34.13641570661098,S
1.9611052954661816,1.3850681142584582,1.5572939530770036,1.4149159032606984,1.259303223769219,1.021549690368997,1.1243446708833897,322.59626081891,-34.064356945078416,S
1.9615999204652443,1.3917033940742702,1.562595023848386,1.4142377443901464,1.2553476048030552,1.0161919202121839,1.1227931400481992,322.67349170039273,-34.13204705333082,S
1.9650623529960736,1.3902032832815032,1.5613323298913493,1.4146196967497902,1.2585804542539762,1.0175631965209098,1.1230964195436979,322.48271589802806,-33.88959775052703,S
1.9631056141012202,1.3888786968224018,1.5611229412373218,1.4169568829420183,1.257495846256217,1.0202164423601976,1.1240167660494724,322.55830356368244,-34.20947679884969,S
1.964200439069567,1.3892822299166456,1.562562372700924,1.4195041100025834,1.2570381018931123,1.0217535929238446,1.1247263796029945,322.4644208288431,-34.20665171995187,S
1.9604683032359058,1.3857775670441428,1.557183409989077,1.4127266522196964,1.258983553677635,1.0194469053450157,1.123689289696428,322.5800208425079,-34.086191611422215,S
1.9748261553870359,1.4027964851371892,1.574166863721401,1.4268113226352725,1.2545214874606485,1.0171192598160343,1.1221633931934556,322.753379859499,-34.29024368689993,S
1.966952138005344,1.386253796457516,1.5603974005483503,1.4165355115746183,1.2605456387674854,1.0218442793047604,1.1256217328571776,322.5193077424534,-34.038894375318044,S
1.9621997590584321,1.3836638765282847,1.5581518399993493,1.4178234896459745,1.2593122882422367,1.024687797157355,1.12610574463277,322.45131701125416,-34.20913709548002,S
1.9617879070558004,1.3857273222673738,1.5559339453698988,1.4118038683411205,1.2608426680924532,1.0188179489966895,1.1228283662791805,322.70218763688865,-34.06358000508025,S
1.958054847782608,1.387326804722245,1.5549579326872982,1.407206112176671,1.2592333249804852,1.0143292174466463,1.1208303100570558,322.7855889774638,-33.944590200783956,S
1.9498988977590037,1.3799492625140368,1.5491426375728605,1.4043156589950336,1.2586955200032666,1.0176574582435047,1.1226084028267689,322.5583484981226,-33.960300334287446,S
1.947720513829658,1.3819827864650354,1.549063018560508,1.3982932516000077,1.2573539555799407,1.0118022201829973,1.120898924163047,322.75110737373427,-34.010357145542585,S
1.9578425033643476,1.3866351499546583,1.5538792059702278,1.404417514401489,1.2599708496272006,1.0128241119860637,1.1206114355467176,322.81077952236683,-33.86737956345948,S
1.9740906012888122,1.3958580338956712,1.5671672319961418,1.42005197664683,1.2596553583974324,1.0173326671936949,1.122726805979235,322.70174362145855,-34.07647751963768,S
1.9788148868628563,1.3997054871256405,1.5695505422525393,1.4200066329149927,1.2607525744427202,1.0145038695469013,1.1213434230908699,322.84752301437993,-34.03482422692647,S
1.9801933544002113,1.3968192443830003,1.5671720345197657,1.422186621273389,1.2635456164243062,1.0181608157192836,1.121957648294009,322.9126783292744,-33.85694437518413,S
1.971466212722057,1.3882541268895752,1.5573591570749379,1.410331151067243,1.2659033748033452,1.0159027254088788,1.1218112929829696,322.72048110324863,-33.55311057932299,S
1.973349003171474,1.3896051006217756,1.5606095640021242,1.4153152313658761,1.2644732216755707,1.0185017532913463,1.1230597551087234,322.8083773835388,-33.85065083923194,S
1.9683911083367316,1.382619667781382,1.5537019894801376,1.40892560967515,1.2669038989873131,1.0190261591866256,1.1237378041737844,322.81955425862424,-33.85138620065022,S
1.9730102354940708,1.3902466919964827,1.558497286508794,1.4118870354779782,1.265969631499219,1.015565829867517,1.1210221146224724,322.9309164381197,-33.73527817179456,S
1.9685380666960202,1.3889184384085687,1.5576323449652365,1.413283315083174,1.26380148246084,1.0175423379809996,1.1214714283367,322.67579804654434,-33.57304131833415,S
1.9685406246746413,1.3844287988085924,1.555376706837127,1.4132582139336278,1.2656359170233988,1.020824050431373,1.1234790176104748,322.63000254146004,-33.73581441201118,S
1.9798844204847013,1.393044236302776,1.5628214696714704,1.4197690204741897,1.2668653834790893,1.0191844476111849,1.1218749763606168,323.06883882255266,-33.889493153797105,S
1.9906654709761933,1.3996114853115476,1.5714889619738166,1.4261783660255292,1.2667384366962935,1.0189816109633223,1.1228037055040383,322.9277102230964,-33.87556234028462,S
1.9797152002586464,1.3966403627456438,1.5675270005843216,1.4253961485256101,1.2629544496016176,1.020589255865007,1.1223555056813146,322.9825039572165,-34.094029498880225,S
1.9731567752360135,1.390715242520082,1.5615476307605465,1.4189164284714688,1.263590515183321,1.0202781885817862,1.1228377909563307,322.960187914355,-34.094748789457995,S
1.9813130796408434,1.3904126752648824,1.5618592849118036,1.417642014835081,1.268560553937947,1.0195836387675417,1.1233062764004647,322.9890564433446,-33.918803340183324,S
1.9733648591386035,1.3845450822301044,1.5563130008004515,1.4114452994523345,1.2679742816025128,1.0194289211434717,1.124060906918017,322.83102553365893,-33.854437276003466,S
1.9722663661594897,1.387023442467427,1.557441599222563,1.4119850106755063,1.266350126479219,1.0179965005953138,1.1228660969507285,322.8565817635421,-33.878758712351065,S
1.974648135141229,1.384866570083519,1.5551477845341573,1.4095066216154628,1.2697495085540906,1.0177923650294034,1.1229585709765302,322.91864925516904,-33.65714252092445,S
1.974626284611436,1.3848593355666217,1.5584450379681498,1.4171757671800536,1.2670490370233973,1.0233355336411907,1.1253453675354723,322.6810541893645,-33.92858438877553,S
1.970986198237465,1.3831226744729639,1.5561037666183695,1.4120603266461136,1.2666161733678551,1.020921970774701,1.1250656180669727,322.57468849294116,-33.868764437514805,S
1.9842551632946597,1.396979237230549,1.5667408684826172,1.4207348287938582,1.266485864517215,1.0170049711049418,1.1215205113489113,323.06024365292177,-33.880784939931296,S
1.9831732292688153,1.3957075310914089,1.5651666092519356,1.4205794637652553,1.2670684498033498,1.0178203041251752,1.1214144614008166,323.09899391617347,-33.82316752369376,S
1.9732441570064052,1.3942349933041698,1.5621099847834325,1.4186949263168702,1.2631915654005448,1.0175436229403003,1.1204065256470281,323.1536322008943,-33.97249999029758,S
1.9695967165847796,1.3864585475077058,1.5562929671721022,1.4123371479411408,1.2655693742314345,1.018665253627636,1.1224951297459922,322.74786371137503,-33.69285114227419,S
1.8628018470977925,1.3932701962211607,1.5625108816175401,1.3551887200307258,1.1921848794866539,0.9726675584579935,1.1214701110060314,321.2378776886926,-34.05786220523557,S
1.846622636852912,1.3775745389054324,1.547535806528601,1.3430119204983244,1.1932665008864747,0.9749105275751031,1.1233771841908555,320.85370793518564,-33.986329447970704,S
1.8635381322839328,1.3938305782432854,1.5639648744657877,1.3521312270170334,1.1915473056391193,0.9700829126027585,1.122062393290963,321.2503557384393,-34.19382797100323,S
1.8373728282729285,1.3797356448575702,1.544899714630242,1.3356563727397834,1.1893152745598683,0.9680523785247739,1.1197070398146607,320.96891958179634,-33.821686486849984,S
1.8692417247766733,1.3976361659685979,1.5667380190369355,1.3590284760444287,1.1930786781606826,0.9723764375420172,1.1209913260588429,321.02436705014964,-33.77628761700982,S
1.8568543110701758,1.3887098967842861,1.5594704182932428,1.3538988614238263,1.1906954369178762,0.9749328240253283,1.122963422313308,320.59283659943003,-33.71346361827938,S
1.8795314274026405,1.3994766084787005,1.568248719085765,1.3597133932105014,1.1984906504488284,0.971587081179282,1.1205965927437174,321.8678632213148,-34.25731203395542,S
1.8405686806531572,1.3798531457246297,1.545868098833845,1.3395650597058124,1.1906375984093502,0.9708026276972684,1.1203134939566577,321.39980821026415,-34.28330822687226,S
1.8485483878642701,1.379167532541033,1.5424182693034267,1.3346422413775472,1.1984741264113108,0.967715821237866,1.1183690399538437,322.12233181955315,-34.312233798579044,S
1.8411661502897758,1.3735570473377094,1.535444631908337,1.3273936652059084,1.1991094384181544,0.9663913615955908,1.11786010991273,322.00986318440266,-34.1640009090853,S
1.8403629795790262,1.3783308913634111,1.54468994472812,1.339529622938806,1.1914125458380889,0.971849090325311,1.1206960203874923,320.9971804251393,-33.859542425184145,S
1.8831355338861424,1.400611878998427,1.5714278597507627,1.3614365196898908,1.1983595188294665,0.9720298250386464,1.1219581122462603,321.81522618891927,-34.29854789634027,S
1.835707923213985,1.3774937104365825,1.5378475526126902,1.3270219029149566,1.193686539407142,0.9633596820521021,1.1164098543326817,321.9676369071158,-34.22172593296028,S
1.8497342961405034,1.3805623965606741,1.5450790161812107,1.336889220852498,1.1971777991731927,0.968365663285501,1.1191663774345793,321.91133104654443,-34.33187000678619,S
1.850982330746653,1.379811913678211,1.5469003058705832,1.341915975835688,1.196575062867374,0.9725354322086533,1.1210950496484402,321.5597130320012,-34.159105017199686,S
1.8557899014942154,1.381447782071061,1.5498959896466546,1.3449407455302391,1.197364154685824,0.9735733503541548,1.1219359933555049,321.53099476867806,-34.18884956100582,S
1.8536101691995834,1.3831676202617469,1.5501226293478625,1.34324052358081,1.195782923302912,0.9711335805609871,1.1207048275569966,321.54414091636716,-34.19095691571266,S
1.8384474800301462,1.3792823034909971,1.5401688905331832,1.329928393667344,1.1936661565691693,0.9642176879245553,1.1166451469978105,321.93837742792465,-34.25945325625218,S
1.83317861470185,1.3730187883144311,1.5326741782961852,1.319648420521462,1.1960654395180872,0.961129178823191,1.116280557367866,321.97640492496663,-34.10259783325036,S
1.8468088000249638,1.381782412073243,1.5441542708805327,1.3317501734053334,1.196000189133853,0.9637915215660905,1.1175089922903745,321.748058996927,-33.98376385299181,S
1.8498377243044515,1.3787701669155348,1.5457384466275434,1.3398501906346774,1.1967339806681945,0.9717719622785821,1.121099428837756,321.22197373208166,-33.8518369673053,S
1.8697957498769269,1.395970219765438,1.5659459644043718,1.3581217653589899,1.1940359325157994,0.9728873482610484,1.1217617268851872,321.33644825135957,-34.10607463523169,S
1.861162212464055,1.3887102577061503,1.5584068581034236,1.3531905318622055,1.194272344725872,0.9744225077572224,1.122197268620724,320.7879115200679,-33.66175209471851,S
1.8742551768116757,1.3991264625872357,1.5700348915453524,1.3624099262052447,1.1937665760834688,0.9737575284552223,1.1221536676835318,321.2871562849853,-34.0896125465457,S
1.8675694785715882,1.3927858413735328,1.5635745811896669,1.3584718629045531,1.19442302339721,0.9753630619656931,1.1226238340043049,320.9567233485253,-33.8330509812828,S
1.8785115454029926,1.4003994437695855,1.5728785767016824,1.3645762133979709,1.1943144075000505,0.9744192769206007,1.1231642398170474,321.1314974633997,-33.99819278926226,S
1.844119315024905,1.3791499658759323,1.5474241351771343,1.3437931697377286,1.1917348793411495,0.974363341904049,1.1220129597685389,320.89895085250475,-33.91470056763128,S
1.867535453499681,1.3892706008837554,1.559107909531293,1.352643163810038,1.1978230897828677,0.9736354911343998,1.1222492641386776,321.3980091905207,-34.00427132868906,S
1.8464901429968406,1.3793377504245643,1.5463799565619063,1.3416123753511753,1.1940727342988682,0.9726496464975478,1.1211031932432256,321.12381223011784,-33.8569764166439,S
1.8582081451460786,1.3858037034929698,1.5548343729173404,1.3450562722925572,1.1951164558187102,0.9705965346335075,1.1219730247496975,321.17776826998164,-33.97325996025336,S
1.8623055967675457,1.3864825835368528,1.5546515514052934,1.3466606445481486,1.1978926049918743,0.9712784426854318,1.1212917997422294,321.80455073813505,-34.397095312398434,S
1.8611136510141797,1.3829441792851591,1.5499025199740717,1.3446395826603936,1.2007940028675572,0.9723021382941393,1.1207267387865307,321.9059100065793,-34.290556431241804,S
1.8532281317685897,1.3839565160241185,1.5484553652615165,1.3422674867297448,1.1968237337313243,0.969876922568247,1.1188612845365808,322.065203964317,-34.394078024555284,S
1.857678532547782,1.3826846780981665,1.5523214063734887,1.3460305097528205,1.196709988614835,0.9734905803716849,1.1226864888013741,321.5388936184013,-34.33369419122683,S
1.8595432220943158,1.387775145384232,1.558473484620553,1.3555829070438232,1.1931824573499659,0.9768029868185197,1.1230014385284728,320.9388825192791,-33.98275075203809,S
1.8805543784652121,1.3959334464819382,1.5656463091542399,1.3582281902715991,1.2011361489946508,0.972989216423344,1.1215766146301716,321.19975282393693,-33.596536384209415,S
1.88136252393983,1.4017968370861098,1.5706467951770056,1.3638161981892862,1.197826608577397,0.9729057464733811,1.1204525175287747,321.308766160317,-33.78332566827801,S
1.8589221476838564,1.3866331772971203,1.5542519967783728,1.3502088311509013,1.1960236509504243,0.9737318082802412,1.1208818757733618,321.0999447929388,-33.72374034852403,S
1.8722049555534588,1.3947340723290982,1.5649719426277209,1.357535698006593,1.1963185438391104,0.973329414502374,1.1220575833602018,321.44474327113863,-34.13977813305587,S
1.857121013248629,1.3836597059366542,1.553251607990927,1.3475262420997365,1.1956343735260933,0.9738855849585809,1.1225676380736038,321.31430314575454,-34.15353091632231,S
1.8491355645579366,1.3850084595220018,1.5535403972207176,1.3478499215682418,1.1902719542189173,0.9731708945903592,1.121682966295296,321.00847234305775,-34.00671010781809,S
1.8691965842053848,1.3999587957425765,1.571092850226431,1.3650184912536536,1.1897429129895092,0.9750419050937926,1.1222422081309045,320.63463770826206,-33.702315824194,S
1.8710355686405304,1.403289029559684,1.576356094085752,1.371174567677941,1.1869371239533828,0.9771148628648371,1.1233295927499496,320.4860000142904,-33.79845562778517,S
1.8729989959157707,1.4057834886921874,1.5786945834931803,1.3748084906662525,1.1864226402623,0.9779660251560138,1.1229998048716971,320.7572329212269,-34.015971662466264,S
1.8737681436589118,1.4034255486606964,1.5732494834844664,1.3681259552845608,1.1910178031705756,0.9748475482651557,1.1210067288470233,320.2901983634319,-33.11776398619026,S
1.8688243161659497,1.4037922511068366,1.571735460398829,1.3648815191255421,1.1890196303719802,0.9722817019750501,1.1196353727979163,321.23664205058793,-33.90170671056796,S
1.861347611089614,1.3851006244496897,1.5558713642915976,1.3471570500786447,1.1963377267613011,0.972605907685501,1.1232912156903807,320.9922709379218,-33.890127276922726,S
1.8704167631649617,1.3884352744289916,1.5604139731051732,1.3525451937709607,1.1986670174728653,0.9741506994823428,1.1238651176929437,321.39103746500456,-34.153697536361875,S
1.8569629354683304,1.3843476819761453,1.5534297888215638,1.3475551722925367,1.195395471897721,0.9734224933789122,1.1221384692926673,321.4686666004121,-34.207743335653404,S
1.855115243517232,1.3829397858788133,1.552269258784454,1.3464163779358118,1.1950988741282744,0.9735900229959817,1.1224416815790987,321.2986180418423,-34.10590952483232,S
1.8355918850077544,1.3798252102371416,1.542636758979005,1.3285886452890514,1.1899054487866876,0.962867351192051,1.1179943282192113,321.61761284320824,-34.29803241814794,S
1.8377067346338698,1.3813894047551105,1.5477657828260418,1.3355373689814114,1.187328699875009,0.9668073060240189,1.1204413306618826,321.16054459633347,-34.223703129017615,S
1.8553466387524677,1.3867675199284033,1.5522921850338622,1.341497719111606,1.1952302901737502,0.9673558832563842,1.1193600677307505,321.7724777760489,-34.25798383742175,S
1.8363725410000635,1.3837699370687684,1.5482596471987282,1.3390814351793328,1.18608822772241,0.9677052516518034,1.1188707065557424,321.44163024497135,-34.408038288808996,S
1.8624501996392695,1.3943760124685474,1.5639803930182772,1.3556109450509821,1.1908398647153016,0.9721989857320213,1.12163460862287,321.4171522542813,-34.30681076742286,S
1.851073768878585,1.3871935808518907,1.55584234332474,1.3504385294485295,1.189756646501183,0.9735040214208679,1.121575506692642,320.88856638277406,-33.93901914381906,S
1.8726222079520642,1.3990922552588547,1.5709674683461152,1.362284125281837,1.1920184508489697,0.9736914203915683,1.122847662433426,320.622264911812,-33.564754740374106,S
1.8641704749603745,1.3977148942851827,1.5704977990051452,1.3638491531654613,1.1869933699628619,0.9757706373036534,1.1236181323003838,320.53360010343147,-33.936018563281046,S
1.8607760595656224,1.3941004737839882,1.5639992227621533,1.354690329196104,1.1897551050436819,0.9717307716846881,1.1218698021936764,320.975835544552,-33.99938889625492,S
1.8510858185138759,1.384500474574897,1.5527634183490158,1.3437374961677342,1.1921235370691905,0.9705576277106883,1.1215333232917692,321.1119804102184,-34.0581730834084,S
1.8677083355712814,1.3966142143373597,1.5678490874068818,1.362057707177394,1.1912551728179062,0.9752569415338785,1.1226071389734256,320.84726137412366,-33.90300716311641,S
1.8700129204854812,1.40050668913004,1.5736996191721133,1.3670828091217422,1.1882908896357562,0.9761344374377392,1.1236644789962813,320.4850820039673,-33.778455715387125,S
1.87111871762974,1.4041369687327128,1.5775817016643399,1.3716377387821945,1.186067710886682,0.9768546582888918,1.1235240840415786,321.004427148217,-34.2970984647732,S
1.8695893651103124,1.4006464913341843,1.5729336782284893,1.3666179705133163,1.1886002512298741,0.9757051325717069,1.123005474943355,320.7457697516164,-33.978051108538125,S
1.875443890456681,1.403305137466214,1.5734245856007074,1.3663768440712025,1.1919502895912024,0.9736847728914549,1.1212276956682838,320.6382981715625,-33.435976034326146,S
1.8705389994130688,1.4035585497798646,1.571346998658845,1.364464556667803,1.1904047934731068,0.9721465177792596,1.1195450299563894,321.4800948349845,-34.0371541659024,S
1.8814920072082315,1.4047258455162368,1.5758747975162006,1.367938111411151,1.193934956110553,0.9738114492429188,1.1218379746811498,321.22333038355055,-34.00613407033438,S
1.860913446171679,1.387350564850743,1.5587520499808567,1.3546924324975462,1.1938482750957942,0.9764600720390306,1.1235459079144527,320.93183018490083,-33.96769311268771,S
1.8832108826506717,1.405129871532603,1.5770200190399288,1.365056334812155,1.1941578799977113,0.9714805460104986,1.1223304343532614,321.55682918440914,-34.36285009559587,S
1.8481452204494786,1.3813661740511538,1.546822320819622,1.339139729035388,1.194801235781362,0.9694313891501138,1.1197771813705502,321.96066515089507,-34.54124361537973,S
1.8399044126799515,1.3747531968203237,1.5398802511210792,1.3324004658278021,1.1948360343867295,0.9691924840833398,1.1201139627699568,321.77113644381416,-34.38988044971184,S
1.8523252735903504,1.3867564509179433,1.551466866034034,1.3429516321244788,1.1939186805357895,0.9684120317129453,1.118773858962086,322.0244169539786,-34.5410904869064,S
1.8348511416698965,1.3780101595594552,1.5410682784998453,1.3312479914414954,1.1906358512914395,0.96606544023383,1.1183286769036007,321.66824165077173,-34.35627392642917,S
1.8619355055581372,1.391414962496928,1.5573711600425144,1.347535537689891,1.1955631087372316,0.968464170653811,1.1192715343866748,321.87413846182255,-34.25594621262556,S
1.8439369181909342,1.3824659654211762,1.5450556308773082,1.3346295867761107,1.1934437060650795,0.965397789282652,1.117608439934793,321.85289159495153,-34.29314235254895,S
1.8382449723685108,1.3773096194319807,1.5424022594535716,1.3329791084568283,1.1918064571687983,0.9678136924699365,1.1198660328021792,321.48074897207266,-34.24201115163171,S
1.8516267752787587,1.387948271054649,1.553819095056795,1.3510993885564495,1.191661745675148,0.9734508243090362,1.1195079294101553,320.7794371939855,-33.41094731186204,S
1.8676114241262491,1.3974081446075217,1.5686682630841098,1.363241149778428,1.1905713069341994,0.9755497383059193,1.122555546235698,321.06422087176264,-34.10061119763046,S
1.8445098244712292,1.380797915741808,1.549338952535433,1.3431147918848703,1.1905140714707783,0.9727091680633851,1.1220606106600903,321.0708208134463,-34.135923297715934,S
1.862985815618012,1.3932016662968736,1.5601399111456793,1.3491009087924681,1.194114580563444,0.9683457473736554,1.119823460513457,321.7393581630979,-34.290368478309176,S
1.8497925776298614,1.3870827214214625,1.5546244871729589,1.3489229212401332,1.1898645575779252,0.9724891676667823,1.120787147849266,321.3045306757649,-34.23376826377607,S
1.8634138297126863,1.393465623972532,1.563592040193784,1.3600400627752798,1.1917519287714868,0.976012640267392,1.1220887069580163,321.2393372129268,-34.213094466318076,S
1.8656812950070245,1.3933896985732726,1.5655014763118145,1.3601079007761925,1.1917467490368694,0.976114508503143,1.1235202025067155,321.40046133393326,-34.54407246868229,S
1.8578120855687412,1.3886798076562086,1.556326458341786,1.351778926722985,1.193716186993427,0.9734273655238752,1.120723762066166,321.52719523687716,-34.24034666596693,S
1.8479827957423147,1.383273352544213,1.5492961187773118,1.343175166479165,1.1927886304915831,0.971012102567221,1.1200216616099328,321.6001024915838,-34.28105447252801,S
1.8447380124128383,1.3832228638727144,1.5477282931103074,1.339649645727462,1.1919004263375335,0.9684987724803383,1.118929084773089,321.6494204023866,-34.30026678542344,S
1.8422263784648114,1.379050017638466,1.5423765667831757,1.3311000360656675,1.1944076551337985,0.9652297009104067,1.118434101051966,321.9356697729851,-34.39287856792985,S
1.838180265097984,1.374420263028024,1.536422657228269,1.322965500695623,1.196402732314616,0.9625625700402294,1.1178696200559013,321.85829839668816,-34.16037148773405,S
1.8402477449293424,1.3788718726674472,1.5441519982233505,1.333193629792506,1.191752979659172,0.9668727430152187,1.119866195570562,321.5803472175962,-34.374852670437136,S
1.8465250278154837,1.3843680994785375,1.5508402465746116,1.3411229672995604,1.1906610186922606,0.9687618255612315,1.120251360284003,321.51215603026196,-34.36316417735515,S
1.8432444128758967,1.3836675495433854,1.54653395113575,1.3386996529630286,1.1918551232077685,0.9675009386501864,1.117706310049774,321.75977151700414,-34.265390485967174,S
1.8485743691966667,1.3874438801405382,1.5540437110016085,1.3478725259169566,1.1895253370995775,0.9714789514804928,1.1200768068861964,321.42373731459713,-34.333741348908475,S
1.8581729025730989,1.3908491564603092,1.5601312984054316,1.3558259486479238,1.1910362316763259,0.9748188308921156,1.1217113596818387,321.64190780727483,-34.5851080700462,S
1.8619713144506977,1.3984141673841521,1.5676013218679135,1.3633318652246398,1.1877837103582054,0.9749127955238492,1.1209850117581688,321.4208654358407,-34.514209801529425,S
1.8639839698751204,1.3899715892590014,1.5592741703169082,1.3556341027601206,1.1954177176527478,0.9752962673739352,1.12180290760343,321.57085240791514,-34.3605354193527,S
1.8590292572244165,1.3874447289019372,1.5557792936071364,1.3523637529571935,1.194918369760651,0.9747154065210888,1.1213270418623622,321.5414377964169,-34.29389706106573,S
1.8460182516095385,1.3871749483288895,1.5512479758949904,1.3428122137846963,1.1900213765271672,0.9680193658358404,1.1182785399662512,321.803076486416,-34.46730562431638,S
1.8402006840648522,1.377779808100622,1.5431599525160156,1.338286424760199,1.1924886211986854,0.9713354898161356,1.1200337989009892,321.3675973987594,-34.09737293319813,S
1.8394154666848797,1.375344223583167,1.5355265662177366,1.3252084898606138,1.19790533563719,0.9635467740636339,1.1164670923016267,322.3182020403928,-34.33141605536269,S
1.843485755236365,1.377900147898799,1.5403556083916041,1.3317143490496401,1.1967923154843971,0.9664810262778555,1.1179007497317843,321.6295801074433,-33.92784869789048,S
1.9029817575518941,1.3788523877734156,1.5397235547480133,1.3365918237421628,1.235924300621179,0.96935091500295,1.1166703328079766,325.3197655162311,-35.40682634979073,S
1.9003603715125552,1.381002120489696,1.5377507628621083,1.3349049670790611,1.235805188596068,0.9666205049748301,1.1135035493767598,325.6413958595007,-35.29885276813837,S
1.9007201373911051,1.3802204247676177,1.5395137714553393,1.3327691826504167,1.2346236666621753,0.9656205333106919,1.1154115269048719,325.33196310281613,-35.356378666799074,S
1.9067915867336134,1.386336458520957,1.5435367847797083,1.3371946205553011,1.2353392582125915,0.964552733455424,1.1133926221823987,325.70614927722494,-35.35039093997257,S
1.8975076330222784,1.38216313914446,1.5413172942631266,1.336650975792724,1.2310947525761977,0.9670717862003559,1.1151486033820732,324.91049022586225,-35.09170656007122,S
1.9000231732842208,1.3825828065150536,1.5404108616954313,1.3325062612982508,1.233452204558586,0.9637804368889658,1.1141545044800607,325.40223110176714,-35.271378478702395,S
1.9028889647175018,1.3851721722038186,1.546244030066399,1.3393357047541479,1.2306524246601538,0.9669091912402885,1.116282914929134,324.9241840175457,-35.26473771178683,S
1.9035990944597474,1.3858828113499793,1.546207684044512,1.3415601942493918,1.2311406249646777,0.9680184956927107,1.1156842926267059,325.0278416660139,-35.21089334502767,S
1.9129487902863964,1.387450940253692,1.5547981386578087,1.3524734221922958,1.2303518654439374,0.9747900865921784,1.1206148581898814,324.7169892629396,-35.541598607859605,S
1.917531903822084,1.3936977960527217,1.560009021718652,1.356330011711996,1.229180009298633,0.9731880293944929,1.1193309095680302,324.6510566371293,-35.40342659909171,S
1.8983748669372775,1.3844511719760801,1.5443473163991763,1.3401493403647091,1.2292408882242611,0.9680004376404714,1.1154942461386126,325.02667431722944,-35.27130668948254,S
1.8957098917293553,1.3770439860451176,1.5347412250769659,1.3305149823215856,1.2351983909432596,0.9662109531757488,1.1145186650752938,325.39058666006804,-35.235499921137155,S
1.9031815108888075,1.3801661393266176,1.5421238701520235,1.335838348115759,1.234130116085416,0.9678822788447149,1.117346547064562,325.31986352248134,-35.569807090952935,S
1.9024625951408864,1.3785939006435428,1.5396459650665963,1.3356948916539875,1.2356493884349553,0.9688820551363752,1.1168234273689102,325.4786147033669,-35.60893291711261,S
1.8996285087752323,1.3791711202995838,1.5387532507936053,1.3351345005140547,1.2345244488000315,0.9680702277350737,1.115708723990216,325.45158146852657,-35.48606071832825,S
1.9045867220698893,1.3815122888263303,1.541535741948439,1.3365746252715682,1.235512528345641,0.9674721217333948,1.1158320880794028,325.4201443214331,-35.46206054936951,S
1.90089437247252,1.3818562068267113,1.5399161955019502,1.3343053861812697,1.2344141700859932,0.9655891688219593,1.1143823705349252,325.4424120708614,-35.31123485798947,S
1.9010645493788083,1.3842268806155718,1.5417349708481227,1.3370954948767515,1.2330683193448062,0.9659511122065042,1.1137877702262988,325.26058325674586,-35.14943234192985,S
1.9058131600878796,1.3863451265164146,1.5455616158273204,1.3419019179361644,1.2330877918883363,0.9679421756313117,1.114846214168172,325.2357183943881,-35.220158982127614,S
1.902827553781112,1.3832556444030133,1.5478591098270615,1.3441552543499253,1.2293286525242664,0.9717330703031666,1.1189971398924512,324.77514813264804,-35.48354279311287,S
1.9035811836787395,1.3810870634153152,1.548492893313646,1.3452030542902025,1.2293121859960456,0.9740175619078102,1.121213089553058,324.54128775177594,-35.518536669302,S
1.9099730704352444,1.3853788587340048,1.5528473330809962,1.3478612724480943,1.2299812285124494,0.9729188979250087,1.120882799164431,324.7523516884795,-35.62876300045378,S
1.905650263343737,1.3811243978185594,1.5447602426370002,1.3421191170204647,1.2336220280311432,0.971758314558991,1.1184801637541832,325.0100814356591,-35.484065367640184,S
1.9056438400952183,1.3837207531510292,1.5431795554464232,1.3381377539720327,1.23488147142018,0.9670576602430844,1.1152391491796825,325.31312831731793,-35.30315408429293,S
1.9042234482776998,1.3837632786644847,1.5418569890277363,1.3353791516471116,1.2350195004002702,0.9650343900843574,1.1142491008403064,325.18691857172405,-35.01831965649751,S
1.9042287499545927,1.3843232721226222,1.5449237888886829,1.3388908686309526,1.2325713175304074,0.9671807847151145,1.1160137375425376,324.953406219375,-35.07535405083929,S
1.9046477566000601,1.3826552632268385,1.548643845407816,1.343722041451817,1.229881074494888,0.9718416999446707,1.1200505914927728,324.6747204612766,-35.42024682577955,S
1.9121807778371946,1.3855913458217086,1.553226161209516,1.3506984659237844,1.2311026079731726,0.9748173370141603,1.1209843117837845,324.71460687216666,-35.55425630688529,S
1.9064124838484076,1.3828950213916056,1.547738969060035,1.3423881187883084,1.2317403140700143,0.9707086207002646,1.1192020689340159,324.8099741346944,-35.41783684250543,S
1.9095368653070486,1.3861637643921647,1.5505832338150045,1.3458380466813842,1.231495880816979,0.9709084029270788,1.118614750757778,324.85794747643473,-35.39419175835696,S
1.9102304272039035,1.3911874014703836,1.5570995808518375,1.352648610445792,1.226787580379978,0.9722979154470067,1.119259403302601,324.8306898457563,-35.81230473227586,S
1.912259642011256,1.3887658045707085,1.5548945473840359,1.350939546034816,1.2298323672357419,0.9727626800635508,1.1196232959269043,324.72115215066145,-35.5105183448697,S
1.9091517091160892,1.386695602295067,1.5504508598427444,1.3454299418182665,1.2313526075310288,0.9702417312000534,1.1180902696140758,325.0083435744972,-35.54970332720834,S
1.9067810184087464,1.3860602929732833,1.551651445046916,1.34720278057946,1.228872002469016,0.971965496312957,1.1194689386263406,324.8282053951968,-35.6183067483213,S
1.9039683016970912,1.3851964849234817,1.546949540105614,1.3413329212034186,1.2307888863440903,0.9683340492143351,1.1167726434066627,325.1529623237987,-35.47860307220611,S
1.9032893234365778,1.3840164525592615,1.5481962486380658,1.3424954185760705,1.2293592140601581,0.9699996095375801,1.1186256101039913,324.8480221274413,-35.46656881182906,S
1.9091909570765289,1.3867776786989887,1.5534729045243283,1.3485512166721343,1.2289824634315853,0.9724350466451719,1.1202032801549888,324.83889449536423,-35.697191013335676,S
1.9120398938483871,1.3851259168711558,1.5532850368928595,1.345326219093685,1.2309652436188847,0.9712663684270858,1.1214034897286134,324.63543257237814,-35.52461750790269,S
1.9039321203431312,1.3826968260115522,1.5448846130166836,1.3397433670477799,1.2324105660068285,0.9689350129719517,1.117298155281783,325.060352012977,-35.33526310101042,S
1.9018774608345845,1.3815644325562937,1.5442296262019182,1.3380137070156888,1.2316027542563812,0.9684772389080519,1.117739853323125,324.8920921598862,-35.296248838164225,S
1.9078597782297304,1.3871933413250117,1.5511096334720633,1.345804819332563,1.2299967307656416,0.9701638403534179,1.1181639842579427,324.9354225338013,-35.5267781271173,S
1.90600416991769,1.386057594034552,1.5536453484253385,1.350585772573942,1.2267948871661583,0.9744081186717802,1.1209096614109448,324.64205989364916,-35.68494734665257,S
1.9102123236746356,1.390787834021789,1.5564635474046855,1.3520295697983467,1.227277263807306,0.972132151809695,1.119123642967027,324.9362583882608,-35.800691706879675,S
1.9081201279498003,1.386064202385471,1.552367028583343,1.3474728172322765,1.2291681624358577,0.9721575774868313,1.1199820512727032,324.85795665477383,-35.71189273380896,S
1.8995705272284273,1.3841361295202024,1.5447380138928908,1.3381552195098645,1.2297040081517279,0.9667800666208484,1.116030411277798,325.06476674293424,-35.344940198474724,S
1.9037501510339245,1.3835750011259391,1.5433116012142292,1.3371306242042658,1.23354878531083,0.9664316160064489,1.1154520715959004,325.15350549580177,-35.174402996363014,S
1.9037504833568082,1.383711118872464,1.5438609698370578,1.3357266227311826,1.233110053658351,0.9653218829517087,1.1157393684131802,325.0792514343084,-35.2046913851003,S
1.9089655124806588,1.3864731997171162,1.5504808999581978,1.3439284692213413,1.2312086608304083,0.9693144227349975,1.11829128776131,324.84718790056036,-35.307480242073154,S
1.9186622942502107,1.3928628494567423,1.5614138225050893,1.3537432957187938,1.2287980717193612,0.9719142816155903,1.1210104592236678,324.64833169058187,-35.58117786464454,S
1.9165643204176097,1.3895727408361342,1.559717016884978,1.3527211554712484,1.2287897738304585,0.973479916321105,1.1224435907878163,324.5889725465071,-35.66358515895275,S
1.8869160810543024,1.3836392070460073,1.5990689577117967,1.4523227235109073,1.1800091996998074,1.0496397587717505,1.1556979229619548,320.27926163592196,-38.60637136991346,S
1.8816154480408487,1.3746457454911554,1.592400624472597,1.447507701755907,1.1816218978588002,1.0530041696224204,1.1584079968935115,320.1623787763863,-38.65807117450788,S
1.883548196251429,1.3759767643739114,1.5922031123194513,1.4447538594174254,1.1829823605278345,1.0499841980070126,1.1571438948272692,320.2927581833017,-38.60482809025162,S
1.8753115526397326,1.374675856099728,1.5855585640996197,1.4334704004376293,1.1827450559700095,1.042769751194085,1.153405406128405,320.2183868593725,-38.06101996138556,S
1.877114079353135,1.3716370292994742,1.5852784763549297,1.4359254207806975,1.1840910649775742,1.0468698278830055,1.1557565467334803,320.01756838145513,-38.04219826598066,S
1.878949878822305,1.3769717782580537,1.5857880802714885,1.4288086530488742,1.184868206665185,1.0376455607945698,1.151648933776696,320.146094986859,-37.67169952420084,S
1.8595670982430723,1.3602092987195427,1.575370025003582,1.4265933541565505,1.1804002035895307,1.0488042946769294,1.1581820727784944,320.11901466834206,-38.52553164717116,S
1.8611799496724233,1.3722396488265165,1.583568376653489,1.4288953084156717,1.1753076009294927,1.0412870008803528,1.1540027851605164,319.84935579951707,-38.14703790418213,S
1.8611524385207951,1.3620664729616798,1.577991451071013,1.4233130642193081,1.1794439299766772,1.0449659340960458,1.158527489219983,319.8344133766329,-38.40123037037874,S
1.858690345296627,1.3636957550855195,1.577785263857472,1.421390649939329,1.1780375871634015,1.0423077468993012,1.156992135506447,319.9208973687344,-38.337637500074266,S
1.8744923132769256,1.3618321845305443,1.5796163585551313,1.4382310576676658,1.1866756780054597,1.0561000643140608,1.1599199787598369,320.38699934162764,-38.83684932641665,S
1.885551817210325,1.3675320545940737,1.5912611633763856,1.4510979473324763,1.1849417685840486,1.0611070815178862,1.163600632270899,320.1174369262528,-39.02984294502781,S
1.8944170998250265,1.3778632327443314,1.5989885181053383,1.4572746568831685,1.184759664234328,1.057633749309553,1.1604842048949844,320.0473803035011,-38.69816293162449,S
1.8944102712075315,1.3778860888084512,1.6001434019732395,1.4555687630959049,1.1839003109792614,1.0563781541292945,1.16130311131669,320.00067849977853,-38.66823655942931,S
1.8972919736807186,1.3768168722100482,1.5971584420192642,1.4498873464234783,1.1879171932886008,1.0530720357138987,1.1600369477282237,320.13072462380984,-38.374728006091395,S
1.877090738250564,1.3716951527254033,1.5819082726965832,1.4276405275194808,1.1865989771017513,1.0407855744645014,1.153250610788782,320.2072519351599,-37.748761358811116,S
1.8783861874064498,1.3766422229216124,1.588720810919694,1.4334891222061414,1.182326167376804,1.0412938803837386,1.1540549784591037,320.209963263784,-38.03396609579493,S
1.8736425993725303,1.3624563093646491,1.5806207831563612,1.4368653291577207,1.1853840081939389,1.054613875895786,1.160125849388483,320.20749681692735,-38.53797450165174,S
1.8922736407641947,1.3741853639838888,1.594465779261569,1.453384465934158,1.1867759505259163,1.0576334925593034,1.160298909485593,320.145433569778,-38.53242462523838,S
1.8912901633631334,1.3737213776143975,1.5886170468125074,1.4365136315741296,1.1905261668681744,1.0457095994740775,1.1564332278000196,320.3811451772886,-38.03109030839009,S
1.8713406049193806,1.3629733314193162,1.5840725947827887,1.4409921149357336,1.181347755830586,1.0572416068003132,1.1622183341865049,319.8426453226133,-38.641169366714585,S
1.8718241260770467,1.3593511098153077,1.5786038445174033,1.4346371207887525,1.1857465903038416,1.0553837860063053,1.1612922026685844,320.1009301732567,-38.51436732283341,S
1.8874938786107294,1.3718897053318062,1.588022373618659,1.4429683733951464,1.1885814141961102,1.0518107744282177,1.1575437642303605,320.405565457766,-38.21489522851424,S
1.895577247509071,1.3773046374973357,1.5969413395386511,1.4532768162492238,1.187004932852884,1.0551600398949756,1.1594684981533292,320.1753263461666,-38.442694016837414,S
1.9002547763922784,1.3766867229262492,1.5955499722176216,1.4475023322845204,1.1909716458151127,1.0514391605431825,1.158978252384219,320.347952589794,-38.34690300426744,S
1.8856444537422257,1.3732638203206748,1.5875520558037157,1.437069541842904,1.1877685817285515,1.0464628286117155,1.1560430212404502,320.18517792759354,-37.8464575510928,S
1.8880098943350556,1.3752325548994395,1.5947476573826325,1.4523581424260255,1.1838925648172687,1.056081851212594,1.159620350537182,320.075027908589,-38.522066920962686,S
1.8822520664590354,1.369097678682099,1.5846666801476892,1.432422731623105,1.18779052405116,1.0462531300191549,1.15745333939438,320.3456040398199,-38.27921386313609,S
1.8837362089602736,1.373435763912987,1.5883592216600781,1.438580533519903,1.1859635926635546,1.047431974118189,1.1564859918419217,320.3011413739741,-38.17652828789073,S
1.880033550279844,1.3675442846653447,1.5866849654380004,1.443496889685023,1.1848814296673351,1.0555394116822074,1.1602439374212163,320.1067539388901,-38.42177947715816,S
1.884415025721985,1.3727813985362793,1.5880699960148954,1.4389187014694997,1.1866070327194256,1.0481775925895696,1.1568265695530011,320.28885364736584,-38.17830473895989,S
1.8796851816497642,1.371374420119497,1.5870719413745917,1.4414899517450017,1.1843730158960122,1.0511279272799874,1.1572856530576818,320.3057174664901,-38.37655632591232,S
1.879539037286625,1.3624032495840182,1.5827639987127453,1.4435759893266353,1.187504289215098,1.0595805535309766,1.1617441452785802,319.97362645558013,-38.38123057352928,S
1.8876580977144592,1.3701067735527674,1.585196690414461,1.4405975367711794,1.1908037085422614,1.0514491020547436,1.1569877041801295,320.336345964323,-37.985877256687,S
1.8925848506014902,1.368932790552356,1.5927748936863493,1.4565858750831782,1.1882312171692102,1.0640302322625017,1.1635157727821497,320.12855962387493,-38.79187215097947,S
1.8976686472956161,1.374887067664872,1.5935010283050222,1.4442948195205871,1.1908800895560963,1.0504825112462497,1.1590050308724247,320.3534511420928,-38.23239572279947,S
1.8882586995880595,1.3665681598538468,1.58517811302188,1.440075980223294,1.1911965501393444,1.0537900871167003,1.1599700326629983,320.0838784375559,-38.03851941796876,S
1.8917735344330961,1.3747536463977308,1.5910226916091856,1.4460109191438826,1.1890298890204554,1.0518327577692683,1.1573147638328838,320.53685677272676,-38.34371300444463,S
1.8870048657076552,1.3754791796543702,1.587311289865419,1.4369121920206225,1.1888057986834113,1.0446629896511332,1.1540060462887398,320.48985341209357,-37.981490955621666,S
1.8847848311135078,1.3776812746305782,1.5887290444464908,1.448839105454643,1.1863475636087224,1.051650430425677,1.1531905627972656,320.47913777501924,-38.17061350116836,S
1.8821142230289734,1.3718915777120213,1.5863072426507776,1.4366266405640664,1.1864752126352847,1.0471867193470255,1.1562919901413413,320.28081765228444,-38.10482330218792,S
1.8797517973018194,1.3687610610745562,1.584562659789872,1.4362176031253746,1.1862906056053928,1.0492829201306042,1.157661994377528,320.23345879528847,-38.21644943642688,S
1.878373714660366,1.3709823305931084,1.584364771103675,1.4319473025875868,1.185568973079276,1.0444680946165834,1.1556420062819148,320.07855843058104,-37.834221490304714,S
1.8691677851356638,1.353816706495609,1.577078354019074,1.4349855777147964,1.1852092068680167,1.0599555839647563,1.164912758464463,319.9542971880103,-38.82686577913481,S
1.8828858541769233,1.3729188097242264,1.5860145458564552,1.4337570248899167,1.187180697110288,1.0443130465798707,1.1552136474661838,320.2560850746974,-37.84073489538897,S
1.8706811709653028,1.3562135617876625,1.5723744045617596,1.4272595318939572,1.1897173888980246,1.052385532860066,1.1593855487547031,320.2491986201003,-38.23191439703354,S
1.8843326584197948,1.3717974743515808,1.5882301397582304,1.4404934434885246,1.1864355242034628,1.0500773404393493,1.1577730455502935,320.21739135978,-38.17020225787612,S
1.8749823183623096,1.371999333645338,1.5850690706759134,1.4316258157623103,1.1829025958867332,1.0434595561781708,1.155298717576239,320.16646108431326,-38.0405363253213,S
1.8696822550178436,1.3608563670972258,1.5807926661573686,1.4349899030128686,1.1827498286430662,1.0544756505594879,1.1616161002569858,319.9196358441676,-38.51774327002501,S
1.8774366872319581,1.3683749288202198,1.5835807696788506,1.4315246499895995,1.185564211930094,1.0461494286685198,1.1572711077395843,320.1104178409367,-38.02111782878612,S
1.8695381010004433,1.366524014726078,1.5789506760325562,1.422227852467721,1.1840383169524007,1.0407631605016534,1.1554503682462247,320.21952368942226,-38.120568557558016,S
1.8708722406983078,1.372145794040339,1.584644507570636,1.4303892876757813,1.1806258323303551,1.0424470153888983,1.154865987603683,320.260197183245,-38.37371557458363,S
1.8618427614959936,1.360889840007052,1.5810357973641378,1.4295100375211418,1.1776094915750863,1.050423036087722,1.161766184804455,319.4961040412015,-38.54590916711091,S
1.8676362021335908,1.357666567436998,1.5777040924012513,1.4315988192552387,1.1837683702088049,1.0544553821913798,1.162070371504868,319.8963894211755,-38.51858853104883,S
1.8773926322656285,1.3687780748034357,1.5884432353002922,1.437851673277698,1.181907285412507,1.0504636944043553,1.1604826703031472,319.769901924658,-38.29216246087502,S
1.8656148574911944,1.3558463457537975,1.5770520404535024,1.4346593272804657,1.1829760906017481,1.0581282545573785,1.1631495304703745,319.9111563900557,-38.74005810085621,S
1.8688855452318591,1.363469779510419,1.5832418904823065,1.4375561034856619,1.1804169384771246,1.0543366087672623,1.1611859054557125,319.6109181015907,-38.300210724426634,S
1.859581353694814,1.3626391618713731,1.5796463978010042,1.4320855315429133,1.177213682937841,1.0509646072230643,1.1592550999573543,319.9352332931851,-38.62966221534411,S
1.87613997433243,1.3707209177207984,1.5859710074529514,1.4347644818636782,1.1829598180016456,1.0467225409015934,1.1570342196937256,320.0441688297997,-38.23170424918283,S
1.8832491656647963,1.368223943670172,1.5835350840890372,1.4372908457527094,1.1892689872091948,1.0504792379946735,1.1573654235587392,320.507941437703,-38.258711758485695,S
1.897406216376585,1.3736938731439154,1.5909218833128147,1.4483763625463937,1.1926457460158701,1.0543661807499771,1.1581342207428929,320.6655216257654,-38.349929392064524,S
1.9016359471352766,1.3748624598191532,1.5927965524206598,1.4485368204522977,1.1938975785986332,1.053586713425018,1.1585133778619376,320.66598381009203,-38.303907284764975,S
1.8977203602378454,1.3731600657357135,1.595002099475209,1.4530859038252457,1.1897917631972004,1.0582057693665228,1.161555844271248,320.1683490410278,-38.44399603365934,S
1.891347326384092,1.3697977947789097,1.5900322755280407,1.4448039446014496,1.1895024745683143,1.0547570963454838,1.1607788255964286,320.06589807618633,-38.179975587475035,S
1.9015987845027063,1.3717160249993654,1.5961673774129492,1.4555870649274592,1.1913529943111587,1.0611431509142955,1.163628147752876,320.162922306721,-38.55942216082234,S
1.8967119362239104,1.374146037525544,1.5968306532326637,1.4441992866627722,1.1877977995876767,1.0509794790540419,1.16205309306725,320.04930359441704,-38.5619602110176,S
1.8893303697027664,1.3697592294591994,1.5889202702193483,1.4399834048587747,1.1890655592441695,1.0512675321978309,1.1599996817299614,320.2541845933725,-38.38272211879904,S
1.8760179886030137,1.3677046847709184,1.5851063642227161,1.4332834483960073,1.1835281410424159,1.0479480434302035,1.1589536702422065,319.89219606351446,-38.2008082441735,S
1.8651539358348246,1.3650445179923845,1.5782564444126579,1.423096031092278,1.181781289370204,1.0425271940473206,1.1561941193931544,320.2644552014561,-38.31077048710761,S
1.8665199158415047,1.3637965439386694,1.5797399989868575,1.4333787482302418,1.1815361496439725,1.0510209566088338,1.1583399342137497,320.0792014112509,-38.474503131261294,S
1.8803259135000514,1.3685899651834965,1.5829732245662285,1.4390992897291055,1.1878444210673902,1.05151968547143,1.1566453538580403,320.30813539884485,-38.06947355096512,S
1.877861569368112,1.3664569095648447,1.5841532966418932,1.439680340352356,1.1854039462903148,1.0535863445637885,1.1593144910411959,320.1719937350747,-38.35784546952713,S
1.889480717287604,1.3733542634853837,1.5911069089610075,1.447987699126849,1.1875259334531043,1.0543439064674076,1.1585553351128772,320.4039649893579,-38.341329452819956,S
1.8929885820743466,1.3751553225094,1.5962005018332446,1.449300133663993,1.1859340852858018,1.0539174084126677,1.160741972710747,320.21379347165373,-38.49902125600537,S
1.8909030424179372,1.3749334049019848,1.5968774761659095,1.4474313170859852,1.1841253137078374,1.0527283080951608,1.16142168811423,319.87917856326675,-38.493556217226335,S
1.8931275100723193,1.3704366361381937,1.5906354539082135,1.445163105745133,1.1901705732893597,1.0545274897331365,1.16067785402361,320.35128239466064,-38.481824611437474,S
1.8957753357787388,1.3790241322150523,1.6011048984825107,1.4530162288171662,1.1840419310286976,1.0536554037551644,1.1610419724205565,320.2843236889314,-38.85719209916687,S
1.876949970287751,1.3753886882483919,1.5895894494475566,1.4352904213323963,1.1807765652571884,1.0435525852406795,1.15573834729727,320.21945468525826,-38.35192483806722,S
1.883595865140051,1.3757917959815567,1.5882236078374101,1.440582014459745,1.1859764933886305,1.0470930402895475,1.1544069476764791,320.51884230845474,-38.242540888658446,S
1.8908863178709094,1.3816584863006345,1.5964986297869492,1.4492915001387203,1.184395828841548,1.0489506014030805,1.1554943899787748,320.4522348006807,-38.327129415794374,S
1.8950137135509317,1.3791477139488226,1.6005612997567806,1.4539922947550787,1.1839682202980266,1.054268719767485,1.1605437790082682,320.40617758119396,-38.86354094700484,S
1.8947441213706493,1.379379191787936,1.5978318438016195,1.4512443725491004,1.185821980404775,1.0520996555472273,1.1583702678090477,320.47556218125567,-38.563487999827636,S
1.8856100367995643,1.3750678315516256,1.5903977532634328,1.4456516939407384,1.1856216678691651,1.0513311858291863,1.1565958542342083,320.22663263209324,-38.135316813820914,S
1.8909162265814077,1.3742735031894393,1.5918245189474287,1.4467652171579688,1.1878923864244466,1.0527491171155445,1.158302561501108,320.0794491190853,-38.067535194940724,S
1.8842560715199679,1.3769552179359295,1.5967768014209467,1.4466967598574418,1.1800372286491123,1.0506490995589934,1.1596432335791806,319.86873424755373,-38.457495961194404,S
1.8810416193180999,1.368982485736584,1.585308021740706,1.4391875943388428,1.1865464588091035,1.0512826930466423,1.158019213728456,320.28771307046895,-38.255830162837036,S
1.887257367308287,1.3780279980619712,1.5958663179782449,1.4493089490585662,1.1825911394001953,1.0517267799325145,1.1580797489039676,320.4261613801737,-38.676074280371594,S
1.89193951018033,1.3849781956646703,1.603071520791458,1.4502332805500016,1.1801965699236263,1.0471163265166168,1.157470583875959,320.2875624438182,-38.6678442275647,S
1.897091882552724,1.3807239647212042,1.5986297559034104,1.4538130710371597,1.1866987184162903,1.0529353499927943,1.1578199529738775,320.4306238144982,-38.437529688189976,S
1.8916749437893123,1.380105126850032,1.594091755550339,1.4527082177036963,1.1866788327603115,1.0526069278645276,1.1550509628123133,320.43599273648033,-38.365348230662256,S
1.8592414374332293,1.3613786823944278,1.5813194144853282,1.437868685943497,1.1757532478271358,1.056185692150355,1.1615573498654048,319.7550890945645,-38.796916509575276,S
1.8614246438947113,1.3616385340223758,1.575348017787719,1.4322404206542085,1.1815958270025522,1.0518506820038869,1.156950231963567,320.13459030098096,-38.37192989482262,S
1.8765247046045608,1.3703638661141555,1.5883502200062825,1.4446705201056527,1.181430065591667,1.0542240319005225,1.1590718781211413,319.8902032803154,-38.30240789466429,S
1.8834049157081378,1.375966011157633,1.592975264243409,1.4451393944292046,1.1823189963986476,1.050272595914905,1.1577141087251137,319.83170508962337,-38.03667539794256,S
1.888116342850731,1.374053440204596,1.5923031431494328,1.4480326530166479,1.185776936366656,1.053840127790835,1.158836400797002,320.074313955207,-38.14131334854437,S
1.8909780474011786,1.3713569513344357,1.5918341400723532,1.4475327196875591,1.187924042962936,1.055547731959209,1.160773012834752,320.20555660540373,-38.45330110397675,S
1.8705275540546216,1.3631893969735396,1.5755922883661573,1.4260288060986357,1.1871900921743552,1.0460973429404659,1.1558131921097539,320.3232575015561,-38.03882913364126,S
1.8872415562986875,1.3721796007716829,1.5885164444118658,1.4418010600300009,1.188052892330883,1.0507378620256156,1.1576592769040728,320.64291179625064,-38.51292621539831,S
1.8947440067598993,1.3733245553164264,1.5953574912163304,1.4494500509541735,1.1876610836078572,1.055431540449087,1.1616755012792628,320.48657334585414,-38.83117095644031,S
1.9015849465604588,1.37365805334604,1.6008686335766273,1.4584983436063337,1.1878457149303858,1.061762306895544,1.1654054876882451,320.3214859700963,-39.08451143406554,S
1.9438574887604478,1.3631372798162287,1.5802147864593912,1.4472593525501998,1.2301223260388734,1.0617121063150088,1.1592484556452214,321.4950784910903,-38.24216766764025,S
1.94556832036083,1.3670261894504756,1.5833790036946769,1.4453974482894258,1.228744549359955,1.0573297420662104,1.1582653031184222,321.88979703895393,-38.707331545244756,S
1.940002293397596,1.3633778694978127,1.5774872289950772,1.4362427521759753,1.2298053877960429,1.053444378340248,1.1570432997978246,321.7343628390149,-38.32571130019601,S
1.9375745606273322,1.3619073804986026,1.5729987091857067,1.4309605628082784,1.231771233703272,1.0507032881225704,1.1549968314363803,322.2483850833277,-38.51557315167131,S
1.939121983965912,1.3523528924881638,1.5651632573693597,1.4249610380376974,1.2389263387290868,1.0536902357016766,1.1573630418977778,321.9558067397082,-38.09883439203207,S
1.9359790683238969,1.3524691562837254,1.5626453371086062,1.4226981195109962,1.238911365458062,1.0519264804679493,1.1554018292013377,322.4197084829181,-38.203565583759215,S
1.9408064455317988,1.3563586092016366,1.5657915555532456,1.4259025259285694,1.2395049894403398,1.051272514698651,1.1544082405130918,322.13930624519367,-37.90571481826837,S
1.935031640047303,1.3589106467219345,1.5742777522997138,1.436138991449979,1.2291551711383826,1.0568310689995257,1.158485111657123,321.9841543636482,-38.791188621063384,S
1.9422440960642868,1.364343957098164,1.577206847368327,1.4372733739864134,1.2314453867005768,1.0534538350896234,1.1560184945758862,321.8340340775829,-38.29627613586157,S
1.9473278328531147,1.362152887455397,1.5801806127047988,1.439902240486678,1.2323450985263444,1.0570782866940307,1.160061126219608,321.99193488231253,-38.844625646667104,S
1.9397959502153816,1.353265952407651,1.5662025068018177,1.4295831719846055,1.2385345712263232,1.0563948420051326,1.157350115855145,321.8652584670787,-37.89445229791461,S
1.9434489076955925,1.3550937840669781,1.5676515744261945,1.428703534110899,1.2397199348375296,1.054320779055601,1.1568583612871994,321.9877641506404,-38.01607303636993,S
1.9487553770750572,1.3540549912509632,1.5688832221919726,1.4307532366017914,1.2421290185972824,1.0566433755249256,1.1586554699248495,322.0425935808154,-38.03602493897977,S
1.9438486558093426,1.3427665642014739,1.5564864595831354,1.4175206713635082,1.2488696216027169,1.0556717073205422,1.1591638495323704,322.03911945392423,-37.664408841666265,S
1.9413678093071878,1.3441115736365663,1.5550784308721237,1.42090749345247,1.2484050776901485,1.0571350781603108,1.156956357919585,322.02528413297136,-37.49079105400549,S
1.9381219553915137,1.340065756947763,1.5544203624494932,1.417583476858696,1.2468454494107206,1.0578462060604348,1.1599582739804954,321.9187515357754,-37.74293136444216,S
1.9364721010154506,1.3391278129503912,1.5550098519312225,1.420910457823524,1.2453117892536028,1.061071575156779,1.1612109291533539,321.6891788716112,-37.73747688657234,S
1.9497795061174228,1.3579945632319401,1.5741788050590764,1.4346998372733468,1.2386010406513197,1.0564842276384767,1.1591937461904351,321.6451963101935,-37.991225429634355,S
1.9411734893967894,1.3518114163536725,1.5705052375331967,1.4389614962752515,1.236018475459403,1.0644691107555924,1.1617783505405073,321.427973979366,-38.23428732109904,S
1.9491920694110667,1.3601347931723085,1.5791541252808414,1.4406037363221682,1.234326680471684,1.0591624768028896,1.1610276666753767,321.58343952023057,-38.403075686825886,S
1.9360462434512133,1.344144861434046,1.5563720881550942,1.4217087612385861,1.2439481909150534,1.0577050153074932,1.1578901447382883,321.7978290526379,-37.687052237963144,S
1.9357534954816848,1.3497191424743402,1.558520540901372,1.4211696180348072,1.2420455455544652,1.0529372914052935,1.1546998867069869,322.15821487637896,-37.717875151041646,S
1.9398865420149953,1.353575757013997,1.5638974857742802,1.421099199604243,1.2404179683520395,1.0498852334199626,1.1553823106467682,322.3195927540146,-38.00356063967261,S
1.9371510708297706,1.3510137762579943,1.5625084746334004,1.4216154403629246,1.2397699611096635,1.0522582858484841,1.1565451826562412,322.17687340220476,-38.08189417000701,S
1.9309072717317444,1.348347488914035,1.5577303472440684,1.4168430596061343,1.2395645210019175,1.0507996427147026,1.155288499479219,322.0359839699135,-37.81644162220344,S
1.9398109938350716,1.3437086606939361,1.5564440255613146,1.415114598263805,1.2463095119244652,1.0531409372125298,1.158319560698161,322.18623213786685,-37.83871445769848,S
1.9398541157949047,1.3424993826336253,1.5587250471948348,1.4213350777272666,1.2445133407498457,1.0587230773536647,1.1610620215981273,321.7465629821819,-37.78848591447458,S
1.9368595265618216,1.3484692271911853,1.5625720681409307,1.4244797400165834,1.239532925266096,1.056367999575137,1.1587747325874942,321.54456156612747,-37.69367125436608,S
1.9345944499471077,1.3555247921661897,1.5670770043472049,1.431166754333834,1.2345241775486324,1.055802713904454,1.1560666491705733,321.78094166126084,-37.9538196041216,S
1.940697493657595,1.3556762296632983,1.567382122717004,1.4254722089253398,1.2381776374311717,1.0514842539353046,1.1561625765956565,321.97616955974655,-38.03919717469103,S
1.9416329123271814,1.354779753451868,1.5649869739517437,1.423894037701966,1.2406703344145864,1.0510151440291313,1.1551597002865484,322.09102209241826,-37.792642873018586,S
1.933182051237015,1.3462106882834541,1.5585540318469473,1.4233340072403218,1.2403689649091723,1.0572891892985987,1.1577341090897526,321.7358849803861,-37.65471839521517,S
1.94210965008674,1.3542323247021462,1.5669389057099035,1.4315588520107236,1.2394290824037362,1.0570998977783113,1.1570680134625648,321.7770673289308,-37.655067903880315,S
1.9328379371033078,1.3473968454101726,1.5566353551518102,1.41391172950832,1.241676755385534,1.0493654741175373,1.1552909303999013,321.9391690804129,-37.58853838760614,S
1.9563929542052623,1.3707676655454017,1.5847910433470234,1.4485582631274376,1.234480067525766,1.056749658995702,1.1561339555791652,321.95196587437715,-38.05541935736013,S
1.936038804867532,1.349266611069141,1.561434829592287,1.4264320698654793,1.2399100930604061,1.0571906679994056,1.1572470679868279,321.9326257072095,-37.85787399090007,S
1.9400644687156754,1.3432772482539155,1.5571568936133493,1.4189637444370118,1.2459017306944564,1.0563446572786659,1.1592222645306092,321.6960057175918,-37.61192743332466,S
1.9419029151148062,1.3531232928952017,1.5648818185621203,1.4212577568616092,1.2409262425319179,1.0503534780046717,1.1564961055498726,321.8131383450813,-37.58445436283691,S
1.941390419973675,1.3415515853970095,1.5591612304686802,1.4199980034019815,1.2451505219829624,1.0584743955125342,1.1622074375971705,321.5673683694455,-37.74783155821001,S
1.9410927045392656,1.3547463449634056,1.5701758120987028,1.432325717239873,1.2362263445803523,1.0572648692243292,1.1590183047448017,321.5979622041203,-37.97159362576535,S
1.951483186025551,1.3508188212347694,1.5625266335470192,1.4257536149748726,1.2489279504923252,1.0554736079792004,1.1567255423038376,322.29151958223224,-37.63720761076506,S
1.9560664318013972,1.356498963270822,1.5644956067256979,1.4177769158138334,1.2502856661229047,1.0451736080912708,1.1533334334095984,322.5628276218184,-37.365141142644404,S
1.9525227325838563,1.3550203918209522,1.5588907002633523,1.4170293620115337,1.2525077814974492,1.0457623889388485,1.1504555279558766,323.1534494771517,-37.54641134181629,S
1.9540414085030813,1.3511113676423814,1.5635281881054082,1.4253199886972039,1.2497641061853026,1.054924133444538,1.1572163668740965,322.2683643043047,-37.604586791370366,S
1.968322286370871,1.3704269056793374,1.5819113359512795,1.4408109048766768,1.2442683996491015,1.0513591778632287,1.1543201095917675,322.66415674102217,-37.99085792496604,S
1.9561074931336662,1.3572231650822362,1.5708491522777899,1.4286830597876916,1.2452548294005426,1.052651543639933,1.1573993081547571,321.89777731924005,-37.468760972499105,S
1.9503984038697653,1.348865044910798,1.5585736846463243,1.4203297801406456,1.2513995476013409,1.0529813827554362,1.1554704382968086,322.76288939830175,-37.70832237553388,S
1.9571094283902357,1.3574978550291956,1.5710928944776112,1.431535798189665,1.2456993696995715,1.054540007474912,1.1573446607352627,322.0805576879923,-37.541529054322304,S
1.9528757447333747,1.3473261142264383,1.5603863120699732,1.4226276843964785,1.251533501433202,1.0558896390227501,1.1581355809806022,322.15174043280825,-37.4998299313828,S
1.950622996874116,1.3496442451171675,1.5576825760948638,1.4126003169338397,1.2522596238858628,1.0466464196357217,1.1541430875064678,322.674787459973,-37.54068665259816,S
1.8717713366329505,1.3769230601911755,1.5329553286101707,1.332496559603063,1.2210214490268037,0.9677349433148833,1.1133195259271287,323.7150188648453,-34.53463643907793,S
1.8654620878889776,1.3784011247593297,1.5323696986390296,1.3364001696690941,1.2173707751763712,0.9695292216933086,1.1117008475356425,323.8455232536351,-34.56132188165241,S
1.8675064392722887,1.3781279276005893,1.5344856849379076,1.3398057428680425,1.2170243473779012,0.9721925780872402,1.1134566350524129,323.7052583577458,-34.74148668807683,S
1.8671817994520643,1.3860828153993834,1.5399982546997906,1.3411514452906845,1.2124570880218661,0.967583920953704,1.1110434655061057,323.5719682941205,-34.51597124727184,S
1.8612732761400288,1.382143045794225,1.5323431633425701,1.3317165903479868,1.2146582571491025,0.9635157478094017,1.1086719048403815,324.08017200740414,-34.60886677125066,S
1.8643146607109085,1.3879040153863291,1.5388001640965387,1.340497502642213,1.2115378619065107,0.9658430898545096,1.1087223230406225,323.70607706074134,-34.395766001714726,S
1.8657903142942056,1.3866648372342625,1.534880322847559,1.3397491344380663,1.2155933505178644,0.9661665158469218,1.1068863085249323,323.8969184685243,-34.125440635468884,S
1.8637631173695925,1.3872833262981112,1.5336594062545248,1.3393746753433629,1.215239257014203,0.96546584965986,1.1055127508430524,324.4376792682722,-34.48984912777998,S
1.8653002841127255,1.3870018267111233,1.5326089430253163,1.3370046460656146,1.217075166239529,0.963953053498089,1.1049797581445573,324.74791543101384,-34.588652176851305,S
1.863347530906748,1.3860391290752925,1.5353707699816115,1.3376115111751385,1.2136140451137183,0.9650604251465377,1.1077398449825488,324.0340077198086,-34.44746249677278,S
1.8654577525098084,1.3836099642053121,1.534205050178256,1.3380595448675592,1.2159116229561784,0.9670785694551461,1.108842151956776,324.0597028287897,-34.515645158959856,S
1.8657189753468404,1.387875791030838,1.53347140650059,1.3362517228493374,1.2166636870031018,0.9628035386775087,1.1049053643061328,324.5764871080751,-34.4124506812756,S
1.8644855468365198,1.383929888540108,1.5311795792787928,1.3322875846403697,1.2176792141616197,0.9626843062445778,1.1063996752711345,324.67492231314844,-34.609397162926065,S
1.8692497080567936,1.3883074861603264,1.5356241338607681,1.3352807336058814,1.2172573137133795,0.9618047492482359,1.1061124060548566,324.3454576466798,-34.34983062017186,S
1.871912559913368,1.39145756979192,1.5429836751133181,1.3429971947048909,1.2131771645451097,0.965172940850596,1.1088973955160253,323.69917258205993,-34.341903988878606,S
1.8699814099518839,1.3871217168639556,1.5372106163590145,1.3386195747841174,1.2164770331739312,0.9650339681873822,1.1082016795428624,323.731069812254,-34.08990054985388,S
1.873977918426231,1.3916466978916415,1.5422217868441428,1.3455327691006331,1.2151157080078363,0.9668637673190534,1.1081992212395746,323.5802753444444,-33.957583595694814,S
1.877971022821254,1.3967328989289423,1.5455068099188307,1.3490713889679677,1.2151166276128438,0.9658764320669164,1.1065156488430772,323.8857775278857,-34.07047965720392,S
1.8705709449467622,1.3909746104833838,1.5365304925347594,1.3391098771271457,1.2173991691248172,0.9627133860206015,1.104643090502416,324.46547227389726,-34.20807196472823,S
1.8649570425356652,1.381232588665948,1.5262568294085195,1.332613586610236,1.2219156085666163,0.9648002787838431,1.1049962489537275,324.58187045347074,-34.151054002890355,S
1.8748006184293244,1.3820612399776513,1.5356686212733155,1.339984422042929,1.220836704259031,0.9695550264216926,1.1111436865837785,323.7742723822324,-34.295441665081775,S
1.8739209447464529,1.387914332343187,1.5337234535751263,1.335109515977277,1.2218114943592486,0.9619538359570358,1.1050562832547257,324.1934052741597,-33.82114132719669,S
1.8776277768252636,1.3883090738728439,1.535653435076319,1.338121393698534,1.2226897905072893,0.9638497787568976,1.1061322467571586,324.1691213024542,-33.855612431704074,S
1.8778214281443055,1.3882136396180984,1.5346053471187138,1.3375573254343471,1.2236510394480211,0.963509712959104,1.1054532986298047,324.2386480996225,-33.89368125388932,S
1.8829521494566834,1.3867645850318084,1.5392263613398394,1.3459577827443372,1.2233107467167101,0.9705740954680241,1.1099406330055175,323.8339881170404,-34.05480402308651,S
1.8789224058313627,1.3859072465055997,1.535573972527961,1.3380471717117137,1.2235961532599824,0.9654666104715453,1.1079918778112519,323.989467564504,-33.91142180830848,S
1.879941317352565,1.391358966567717,1.5394321857846616,1.3400456418575362,1.221191381284745,0.9631199956710211,1.1064234484233928,323.9877268995989,-33.88534880534177,S
1.8774535749093917,1.3937142143397463,1.5412150576738506,1.3413221027636184,1.2181645679889894,0.962408282101831,1.1058329188412424,323.8534509999948,-33.710521671030385,S
1.8814079436114954,1.393474999256393,1.5366176059837737,1.3387550897952665,1.2243826546598624,0.9607313303142668,1.1027234839546936,324.0149573418526,-33.22580518318348,S
1.883020307934452,1.3968324144572177,1.5407771140659272,1.3419189181231665,1.2221237521924153,0.9606871262681934,1.1030508013122273,324.24427206664245,-33.606802384308075,S
1.8813508943331827,1.3937635565126512,1.5405778490945707,1.3436221836616178,1.221198198740097,0.9640244770235687,1.1053365844557344,324.06216490595045,-33.796855669010576,S
1.884772799594598,1.3954987551539726,1.5396214361896525,1.3407228507134252,1.2241793698710424,0.9607481524162996,1.1032768252235223,324.14996091255534,-33.46313261464378,S
1.884481666842303,1.398904251311543,1.5430147913494028,1.3459991472183228,1.2212985108161403,0.9621810398791633,1.1030167289167567,323.75869445243495,-33.141641074730494,S
1.8916063786777901,1.4013067419135772,1.5472334476515004,1.346503035979672,1.2225733495801834,0.960890999597228,1.1041361618931844,324.1251065335312,-33.609676057665034,S
1.8788130328973498,1.3934297189566387,1.5458339699403363,1.346716265285657,1.2154041568706537,0.9664759169153078,1.1093734753251951,323.53697069139787,-34.06368915883711,S
1.8846028577892915,1.4004297428890162,1.54745483501739,1.3455108378302538,1.2178726093599448,0.9607842483083318,1.1049856966227156,323.8543882783371,-33.71095231232957,S
1.8901832326777162,1.4011608343623483,1.5463957636236778,1.3447267442705946,1.2223153200112493,0.9597233317491092,1.1036532892581346,323.9419669333522,-33.40475590378113,S
1.8942905727464994,1.4067966864390107,1.549583383646604,1.348744852607597,1.2224515264797837,0.9587347380108217,1.101497749165891,324.07491499323964,-33.194421713387534,S
1.8914259730996974,1.4057694195616093,1.5460766734276647,1.3468944319525427,1.223371392640179,0.9581190294867654,1.0998081562407371,324.17295276286563,-32.992468808398996,S
1.892494862288608,1.4046711385143769,1.5490761574022336,1.3532921193499106,1.2216925896414803,0.9634227416256261,1.1028034355718193,324.0525219430762,-33.33941205111709,S
1.8794888894691728,1.399569799365981,1.5465315165121813,1.3474526960899105,1.215292976187058,0.9627620549545438,1.1050049216643396,323.7968706530516,-33.70208820989839,S
1.8926543977394106,1.4099391686720961,1.5523910599377941,1.353591003917738,1.2191866125634936,0.9600350383857852,1.1010340690087088,323.94892132909786,-33.08129891336763,S
1.8792253440570796,1.4039276052847771,1.5456124488632983,1.3484776502633504,1.2158451139799844,0.9605036934862613,1.1009203345280623,324.0500098338472,-33.38303394048122,S
1.8894941025932777,1.4051904448378882,1.5513902389442336,1.3549855324317168,1.2179360519111773,0.9642718091411706,1.1040426901872449,323.8761336158807,-33.50031325860661,S
1.88890638665781,1.4035352984240321,1.5500930730275457,1.3529875791431205,1.2185761097354721,0.9639854306922887,1.1044204408453973,323.9367437632485,-33.63183719934534,S
1.8923203308110605,1.401105623658957,1.5517985946399728,1.3559995947554622,1.2194368118048793,0.9678068318748865,1.107552898537003,323.71171510776827,-33.742364232553975,S
1.8819242904922224,1.3956617555999333,1.5409763291293617,1.3475918492424932,1.2212545091821712,0.9655576244282935,1.1041187615454606,323.9285866439523,-33.41380881844765,S
1.883210283136757,1.3960434809486233,1.5387109101513474,1.3454898629871903,1.2238883020277829,0.9637879345082566,1.1021941158349742,324.11697626757325,-33.25230590355794,S
1.8854152686853718,1.3940068228709865,1.5423859455561069,1.3500875686876375,1.2224017432975154,0.9684942329816604,1.1064407435105161,323.95029990406454,-33.73126632660926,S
1.8723365377653358,1.3847820623897409,1.5335060303383432,1.3410441220105593,1.2209515324515778,0.9684152896205903,1.1073988261314902,323.9824024077858,-33.97752342699575,S
1.9232700043003481,1.3688584466299427,1.5230098968057586,1.3218940795969774,1.2628086057313637,0.9656908520025652,1.11261314166949,326.78436523972954,-36.06980104935932,D
1.9207073159070822,1.3655275145400223,1.5179037143748437,1.3215402519710742,1.2653683482803355,0.9677873480390725,1.1115877916866064,326.9805876966728,-36.09909678394704,D
1.9198519989636524,1.3619198636092837,1.5171076767192542,1.3192082461840104,1.2654685151388416,0.9686386706248036,1.1139478300130672,326.67867963546973,-36.02558029222397,D
1.9305195977333294,1.367943003847476,1.5220333321206416,1.327645026303036,1.268381944726234,0.9705411867080003,1.112643822030429,326.89646940001137,-35.93172363709287,D
1.926337771143392,1.3682199450835084,1.5204003908485162,1.3223389740086637,1.2669937358200278,0.9664666698949164,1.1112251332922352,326.99785719177544,-35.93244134370169,D
1.9272413542524196,1.3662098514400176,1.5202653926324945,1.3192701369800477,1.2677006025344066,0.9656423832616239,1.1127612577453594,326.864714580925,-35.94071742008649,D
1.9275188450961254,1.3672593308651575,1.5213189894412584,1.3253311691003753,1.2670050518491547,0.9693341556950638,1.1126777159959969,326.994699892208,-36.08348569089891,D
1.9207891319254702,1.367324281974013,1.5188060267925003,1.3150877246700496,1.2646704701204672,0.9617965116303286,1.110786992387638,327.03765545166954,-36.05119438482862,D
1.9221272558358093,1.3680614200249295,1.5235123040853369,1.3239413532663236,1.261642095493142,0.9677499371645156,1.1136285855188979,326.52951536267545,-36.05285990602692,D
1.912693414293057,1.36398511933577,1.5220450582578062,1.329166937476376,1.2566601783014246,0.9744731952234569,1.1158809848299576,326.08763758941944,-36.09362554808027,D
1.9194141239251192,1.3679495037999378,1.5310263318355128,1.3290296788928633,1.2536780615810683,0.971548785390863,1.1192126080550302,326.05039144139914,-36.784845417442,D
1.9077865981611617,1.3610488871564022,1.5234062089716587,1.321341318594265,1.252316412343475,0.970825758768227,1.119288383648338,325.981375713276,-36.78181937572818,D
1.9176047920509642,1.3623653984309645,1.5295215041855885,1.3323586254620277,1.2537285594242202,0.9779745044879328,1.1226955014764304,325.4005382467464,-36.60320313853903,D
1.9156188081960666,1.3597425517103296,1.5201441790420567,1.319473913037357,1.2601560000731145,0.9703851007513727,1.117964703781586,326.2647992021802,-36.48343723213862,D
1.910590861797952,1.360034419340003,1.520320339959546,1.3188991594634882,1.2567028221491732,0.9697542508545653,1.1178543118764057,326.08791974015276,-36.47832680822746,D
1.9169132628423937,1.360569473809999,1.520728660384338,1.322283323843815,1.2605228748420687,0.9718602021409672,1.1177148169625222,326.0205575323672,-36.21005966389556,D
1.9218697316252058,1.3650356187020012,1.5210985295565456,1.321265332046103,1.263474846817122,0.9679346926510833,1.1143288194947931,326.65454924478075,-36.20986198235534,D
1.9243380944493904,1.366160107419959,1.5205196367325047,1.3227691712378513,1.2655792453852583,0.9682387620993758,1.1129878763654277,326.7549773482243,-36.02558291769068,D
1.9306832404244514,1.3702640187179105,1.5284649483907642,1.3382787462062347,1.2631517932139436,0.9766575841773888,1.1154528817160905,326.19611409663923,-35.828028273830945,D
1.942467448565082,1.3786847494156034,1.538430029278197,1.353743254348171,1.2626297014472943,0.981909210877973,1.1158678805508702,325.69009534562576,-35.32600795574079,D
1.9190158429763082,1.3584014325324587,1.5189233330313459,1.3237311107024219,1.2634053353742942,0.9744771162634883,1.1181697079041115,326.46132844441127,-36.533845671558424,D
1.918682884036705,1.361514678512831,1.5216194226353117,1.3216179249494027,1.2609479449951513,0.9706967877812327,1.1175931090932942,326.6675961844345,-36.71252257754978,D
1.9182872370051396,1.3630898213121823,1.5234631949485016,1.317651010407268,1.259162179543159,0.9666648446826692,1.1176542962384792,326.4193566795709,-36.599301028166096,D
1.9261847446694471,1.3627672727083195,1.5235652490698683,1.3246362816445183,1.2642614064907143,0.9720194402760928,1.1179937173292869,326.21138666974423,-36.17736472268209,D
1.9263004317093615,1.3613171675348381,1.5219503097739422,1.3236051430420281,1.2656789248234248,0.9722974003471202,1.11799832255843,326.5188672481142,-36.40759639562698,D
1.9116208729899258,1.355415747765704,1.5166498345497208,1.3213105600528723,1.2604233551098287,0.9748378401467952,1.118955447470489,326.38612010637786,-36.604551922555196,D
1.9262461097803314,1.3571553251291744,1.5213682319797925,1.329246103382504,1.2661274695302804,0.9794354992167061,1.1209978723953269,325.9451674072862,-36.31327861871921,D
1.9307659553902996,1.3682980731561605,1.52230971735561,1.3257246936882172,1.2683134932254228,0.9688858880216485,1.1125570862233265,326.93442191058847,-35.990667915894235,D
1.9102814651189763,1.3592592770705938,1.513255396140301,1.3146857526626217,1.2623655398760363,0.9672074892848738,1.113294146059898,326.83110032176546,-36.19098328396283,D
1.905956477239315,1.352210724795978,1.5162682943182717,1.3284959199459647,1.25700476913042,0.9824621973371854,1.1213254461852067,325.4512661135371,-36.294890632779804,D
1.9154248197874115,1.3604168211659986,1.520453851882278,1.3212022409643394,1.2597717565818725,0.9711745844423999,1.1176382328021448,326.5214899406375,-36.68485162226268,D
1.9166720123284449,1.3629042726889857,1.5242548332387285,1.3264437469338664,1.2574485384808722,0.9732479188115073,1.1183873026029927,326.28542709944236,-36.636177777554636,D
1.9210345320373285,1.3651352268518222,1.525860925217774,1.3269126779942242,1.2589840268457984,0.9720009064993919,1.1177361005741577,326.55390799823834,-36.70980909632908,D
1.9199117017528047,1.3596740190392145,1.5216773198095361,1.322557830054405,1.2617075097058779,0.972702141494888,1.1191486330560305,326.3902930299795,-36.621606943087926,D
1.9214019681250947,1.3625626611741817,1.5248783933771535,1.3241307315472772,1.2600361946697658,0.9717943763453888,1.1191253340694782,326.3967741172504,-36.68760109718462,D
1.916723950778938,1.359781941330691,1.5225074257193083,1.3226595707877453,1.2589258471914395,0.9726997620613952,1.1196702790664899,326.3023704335162,-36.779793161312824,D
1.9220167205282117,1.3635394301533175,1.523097367444029,1.3223535931184436,1.261913231295006,0.9697949057254304,1.1170174721480337,326.2317926861613,-36.248922433273655,D
1.9216089077565055,1.3619884971493832,1.5196166712745773,1.3206098208743045,1.2645352897745965,0.9696189238296186,1.1157338512440502,326.529486000844,-36.17152237739947,D
1.9092516890551048,1.3561983358395466,1.522796831745761,1.3327622344305972,1.253779656782123,0.9827192669467173,1.1228422801470868,325.3109309908724,-36.50238324505117,D
1.917654367616278,1.3624447038839194,1.523884244004555,1.3299851393058413,1.2583989729934801,0.976175499463908,1.1184925448059801,325.7122065131639,-36.07003514559186,D
1.924052984161935,1.3650829104216498,1.5213687301045102,1.3226473381430317,1.2646855072601382,0.9689135568582348,1.1144881519574417,326.4940165513267,-35.948677601722885,D
1.937349989988828,1.368893540262511,1.523249002630585,1.3334009089477743,1.271853772195556,0.9740720295108337,1.1127592890375342,326.68496810988245,-35.47833524958052,D
1.9375159241116966,1.3812325773258984,1.53580894795238,1.3330829244685662,1.2615605129107323,0.9651400831056627,1.1119119061944986,326.7638941985456,-36.09230153312101,D
1.9338722678986213,1.3695359056911351,1.5212185021872613,1.3278812125834976,1.2712652818237695,0.9695848112236118,1.1107547424392497,327.0514581508535,-35.673357370431695,D
1.926033800337118,1.3705874515850043,1.5192045391653626,1.3152965053761017,1.267790972633128,0.9596589432181347,1.1084331301942765,327.4956334422593,-35.98998344194519,D
1.9317837549921106,1.3680095232280587,1.5204778195815796,1.3248465172749957,1.2705109736646591,0.9684483147082102,1.1114526571377552,327.0337863334831,-35.77855135369816,D
1.919515252299355,1.3610828029861222,1.5196028853992314,1.3170522245718772,1.2631689968100175,0.9676503308118765,1.1164661562583313,326.854113071954,-36.633943152564626,D
1.9057464374793114,1.348513161972283,1.515503252507732,1.3225493275181037,1.2575007241494445,0.9807463247772787,1.1238327479809065,325.6825057250063,-36.830778115528126,D
1.9153113837665683,1.3603452706030565,1.524714480326481,1.325578896053191,1.2561770800238288,0.9744429776019633,1.1208290375064542,325.9148568207616,-36.76436606746387,D
1.9128159383339876,1.3576371731782158,1.5216702740362722,1.3265607075727548,1.2570502105296377,0.9771098889899197,1.1208224878478072,325.82839375267713,-36.64456481842087,D
1.930302163464711,1.3644932850743314,1.515321897420036,1.3144156181181705,1.2738561798329544,0.9632994405293589,1.1105381858566552,327.3107082199373,-35.756156137100334,D
1.935649093771632,1.37231959874014,1.5240950580532586,1.3279996193173988,1.270031736894453,0.9677043310731486,1.1105977495712052,327.1821461129795,-35.85671929702742,D
1.9343731859407516,1.3691371967187396,1.5228553763285644,1.3268822892192438,1.2702277681839433,0.9691375651755255,1.112273758961647,326.94972270582144,-35.82524536546546,D
1.9348489824099981,1.37523683744593,1.531173509280555,1.3355941904095452,1.263637968318245,0.9711739491286399,1.1133889578788685,326.58984864592776,-35.95112160179158,D
1.942400076948054,1.3808700328405559,1.5372919654817434,1.345929284178922,1.2635206067309155,0.9746965696766132,1.113277809584596,326.3078968301372,-35.61713864452619,D
1.949755773976232,1.3852534930728027,1.542306379431734,1.34952313677549,1.2641818772056324,0.9742066297064124,1.1133748351072934,326.57744089085116,-35.86518286239253,D
1.9329894469996431,1.3726429744399442,1.5270323766085585,1.3272356038634678,1.2658470616665571,0.9669197515872595,1.1124760079958935,326.94428714344224,-36.0831659304442,D
1.922349879721499,1.3618209030980035,1.5181586417604376,1.3186538932100507,1.2662378139167105,0.9683019919948708,1.1148005132736483,326.87045426785517,-36.30405954073852,D
1.9063370490750635,1.3490093276233797,1.5153961978536568,1.3249204776444934,1.2579793005783695,0.9821433036187194,1.1233400443000714,325.9756809979253,-36.915792127783995,D
1.9058032451869211,1.347523246363455,1.5160876806903716,1.3276126569403344,1.2570534471456738,0.9852243072786662,1.1250920418492367,325.43562201108875,-36.72176529584188,D
1.9323738258216192,1.367459008037987,1.5263044181836676,1.3360708219994446,1.266047456064618,0.9770463422639794,1.1161610031540106,326.4230661483691,-35.9605015730723,D
1.9312219105425639,1.3690378952149411,1.5257957424185613,1.3348834087980215,1.265714575583594,0.9750521979440478,1.1145021973106222,326.50842325028185,-35.81621629101851,D
1.9186036495525047,1.3617108791669263,1.5214480241372244,1.329021470179937,1.2610379185582088,0.9759938695598964,1.117306211923652,326.0691784401859,-36.0801009229596,D
1.9248795958781295,1.3631177521041693,1.51688497360827,1.3177270390615867,1.2689687282611468,0.9667008129176548,1.112805530752379,326.7566810328975,-35.79837213253944,D
1.9337953489818558,1.3734065037746606,1.5327352182748486,1.3442641687965036,1.2616630230226036,0.9787809837087108,1.1160098733057475,326.1670301304289,-35.904144753010776,D
1.936706623906555,1.3775408980525625,1.5343909718558586,1.3395635304495717,1.2621989176357653,0.9724310416796483,1.1138623717270653,326.4809964723788,-36.0069030913249,D
1.9323316157490344,1.3715787542841553,1.5231164926759135,1.3229703851383166,1.268669615909801,0.9645602784426272,1.1104841686402818,327.1477961974862,-35.90187650204878,D
1.9322634308138085,1.3651876791250586,1.5189509546382525,1.3206511794704687,1.2721038983605557,0.9673770131861041,1.1126316021338105,326.83844950632783,-35.7027723202423,D
1.9244618335903867,1.3639656935895699,1.5207022170560314,1.3215921545229496,1.2655086656715768,0.9689335741611615,1.1149123648806558,326.95939167818085,-36.3722896946475,D
1.9106945529359092,1.344155010502681,1.5150044450732798,1.3316133365551597,1.2611808230328263,0.9906694734985729,1.1271054552753594,325.4539793577193,-36.61401086605233,D
1.927523250025915,1.3727141802346667,1.5267045315294994,1.3248824346408787,1.2625385005537797,0.9651553496842211,1.112179471525899,326.7095984612275,-35.976963645941346,D
1.9284300304886126,1.3697012284880152,1.5228593255710847,1.3288389945934913,1.2663218447740967,0.9701670458895398,1.1118186170075481,326.6418807823225,-35.67996079820409,D
1.9357774080110233,1.3794851954301943,1.5349024565525884,1.3372333891674704,1.2611729167199364,0.9693713231554125,1.1126632323690338,326.5606159062025,-35.97783155320866,D
1.9320808231086344,1.380126212825126,1.5349067431211525,1.3375792022435453,1.2587610496647172,0.9691716524284495,1.112149547525215,326.34264887249844,-35.802465301220835,D
1.9443304234459275,1.38101603627521,1.5395707594822523,1.337789038232895,1.2629042292929709,0.9686991338935469,1.1148101970160218,326.6069162661438,-36.30262757233379,D
1.9414137716192852,1.3837914873835688,1.5405761764412416,1.3398327645576882,1.2601868062791841,0.9682331310557514,1.1133008047000754,326.3985257451679,-35.981081647704684,D
1.941339574975837,1.380610986332866,1.5420656650568407,1.3534637898745443,1.2589214707042187,0.980336824256028,1.11694436761859,326.00564918156533,-36.08868873375871,D
1.9477729848116778,1.385120608223525,1.5421828657947436,1.3458953834614815,1.2629974226875609,0.9716810041456596,1.1133924776216113,326.59045431498015,-36.03120254365197,D
1.939091349847043,1.3807882023327807,1.5367715098975272,1.339076293915886,1.2617954831660971,0.9697912334806857,1.1129668600160543,326.4253976877361,-35.8884136369121,D
1.9407803675634405,1.3828300861872989,1.5379369807875398,1.340954401236486,1.2619375122702456,0.9697174039174463,1.112166271293603,326.58741483383074,-35.943579363870626,D
1.9167286974298903,1.3566780575829678,1.5219398606605887,1.3238557265847655,1.2593984473196898,0.9758068387597586,1.1218135740855486,326.4568597070007,-37.09413344304281,D
1.9159732201994168,1.3595197811795245,1.5211986009761225,1.3202488250298225,1.25951550242682,0.971114097276591,1.1189234772710146,326.4671345629124,-36.79803030836088,D
1.9299680859411157,1.365817968589948,1.5182991675027335,1.3187686984221518,1.2711382099454658,0.9655523127899911,1.1116409378258547,326.83936906601053,-35.60209970620231,D
1.9373855946080238,1.3738790950924327,1.533020319935641,1.341528632988859,1.263770329338726,0.9764531957585415,1.115833500496273,326.3327698293335,-35.968069998571565,D
1.938018216622588,1.3810637444299962,1.5377452266318523,1.3336389224918246,1.2602986392404287,0.9656606567731273,1.1134498554710253,326.5584794852867,-36.15325420646687,D
1.9306937554497121,1.370849188098349,1.528774470289409,1.3375766627557275,1.2629029284379771,0.9757285297088168,1.1152025208623677,326.2566307830426,-35.90491094389211,D
1.9429720057678754,1.3803513109415253,1.5384548069047255,1.3475040505114517,1.26293732974647,0.9762036952696711,1.1145385922482003,326.2425231145149,-35.77804177250493,D
1.9475852867301857,1.3855211028065568,1.5447333066855629,1.355166076406374,1.260790635057256,0.9780912565397274,1.1149114247025906,325.97795424690173,-35.591457238051284,D
1.9508956544237295,1.388278746014301,1.5481226414981288,1.3608142561081369,1.2601686727711923,0.98021687648463,1.1151381852835636,325.85327937923057,-35.4732168215352,D
1.9559972450110157,1.3906648948254223,1.550887400126088,1.360297915522976,1.261211642348756,0.9781636975122907,1.115212878312269,326.18752199909466,-35.7175387623062,D
1.9339510020711859,1.367035761412826,1.5213498206538512,1.3235045397480114,1.2712073027622308,0.9681564865429525,1.1128822402433294,326.98277841305713,-35.882154049149726,D
1.9304880585630697,1.3623089044976975,1.517843688055915,1.3194096944689189,1.2718622304485636,0.9685099246674922,1.114169982332726,327.23746977002617,-36.260855727913516,D
1.9265584721846958,1.3592832733251847,1.5213335671906103,1.3202521982079354,1.266361640690279,0.9712855474033985,1.1192174560266643,326.70844304529993,-36.64979697662763,D
1.925829341450976,1.3553503696174447,1.5115987852630446,1.3148732505050873,1.2740347241783792,0.9701353096441164,1.1152826746118067,327.35132601088986,-36.39244165878068,D
1.9291971919593074,1.3599573429741512,1.5164744556617167,1.3162542576804075,1.2721593725213778,0.9678643705116754,1.1150897221123652,326.9114503085276,-36.065165531707585,D
1.9399737884677914,1.3725182700609815,1.5298434224555066,1.3369907803444547,1.2680864982600615,0.974115106158151,1.1146251790058395,326.31408490696265,-35.58733058953098,D
1.9524233350494398,1.3897905346730413,1.546250346729557,1.3397972360586685,1.2626825527825887,0.9640281773640558,1.1125779807482457,326.67407687302494,-36.078156588078436,D
1.953444907960799,1.387455658345632,1.5419720904850345,1.3380557174150212,1.266848420937589,0.9643953011157748,1.11136675338774,326.75291744745425,-35.779823487482545,D
1.9525391441978688,1.3832323843618048,1.5391371991103322,1.3378358802783925,1.2685933036551227,0.9671808550778275,1.1127105007886717,326.64000668409494,-35.70666875430755,D
1.9543965623575905,1.3899622907409663,1.5449815471825985,1.3420126869951368,1.2649967023370565,0.9655029463279408,1.1115276705521226,326.71993064120136,-35.85527125231606,D
1.9465819148043058,1.435641796818954,1.5917797090483403,1.4011221326407135,1.222896550156483,0.9759552387965242,1.108758265867817,325.9400412775116,-37.1466870099576,D
1.9426531065896666,1.432490603550711,1.591861567639294,1.4036528228679113,1.220365605955668,0.9798687819582763,1.1112544568833824,325.80551010303594,-37.450404507694365,D
1.925179568012019,1.4278128533666468,1.5845690058511102,1.3966270295834482,1.214954704341171,0.9781583253647946,1.1097876042471864,325.979430913069,-37.67814920491148,D
1.9425564566649507,1.442204872942652,1.6030833684401047,1.4130138041801203,1.211762591333708,0.9797594160786806,1.1115503757584724,325.4968351505384,-37.676762836426335,D
1.9475435662125293,1.446438304896328,1.607393687916885,1.4147365244483463,1.2116157857609011,0.9780828671774882,1.1112770468506732,325.3306886026931,-37.57157433242237,D
1.9557163131126887,1.452146449338567,1.6081851439780346,1.4113750437200256,1.2161014671948747,0.971923351369201,1.1074538278908035,325.4525134913306,-36.925796565819745,D
1.95716478651419,1.4471997411696174,1.6073100021690163,1.414452668691216,1.217664783939038,0.9773721128142716,1.1106345284929355,325.10504539986914,-36.843307422232144,D
1.958793924158404,1.4504571080133377,1.6114032509273153,1.4184278089939812,1.2155827059621331,0.9779177896110101,1.1109623594002185,325.3835245530825,-37.35398177295152,D
1.9546025443681632,1.451893470703077,1.6136198651256646,1.4221464596521536,1.2113153702504422,0.9795115746084879,1.111389986721458,325.46846154946815,-37.68484137886366,D
1.9449465562168533,1.449778242086264,1.6065236303394481,1.4087705406443911,1.2106554298276326,0.9717145007067689,1.108116802765383,325.7407157780256,-37.674411254332036,D
1.9362263830593198,1.4393173303801543,1.5953026046260979,1.398123374264129,1.2137047713986067,0.9713795177432172,1.1083744848710635,325.7326853031102,-37.46958670492289,D
1.943305905278874,1.4376539210632284,1.5967234558380146,1.4078385386408034,1.21705853206682,0.9792610850319423,1.1106452202746715,325.73608893360927,-37.55716177529201,D
1.9375772346060913,1.4318842346278702,1.5893058973830712,1.3979457007204001,1.2191342382838186,0.9762979903774901,1.1099402164980976,325.644828880442,-37.301172477455694,D
1.9184033405660232,1.4266606931841312,1.5856051891632181,1.3940171467481766,1.2098871482493285,0.9771189137039318,1.111410159919905,325.3296561000366,-37.592389704653705,D
1.9227530866216629,1.4307087657451332,1.587475463691819,1.3902517478932823,1.211201766955267,0.9717223946476764,1.1095727528202006,325.55574069355754,-37.55431642386509,D
1.9389653875647994,1.435025007173159,1.5934854359209014,1.3984827447830526,1.2168077246619071,0.9745354525479033,1.110423461581267,325.5733177116963,-37.41150471609034,D
1.952014626684454,1.4485898582520478,1.6074109978676123,1.4145650514228298,1.2143842671687528,0.9765117734081928,1.1096384450787247,325.81387089011105,-37.654683536172605,D
1.9442027597351887,1.446207211398436,1.604621303043844,1.4116849223207184,1.211627164644508,0.9761290852336881,1.1095376170142497,325.71774994711365,-37.720054654665674,D
1.9488566880450435,1.4454269348303521,1.6032289291289346,1.4100060742959226,1.215582286868972,0.9754945340501858,1.1091732764182254,325.509205133802,-37.27711725197402,D
1.9447186325184658,1.444678619936218,1.60396784609227,1.4104688238527587,1.2124424047878288,0.9763201340343989,1.1102592811701502,325.5241672396928,-37.63525020171343,D
1.943954034078613,1.4428478385706995,1.6040778447560076,1.4145686725336946,1.2118826031004144,0.9804004516061662,1.1117442892280478,325.48146126085663,-37.7775277074796,D
1.9450457484658457,1.4425524152904008,1.6028928355499927,1.4187195329325721,1.2134596308170855,0.9834786714817355,1.1111504986301062,325.4841120215848,-37.573389006961214,D
1.9432893154385729,1.4369964066984637,1.5985282629293287,1.4118215103609795,1.2156740424954788,0.98248089123944,1.1124093668417645,325.3892274475045,-37.515362192895644,D
1.948284841787502,1.4455035091921336,1.6042948285874632,1.4131067568683215,1.214418202359296,0.9775879116738236,1.1098519086156182,325.45449528423933,-37.34484820259322,D
1.9443000036062559,1.4425444563533882,1.5983872798010612,1.4042814906751804,1.216413586479647,0.9734753646518923,1.1080332899005612,325.687518573367,-37.27984164018042,D
1.9450340352488094,1.4484909375267443,1.6066853442396343,1.4131044532875314,1.2105880234871371,0.9755701031173628,1.1092132526441638,325.59351957499086,-37.64729440864754,D
1.9458016037476193,1.4480416997098808,1.6028593667044904,1.4073892000729307,1.213956535530765,0.9719258777940615,1.106915199352082,325.7955655379978,-37.422420524687,D
1.9348685367451282,1.4309084399516077,1.588915992924557,1.3946533964226662,1.2177286561159293,0.9746629186629386,1.1104246425286954,325.4797278902931,-37.230080305676275,D
1.9270376888134657,1.4284862288997593,1.5862467491539856,1.39353903206881,1.2148410641920866,0.9755355031613667,1.1104389507315977,325.50992460536196,-37.417442629961464,D
1.9380798300290618,1.4345859145955753,1.5951626422192833,1.406138526168198,1.2149731812504663,0.9801703138599427,1.1119324579936198,325.53002906835275,-37.6086596844609,D
1.9413717302893625,1.4363572491071561,1.5949049373794522,1.404571843963169,1.2172335070196605,0.9778708220648136,1.1103817928101452,325.7223277191289,-37.52726406169592,D
1.9438941836021253,1.4361698489952157,1.5953814072302204,1.4054947858874647,1.2184510705668599,0.9786410617593649,1.110858446406178,325.6984492743729,-37.481331510031886,D
1.9341653678575275,1.4329122346369245,1.5905120170975364,1.3989381976784048,1.2160646050239285,0.9762902178254287,1.1099856492610274,325.77957930019284,-37.59602239513259,D
1.9468401317813544,1.4425897076202485,1.602244564981265,1.412323198746662,1.2150705169058373,0.9790193228790497,1.110672394595404,325.7207305959971,-37.68160363191873,D
1.952072810780324,1.4507614114401628,1.608569607637166,1.413824647115685,1.2135457499086602,0.9745397389031661,1.1087761191830625,325.63849765076276,-37.461304484065955,D
1.9491595743202255,1.4493850854561465,1.6084077420861613,1.4143727754289814,1.2118566227442409,0.9758433349573581,1.1097173264895075,325.67833527264514,-37.68903449969034,D
1.947839578294246,1.4462773783858434,1.6045877273977573,1.4136995709494333,1.213919030437281,0.9774747168674038,1.1094605719330275,325.68832752012264,-37.571260156202165,D
1.9505007900274651,1.450093268601389,1.6074795432239726,1.4121876926284629,1.2133907384696956,0.9738599048808179,1.1085352770269614,325.52602333004523,-37.394279309952736,D
1.9271496517523543,1.434022423109517,1.5925648067931475,1.3955881234015406,1.2100918239132386,0.9731982575107605,1.1105578135520706,325.4459187125061,-37.63720862554315,D
1.9181795941530766,1.418023031256139,1.572815543824126,1.3777687435985215,1.2195833145756154,0.9716123879723175,1.109160788757335,325.9265866495045,-37.41338935203428,D
1.9432196662987482,1.4400762317218727,1.597327629118972,1.4079652565470246,1.216544202250203,0.9777018921168822,1.1091965785790914,325.91336130803677,-37.5242679048347,D
1.946367023726071,1.4362549341858637,1.594493987600436,1.4061415688899745,1.2206800645609024,0.9790334121198624,1.1101747674790545,325.88377355977775,-37.37745845273512,D
1.9332169260528806,1.4229050464247566,1.583893706274199,1.3951500946151163,1.2205471354516564,0.9804941644705116,1.1131408313252864,325.7547362846489,-37.61447464087455,D
1.945414185609967,1.4459066376790615,1.6031153142701962,1.4058584032161798,1.2135210538460854,0.9723023372192507,1.1087267133951904,325.80946169325796,-37.593168674681536,D
1.9435777903186862,1.4453921563676488,1.6043900354704068,1.4125066652050924,1.2114122796510822,0.9772480492455421,1.1100032807029536,325.531113500147,-37.61245944807277,D
1.9443005083420999,1.4472086667016992,1.6036984467647544,1.4089825658178248,1.2123853535335551,0.9735863239604592,1.108132146844938,325.6454839984795,-37.48244621335443,D
1.9475028655375204,1.4450714977696437,1.6025601647988683,1.409166162074681,1.2152447741529533,0.9751532462231939,1.1089833044747586,325.6302233494235,-37.41518058580329,D
1.9168311616128206,1.418468168427352,1.57562601241877,1.3891044181290344,1.2165521173836555,0.9792989712762656,1.1107940576246123,325.4231532961003,-37.20719290126072,D
1.937527708375333,1.440033075729262,1.5927551910150661,1.3933483868365428,1.2164629688888615,0.9675808218022511,1.1060545885089914,325.957280694734,-37.263534314035745,D
1.9499689392150437,1.447935046448659,1.6046306988068935,1.4104287449807924,1.2152135321011388,0.9740966961467934,1.1082200840034648,325.75511888327964,-37.41611806383209,D
1.9447982817610394,1.4323495912765867,1.5911443086477728,1.4003207978700103,1.2222639211234196,0.9776389831074476,1.1108631009763892,325.7909615746695,-37.394009539771176,D
1.9514262220843017,1.4380255785696567,1.5963874711051398,1.4062580674090466,1.2224013639579476,0.9779089387323638,1.1101245310900512,325.9586249255789,-37.40885570050087,D
1.9502292703599537,1.4445284093295314,1.6051810343102548,1.4140726500425185,1.2149590785552522,0.9789164691463916,1.1112145832114781,325.7120252141723,-37.644016916848,D
1.9327981176263194,1.4271233980621785,1.587970723204996,1.4011309211541372,1.2171497178016981,0.9817868048808287,1.1127073701974366,325.69205341319775,-37.707158658035496,D
1.9502544745374846,1.4414677935168834,1.5982773295290487,1.405577122032709,1.22022282272636,0.9751013018496871,1.1087846268348338,325.82982154005333,-37.26517047665419,D
1.929912459521735,1.4184063133899822,1.5789825213309052,1.3936897497179215,1.2222506794407295,0.9825744122549848,1.1132088925613612,325.6832621282816,-37.57088033631226,D
1.9469951174866802,1.4374837407290153,1.5940563607400329,1.4051773430888355,1.221409208255847,0.9775257300483999,1.1089213154728361,325.8759683211512,-37.20292110271836,D
1.9381477522793036,1.4334846534868768,1.5896482461086434,1.401497008316213,1.2192305794843386,0.9776853940550703,1.1089398426707302,325.9709765880085,-37.412771197859385,D
1.9385034590956303,1.4332086900392158,1.5893529254761016,1.4010221680209192,1.2196809330532665,0.9775423340355158,1.108947312782909,325.8971598417156,-37.29687450853918,D
1.9491476904102891,1.439056753307118,1.597219970984393,1.4098920427701234,1.220337665330466,0.979733453548673,1.1099075608476163,325.9070214679729,-37.42894448486373,D
1.9296188915122747,1.4314132252529785,1.5902798816535457,1.4004222013281997,1.213383199884218,0.9783493519704615,1.1109858799666255,325.6017409332175,-37.63618354326626,D
1.9350886587459448,1.4347274856371388,1.5924727470978468,1.4031066022094503,1.215147111479608,0.9779603557161615,1.1099478911778538,325.58816746378284,-37.42323986038767,D
1.9274281393364585,1.4307912665020124,1.5875359612487303,1.3960695459886774,1.2141004590663727,0.9757325045754421,1.1095510564094553,325.5616075161172,-37.41398583960619,D
1.9157527553337925,1.4212341377311952,1.5772383578316929,1.3860475288925531,1.2146247558723287,0.975242215265943,1.1097667273525649,325.38051568627475,-37.16086234367155,D
1.9335007060885598,1.4301200123261317,1.5893303051475418,1.400672458783935,1.2165505809750905,0.9794090333060235,1.1113265260601801,325.4576446163136,-37.373356758036195,D
1.9396406443886294,1.4331782788199676,1.5926867545170622,1.407257702545912,1.2178418881726503,0.9819139205100166,1.1112970228856864,325.67945427968436,-37.509084649043785,D
1.9373682843748365,1.4334670155978637,1.5935638500260854,1.4059977101382262,1.2157456284811703,0.9808371555391662,1.1116850493845853,325.7447965010509,-37.66727124306157,D
1.950338953088252,1.4414525566719298,1.5991116608571008,1.4036131001459495,1.2196390038472351,0.9737490794609673,1.1093751601156954,325.70756941729144,-37.243420178585076,D
1.9472217338918667,1.4420724356204344,1.5996204900021005,1.4096399566535576,1.2173023201830264,0.9775098128458969,1.1092511378000807,325.8528619987131,-37.52495347459098,D
1.9525618190969285,1.4429526968053517,1.6011678109236,1.4122395095816578,1.2194610744582943,0.9787150422243973,1.109646778074244,325.712070354665,-37.269670100584115,D
1.9238093868627142,1.4265279988690498,1.5866998736238886,1.3948275235252132,1.2124595324186267,0.9777778807223071,1.1122809190438765,325.37680526084216,-37.65669910229348,D
1.9358993243763194,1.4374096258998392,1.5936408355981249,1.3986489671399644,1.2147651347361077,0.9730343681707223,1.1086894138478325,325.6564674702883,-37.379491462646385,D
1.9329472056956087,1.4351951500091522,1.5946012751773357,1.399832217064274,1.2121821522315324,0.9753601919957348,1.1110693031307743,325.34845595106066,-37.54355994480693,D
1.919903524989827,1.4222090842717243,1.5776839954192834,1.3865836720718283,1.216912595021664,0.9749506506505414,1.1093193067509997,325.841781175141,-37.433469387493915,D
1.9247192539908973,1.417134456155104,1.568022334947453,1.378800107977973,1.227482039696455,0.9729493923384392,1.106473932757044,326.2377661134051,-36.87118518439543,D
1.941393765209707,1.4373240945631038,1.5946281593466363,1.4010151845586583,1.2174585992543556,0.9747385366029906,1.1094423069776391,325.8811480871292,-37.55564346524177,D
1.9432232263187579,1.440689450818085,1.5982467212167695,1.4097590383589813,1.215846840492407,0.9785308260280937,1.1093624099969752,325.8913336207255,-37.510948933288866,D
1.937893084296193,1.4328784570079909,1.588838728710969,1.398328217094856,1.2196914949753352,0.9758875292289064,1.1088440341469301,326.23255862585415,-37.55620217669041,D
1.952818656045676,1.4454656832803594,1.6028091567538987,1.412424636534626,1.2183725353807167,0.9771415903345767,1.1088531366005603,325.90849301913113,-37.45216999436942,D
1.949709945601448,1.4476568267950456,1.6054576052689513,1.414362853251748,1.2144263038791525,0.9770014737422219,1.109004271974636,325.8013197789636,-37.5967180690403,D
1.9310817142843233,1.4307098180129403,1.5866641946153413,1.391834369256705,1.2170702035363443,0.9728278591040719,1.1090048971768434,325.6446874752784,-37.26008805202371,D
1.9344013101439648,1.4276271721220648,1.5889784819280242,1.402278520201894,1.2173867249585493,0.982244207440734,1.1130206211794935,325.60115603735585,-37.67085218621089,D
1.9396961323114088,1.4313085045465854,1.5879906720491161,1.3978918757002612,1.2214782910585098,0.9766530913914258,1.1094677821062517,325.8014753710144,-37.26861362189519,D
1.9354019244024843,1.4340497924907776,1.58951272510439,1.3964982372111956,1.2176070652566675,0.9738143295468428,1.1084083226591395,325.5736441636917,-37.094332025883,D
1.9350119236049137,1.4305226423852266,1.5865832799230855,1.3953455658284506,1.219609426174414,0.9754096331546892,1.1090934410361002,325.9083097547179,-37.38380370939752,D
1.9463801832044252,1.4407241990076964,1.5998365361372793,1.40938620638111,1.2166119095541206,0.9782484443253119,1.1104391369556865,325.78538571881035,-37.60397662853115,D
1.9506347848632122,1.4397468984730672,1.5974335777230515,1.4072756015292507,1.2211054106197057,0.9774465241229175,1.1095238888288073,326.0382172794442,-37.467589013984984,D
1.9499585165448667,1.4406426967549204,1.5963607839114569,1.4020519379834053,1.221502392314482,0.9732128175442518,1.108089318404414,325.8819466300352,-37.14383270224074,D
1.9522391082321955,1.438268835246996,1.5979153135729034,1.409217861911939,1.2217412848162972,0.9798014302868018,1.1109990527594873,325.76388771628734,-37.388715129234306,D
1.9465686118857517,1.433465525126797,1.5912941126332758,1.4022605630898297,1.2232613672305788,0.9782311039296135,1.1101028135940125,325.97502899054604,-37.37388737336359,D
1.954758306120652,1.454419784808555,1.6125770342828227,1.4204223351045793,1.2121953026510828,0.9766247337535698,1.1087425041423553,325.7044313309535,-37.5283335173701,D
1.9457123274914443,1.4489297046488545,1.607402291082687,1.4128623942479375,1.2104700474085328,0.9751076188960748,1.109372170316736,325.3421945199062,-37.47702381418649,D
1.944833462999997,1.4403843092092103,1.5984681811268886,1.4050767709908092,1.216685753249669,0.9754874181892571,1.109751176062497,325.6608672421832,-37.443582643440806,D
1.9427067160007951,1.4371790654284904,1.5957411581579664,1.4030357119851087,1.2174322295749684,0.9762427979472398,1.110328696363387,325.6527758181188,-37.43496504845878,D
1.94861815656139,1.4418688511765356,1.5989809497906002,1.4066442613828136,1.218662521787128,0.9755701846496098,1.1089642088362366,325.8933649395462,-37.40817290780147,D
1.9559424562077055,1.4400605719036286,1.5984595994898967,1.405196868480735,1.2236420969487682,0.9757901132055807,1.1099946979152961,325.8272171062223,-37.16783551459805,D
1.9493324683504418,1.4404108015864472,1.598452120657194,1.407611412439853,1.2195125791750243,0.977229142470697,1.1097196153324334,325.8501366687891,-37.42366104741582,D
1.9464803952715688,1.4379031930765829,1.5961900260021484,1.4022786651718853,1.2194540521887391,0.9752246687564033,1.1100817034746895,325.8834865259855,-37.52382687481475,D
1.9441611602652693,1.4423868709006469,1.5997869782651646,1.4047876025692876,1.2152625234976908,0.9739326049828214,1.1091247504674213,325.54711406651273,-37.372170004430586,D
1.934637841306384,1.4343811938650504,1.5919137867667505,1.3977767900177593,1.2152905875862297,0.9744807001068819,1.1098261700414633,325.6622903361367,-37.45228107189155,D
1.8778371339413749,1.3743056795149409,1.5229619166523318,1.3396568888815519,1.2330164749418717,0.9747881485539532,1.1081682476855215,323.8215476836908,-33.970964519443704,D
1.882376478016692,1.3731640720255511,1.5186873532517386,1.3366690457885948,1.2394759684975583,0.9734226761532417,1.1059766157524982,324.5547680770327,-34.0172160017732,D
1.8801126316100334,1.371518390840788,1.5182315406537437,1.3394034223730913,1.2383569839422948,0.9765843690597477,1.1069713324974195,324.58580934525435,-34.195614956890516,D
1.8839309246039986,1.3756982219793878,1.5217727758007564,1.3427202830705514,1.2379843788522729,0.9760282172485568,1.1061821200954909,324.4314665867578,-33.94225105438169,D
1.8843090093877215,1.3775337463082524,1.5232943062994464,1.341272604333505,1.2369960299827363,0.9736767668509566,1.105812696336353,324.29973198628323,-33.86153464467872,D
1.8736943615387016,1.3733239131960693,1.5193118563834893,1.336580160295449,1.233251984223154,0.9732446565973585,1.1063026295432878,324.228803262625,-34.07431567738994,D
1.872687791988169,1.3711857071712577,1.5166099686060177,1.3358845135692237,1.2347853639056836,0.9742549871856089,1.1060573054942127,324.20596708141466,-33.959574009549065,D
1.8830904361134482,1.3775134146757546,1.524150374084342,1.3402116062528797,1.2355017379730298,0.9729209109505078,1.1064504765226577,324.13616641972544,-33.869476228600874,D
1.8821963543151998,1.378273981099899,1.5253160019783072,1.344363732789101,1.2339714209213208,0.9753965838608252,1.1066856248429393,324.13763092519383,-34.01235789364125,D
1.8781861960522699,1.3793532562882125,1.5256945168328966,1.3412281676290216,1.2310368657226947,0.9723601706195381,1.1060941132212083,323.983518115892,-33.90813428992717,D
1.891277839588479,1.3765131794615169,1.5231103956290117,1.3416669563196502,1.2417207872889753,0.974685151103676,1.1064989557345486,324.34973660028237,-33.78164580641616,D
1.8873255885456954,1.374117845000503,1.5234438261386924,1.3439755976302887,1.2388547291102256,0.9780642923167895,1.1086704329483,324.12248949995296,-34.0109064584899,D
1.8852319989469284,1.3739446955310568,1.5189195335553771,1.3392165424934754,1.2411664721528162,0.974723762062229,1.1055172296933573,324.5385802005767,-33.817922573945694,D
1.8903317684308263,1.380040607149969,1.5264097435657025,1.342911729865085,1.2384169954359698,0.9730958081287465,1.1060614706968748,324.5657854857428,-34.06377071330084,D
1.8824885113499592,1.3732501140359215,1.5210096301284968,1.3401031856711845,1.237657194314361,0.97586242445863,1.1075984007445785,324.1283282846782,-33.91534221670664,D
1.8899027863353086,1.3794348259044442,1.5245005833261245,1.3403093204067884,1.2396864960274119,0.9716365682793294,1.1051631832816502,324.42528264262427,-33.73753451722075,D
1.8839144188434969,1.3765808841112432,1.5212082678696774,1.3398303953780397,1.2384329342896345,0.9733030662001887,1.1050627576103598,324.4143358336858,-33.82367523104727,D
1.89106204955681,1.3770764481705746,1.5248981191394406,1.3408068059922564,1.2401235373180275,0.97366185281398,1.1073445640329154,324.0476131030793,-33.71463719936586,D
1.8813697731800245,1.3740485271448437,1.5194303082100344,1.3366919563093245,1.2382073485136498,0.972812771821718,1.1058054196726819,324.1342250712984,-33.69981439995628,D
1.8915995778771788,1.3772089448852782,1.5245073244460863,1.3404602287179692,1.2407940241051132,0.9733165281101408,1.1069542716142307,324.06289160839617,-33.585626662020374,D
1.8913253615281853,1.3808932003076715,1.5291971975782461,1.3445430604778386,1.2368093301004168,0.9736763568524098,1.1073971522472061,323.99887036377936,-33.80961649108193,D
1.8858487035010572,1.380371409737783,1.5268204088740729,1.3427708735933794,1.2351476915950734,0.972760565830941,1.1060939092936657,323.8408524065419,-33.58283896078448,D
1.8872180286998077,1.3775188057630343,1.5248628237147117,1.340783587711725,1.2376313458166448,0.9733323291866341,1.106963344046734,324.13771567493404,-33.82617541543476,D
1.8852717754490924,1.376250035084086,1.5215190835398247,1.3391803512853921,1.239072053610392,0.9730647172725202,1.1055542559509275,324.71319158948074,-34.14844906940684,D
1.8827229906725558,1.3759347270305018,1.5185516540646695,1.3388432506613321,1.2398149155039395,0.9730427064303993,1.1036509394177143,324.4171941124554,-33.54747262664716,D
1.885931446320191,1.378109251272159,1.5240371561836838,1.341947325945294,1.2374576555880834,0.9737597543202883,1.1058899392604875,324.1779325292576,-33.72753749157323,D
1.8832773411154566,1.377029139751879,1.520168522252964,1.337319587221638,1.2388608983458937,0.971162881464225,1.1039479691234977,324.3291526777062,-33.560529743412985,D
1.8787281462300605,1.3730577513894249,1.517954921649276,1.3384292209667483,1.2376705786419533,0.9747799898528411,1.1055288243434966,324.1704750489261,-33.71476840924453,D
1.893500258886978,1.377342554881843,1.5249633331514028,1.341423852634364,1.2416693685178501,0.9739217363754797,1.1071779694501804,324.06749239021764,-33.59796415098881,D
1.8937953590959147,1.3803440473908477,1.5271894212298285,1.3431639166247618,1.2400526959981575,0.9730645915151628,1.1063831688313872,324.1956898317137,-33.68482883706708,D
1.8951058494216868,1.3761667281536893,1.5214312499770577,1.339581325008527,1.2456072855413374,0.9734149922413495,1.1055573564245809,324.21983287512217,-33.41286375117412,D
1.894008948381314,1.3768836004199123,1.520123296417358,1.338380284552069,1.2459574515074754,0.9720358962398122,1.1040318120963613,324.30741618319263,-33.207150138539106,D
1.8949941501349015,1.3802333375725282,1.5257626392910155,1.3417929874800913,1.2419980023992845,0.9721493829731404,1.1054381877012445,323.97185330232946,-33.27629270429527,D
1.8966984807342266,1.379910632076462,1.5280408939070376,1.347777730347085,1.2412615973153514,0.9767137806011219,1.1073477212126934,324.117622300783,-33.68474011489814,D
1.8860766512395017,1.376152565425545,1.5196952561755461,1.3375267603709262,1.2410887272136313,0.9719320328101305,1.1043072507775427,324.1320645781295,-33.35199676238466,D
1.8870893028190692,1.3774490307061589,1.522078504472165,1.33705285956523,1.2398107569842363,0.9706732007933393,1.1049980583977477,324.0703807427652,-33.394084255716116,D
1.900951513480646,1.380978986439005,1.531043982118719,1.343101284314991,1.2416047714383975,0.9725718475835136,1.1086656619349957,323.89396399937465,-33.59030517243827,D
1.8941717967927474,1.3802175990485548,1.526976035139802,1.3419489874567394,1.2404725111611374,0.9722734939634188,1.106329926666936,323.8236749441799,-33.285204182723156,D
1.879871554706561,1.372866473568976,1.5163626523601483,1.336880118718025,1.2397242518342348,0.9737874326864441,1.1045230410632232,324.348308019071,-33.59939844160786,D
1.880914094173696,1.3778503847876493,1.523800465301622,1.3428502748520097,1.2343572121179178,0.9745980330505668,1.1059259278985258,323.8344625829023,-33.572129031359985,D
1.9162105728317687,1.3793360123837934,1.5278992847124337,1.3431052050344365,1.254147175801852,0.973733153470892,1.1077063681328023,324.8316013410682,-33.755457086071786,D
1.9159986212075213,1.3794840506017652,1.5288929915604923,1.3439029532809155,1.2531934097309994,0.9742069527332858,1.1083078422643242,324.78494233052413,-33.8933684083385,D
1.9118392672932323,1.3813287447857368,1.528481076106322,1.3425422965453668,1.2508099034915652,0.9719209142741859,1.1065295512571198,324.7538369407225,-33.73123845381716,D
1.901580124653572,1.3851322513793047,1.5326081104429188,1.3437631458103174,1.2407477891422756,0.9701334616042676,1.1064705979640275,324.3267683657779,-33.7922047177631,D
1.8973021640962229,1.3832385185580163,1.5293350832553547,1.3388729310577394,1.2406059240186986,0.9679262926060456,1.1056192137055578,324.4456079295759,-33.80012575732519,D
1.8849468694903067,1.3782033703730874,1.5229163054625294,1.3360331108283972,1.2377219041711054,0.9694020052111217,1.10500114729096,324.4140817847403,-33.78650857666341,D
1.883314909904115,1.3738634787911286,1.5157082759714582,1.330250878732706,1.2425312573404323,0.9682555066557287,1.1032451909305718,324.3362277487733,-33.30704431934519,D
1.8822066979275298,1.3709116653106337,1.5144869104987084,1.327938522367874,1.2428015619545594,0.9686536018110091,1.1047297567167045,324.1042605357367,-33.27299627235436,D
1.882214736983117,1.373717362088318,1.5195299906342628,1.3345187953816204,1.238682190272182,0.9714653335624235,1.106144562608047,324.3333447640256,-33.846024454433476,D
1.8927708763320792,1.3739007158668683,1.520090890748299,1.3330943805324624,1.2451695407505008,0.9702989198104762,1.1064051959454664,324.11414352286096,-33.389737173932566,D
1.8944112498270103,1.3746361244994805,1.520691069435097,1.3384660174402965,1.2457568061675683,0.973687504340573,1.1062498957597209,324.0691208145874,-33.30839607727145,D
1.8931779851918578,1.3734025033561088,1.5199927326522085,1.3386548071565323,1.2455177873702625,0.9746995537617956,1.1067350823505018,324.185681067094,-33.51552694164577,D
1.8888569235055277,1.3706487561519896,1.5157120310007248,1.3325604727193792,1.2461845554253732,0.9722114923596175,1.1058354842534504,324.31329690922104,-33.49794472074029,D
1.8946954140124976,1.3734166240977772,1.518499903828406,1.3344101667725339,1.2477415436350285,0.9715989622953142,1.105636758129338,324.1894568711861,-33.27579221275858,D
1.8872530660802376,1.3721875846985208,1.5153138817773635,1.3322750835287729,1.2454535583522892,0.9709132325530282,1.1043051975363036,324.3602004441505,-33.34650205183868,D
1.8849305541174097,1.3710907249142361,1.5132586614503571,1.3277811344554422,1.245610286023957,0.9684123087759178,1.1036896639680893,324.5071848199767,-33.39043807498513,D
1.8988647268442886,1.3774298122109245,1.5258681511441101,1.3409268720984562,1.2444487588396824,0.9734992376461802,1.107764720653843,324.41328169866034,-33.82078881189931,D
1.9013080140485235,1.378284254247333,1.5248239015044165,1.3375733392571314,1.2469033389184558,0.970462613307272,1.1063203376266584,324.67343173278726,-33.7303093375168,D
1.9010144680840169,1.3781558588293417,1.5272825613693712,1.3411062646484573,1.2447038394647518,0.9731165427019585,1.1082074292139232,324.4886628934388,-33.92190860692015,D
1.9020877735353687,1.3811177237015861,1.5300975668552306,1.342443481011098,1.2431153507711799,0.9719978666359911,1.1078690401237903,324.59690208909484,-34.04663037974823,D
1.9121746146660648,1.3893102371605743,1.5457734642616607,1.3533352073042468,1.237034183129425,0.9741058340361386,1.1126193580930208,323.7126641494501,-34.364366124573614,D
1.9060309116371952,1.384122075251147,1.5389471109218693,1.3472044335139468,1.2385291853827474,0.9733277559853227,1.1118579339489472,323.6632410959854,-34.11643408788569,D
1.9082160103385735,1.3854842134180323,1.5396505740705657,1.3471118134357798,1.2393825212519394,0.9723039789189755,1.1112725494520073,323.8012454083957,-34.09403639713404,D
1.890110733563524,1.3761157348835433,1.526107520515096,1.334026428878166,1.2385174099172047,0.9694144141088982,1.1089964905053906,324.02762321684526,-34.017424999915264,D
1.8980809063615318,1.382114071644706,1.5321421621637366,1.3371353480522141,1.238841246742408,0.9674565764756541,1.1085497164069085,324.17392463475784,-34.11076473487935,D
1.9059268269154097,1.3836592471722187,1.5337944066005886,1.3451574397407178,1.242622100271961,0.972173923955492,1.1085058765264648,324.3219938486175,-34.03774909663764,D
1.9026158579379284,1.3821283584184683,1.5342754768170053,1.3464782675513725,1.240074475989852,0.9742063820267104,1.1100817572201722,323.9710036028098,-34.07250506821179,D
1.890611181245073,1.376682248823691,1.5285520579121892,1.3395215181698106,1.2368641103577533,0.9730070387080008,1.1103158039687544,324.0064401493865,-34.26124332434113,D
1.901324989249795,1.3783256998161735,1.5341190795372073,1.3470788953338693,1.239359456909539,0.977329883287766,1.1130308893912462,323.6983392802256,-34.215475095646894,D
1.887763899247802,1.3758536156377779,1.5278047675724675,1.3392057009249967,1.2356054512431418,0.973363507355546,1.1104413654240772,323.9612251980044,-34.304230288674916,D
1.9041016217479432,1.3855713787420703,1.5351007137483377,1.3493083686161167,1.2403756995842938,0.9738281183616279,1.1079188970704792,324.2141642124588,-33.91907972497319,D
1.8972315313034545,1.3823005196799498,1.5317521859092516,1.3454123388291908,1.2386021373145641,0.9733139210138617,1.108118071361143,324.0949014889649,-33.88463600194925,D
1.8995046394317816,1.3803424839131964,1.532812100332455,1.3483953988168151,1.2392286301887843,0.9768556822174936,1.1104578162276189,324.0116555953718,-34.13855272604828,D
1.9059307018388838,1.3828299450078834,1.5350304968235284,1.3486895910159922,1.2416239975576167,0.9753112419100118,1.1100645472461022,324.033805998999,-33.999489593194184,D
1.9041999836821981,1.384897139846664,1.5359250943940335,1.3487662339741315,1.2397739906928598,0.9739107657652228,1.1090535536553214,324.0553111184637,-33.98800051813381,D
1.902425912009007,1.3854641329477948,1.537769145474182,1.3504936232682423,1.2371336215244328,0.974758993143224,1.1099306787555259,323.84595870344043,-34.01905022605746,D
1.9056120262441616,1.380246572145543,1.5329881557893583,1.3493310616459648,1.2430702866474097,0.9776014582296545,1.1106625343081882,323.8962834079013,-33.88290557421741,D
1.9121545829348456,1.3845428605311934,1.540523507508128,1.3570664752555173,1.2412368740986297,0.9801549045111291,1.1126585903719088,323.68506605089436,-34.0124058417447,D
1.9123314313102053,1.3880844696562875,1.5438396414236402,1.359207596515996,1.2386852753351787,0.9791966023887279,1.1122087129221467,323.6791276646902,-34.123890453179634,D
1.9101280916452972,1.3815955064581495,1.5349102246244226,1.349813667639917,1.2444559043267085,0.9769962780932111,1.1109693231120228,324.0648187218688,-34.02399388344375,D
1.9132173081714945,1.382274814307442,1.5332502445311362,1.3466147432575233,1.247818035572237,0.9742018948180103,1.1092224416309988,324.46461235075026,-33.97095773912714,D
1.9050157943583268,1.3829954187915632,1.5316523575704342,1.3427686650783035,1.2437651304765633,0.9709133138355519,1.1074891042724964,324.3909094953003,-33.920508894188295,D
1.9085324014824223,1.382277817572541,1.535174606525587,1.3491379804100319,1.2432021695576507,0.9760251978717948,1.1106121989438797,324.18166311304253,-34.16868539336747,D
1.9154547662472658,1.3858433547787452,1.5385663668582004,1.3519064072871796,1.2449607683539081,0.9755117002404765,1.1102022184201605,324.0308552535736,-33.89223527372935,D
1.9119806164005255,1.3847500526925038,1.5384759360567422,1.3513066731203973,1.242775770221737,0.975848797039524,1.1110134518972101,323.9752190968827,-34.055150700910836,D
1.9107319908632288,1.38519568669824,1.5372007595328088,1.3470567895560168,1.2429944358366989,0.972466780319587,1.1097354505895762,324.10189681847316,-33.958870681114114,D
1.9106374368726977,1.386735247515414,1.5409887078221636,1.3529041086761642,1.2398776364642856,0.9756037506799771,1.1112349747964672,323.95703571961957,-34.21791290003071,D
1.9088301674702566,1.3864892144263357,1.5427463078939534,1.356360105382899,1.2372936222262327,0.9782694962716297,1.1126998261809555,323.62717278548496,-34.21985709582778,D
1.9056884843113115,1.3841260556025323,1.5383987689104648,1.3526663913079624,1.2387480559809412,0.9772710988517046,1.1114585717706,323.83442231881054,-34.159088428588525,D
1.909645255634887,1.3849926799894685,1.5417409722919626,1.357930415247329,1.2386291147182755,0.9804603553988854,1.1131762604721391,323.69017549510824,-34.2506426885777,D
1.9115546986870473,1.3839787568768431,1.5384379583915582,1.3536175263026649,1.2425295984542555,0.9780623579492701,1.1116051823391246,323.82293218048665,-33.9155930686089,D
1.9085609581020604,1.3832635201168662,1.5378176238371233,1.3544354786836312,1.241084071685866,0.979159400205393,1.1117314969075447,323.7723205482047,-33.977989535340875,D
1.909685699004682,1.380547152648205,1.5331570187236283,1.3480562667899898,1.2455904226916812,0.9764652110607811,1.1105430305532722,324.1750667266672,-34.01175751612774,D
1.9080065072674581,1.383672114719612,1.5354690154487034,1.3458187578995748,1.2426213020715953,0.9726428274319109,1.109705832121833,324.2960151116481,-34.18161450645001,D
1.9052182803952726,1.3833150713940712,1.536502399364715,1.3470957984374448,1.2399709113262742,0.9738170473917229,1.1107392893625205,323.8500148514969,-34.01721092657103,D
1.9060402242613783,1.3802701359560907,1.5322370736656388,1.346325735752837,1.2439590824554805,0.9754074225624385,1.110099417317526,324.0196673797,-33.929265777681046,D
1.916809739837754,1.3876000538114617,1.5428037830900767,1.3554521282438405,1.2424196523543531,0.97683199457991,1.1118504779906149,323.87876790844246,-34.04524939490829,D
1.9203936722042543,1.3870100415377942,1.5417910904254817,1.3553344975423127,1.2455602345414327,0.9771627147267352,1.1115933152986262,324.0161716810475,-33.98285105801736,D
1.916556474909956,1.3840787512195711,1.5373676803602927,1.3521461255675384,1.246648085161253,0.9769286063933172,1.1107515948826265,324.2725938081996,-34.083119457032495,D
1.911322752502446,1.3806697392749439,1.5323088483594636,1.3443621408208244,1.2473482448063693,0.9737029085078766,1.109830109816235,324.3495028223041,-34.05261239780494,D
2.0560617441363473,1.427732360986961,1.581142346730451,1.3478115141385127,1.3003647321115352,0.9440225289891162,1.1074501005478652,328.47706365489097,-34.73046987646792,D
2.057779432931634,1.4293668957093333,1.5838238288686586,1.3491451672445631,1.2992476785764278,0.9438760414099562,1.108059682662984,327.9473146025658,-34.318971170318214,D
2.0595882284508513,1.428020619099826,1.5823727322540366,1.346932398135888,1.301582229312709,0.9432163514452242,1.1080881543933931,328.17573542959633,-34.421404445449994,D
2.0520603871273564,1.4239721448029994,1.5780794428672738,1.3368464135319253,1.300353031276352,0.938815003096056,1.1082235341658278,327.7672426798617,-34.18184302947697,D
2.046301591877116,1.42038096684554,1.574226796084749,1.331826497480474,1.2998772457478565,0.9376544241072643,1.108313074330247,327.94063644435147,-34.39923444712123,D
2.049115111015159,1.4226609599578912,1.5790934397739482,1.3367607108534092,1.297652855367758,0.9396200138176108,1.1099576668081812,327.80719445939775,-34.60809141657911,D
2.0534310894087477,1.4259362481149591,1.577130163779424,1.3334007402241161,1.302004829130856,0.9351054382598297,1.106031329145562,327.98840233613714,-34.05823910495927,D
2.0582604355698004,1.4210991123044456,1.5719581348394718,1.3308854772166385,1.3093608474375749,0.9365184072618853,1.1061565806556546,328.4023422989488,-34.08480794051793,D
2.054498131895692,1.4189659878394405,1.5701030225768065,1.3281062905952228,1.30851167238944,0.9359676708089647,1.1065120912217858,328.4154105767324,-34.19025743722568,D
2.0499112001423523,1.4238647071748063,1.5758615702104866,1.333018520476177,1.3008193352088326,0.9361974587607528,1.1067495122744269,327.9868002730774,-34.19085443851314,D
2.052275578638737,1.4245925324113744,1.5745251737682024,1.342481865928628,1.3034250660643092,0.9423619985261613,1.1052459829359351,327.9253797040121,-33.742513395622325,D
2.0528444585896364,1.4234736568991395,1.5751681976791112,1.3430453363085004,1.3032541296950664,0.9434985535553625,1.1065664545632825,328.1335699116179,-34.149640759094794,D
2.0596206885779904,1.4265392764151126,1.580709237652458,1.3450736433725663,1.3029725135514316,0.9428928215371195,1.1080727069953336,328.4854010490234,-34.6861847029058,D
2.0600071522924326,1.4252555764886703,1.5778710827960905,1.3424203846774756,1.3055611290131293,0.9418804646846066,1.1070793960220182,328.1759394422176,-34.10859977232494,D
2.050921245331392,1.4216277775065724,1.5750597402887416,1.3385575637005012,1.3021228292937097,0.9415668326685553,1.1079269589479162,328.1633412420115,-34.355344876718625,D
2.041375022879348,1.419354088967998,1.5763469681322155,1.334871834710175,1.2950036154147813,0.9404783803319652,1.1106086778376534,328.04419818161637,-34.94706228001293,D
2.0522779582559676,1.427130033605925,1.5829879347345923,1.3455347558065647,1.2964583704171173,0.9428256179339217,1.109210721839314,327.47413986788,-34.14176424527563,D
2.039098775998881,1.4186138608518994,1.571855255979979,1.3323449073771008,1.2972560725558646,0.9391878538230319,1.1080219215086873,327.8034657540367,-34.34168303476536,D
2.0509431754733334,1.4258728660003301,1.582906197360582,1.3437739511733835,1.295682068143507,0.942421995126929,1.1101313694261825,327.488397881559,-34.361235246426766,D
2.0504640116069215,1.4213983372063668,1.5768361022832313,1.338022015439201,1.300365972492566,0.941342043546333,1.1093555275872657,327.64008983024746,-34.148986103965306,D
2.061872724048537,1.4258920577822614,1.5791179791302352,1.336792952822175,1.305711638584597,0.9375134292432589,1.1074596919954034,327.9092484944774,-33.94239337167317,D
2.0511007682124136,1.4197557916116397,1.5709294646083252,1.3304551705670598,1.3056606387631846,0.9371014215457364,1.1064786450528088,328.2207427344292,-34.13471905692768,D
2.054985344706595,1.4225868973217122,1.575080933601407,1.338193378684021,1.3046855567020872,0.9406760185992308,1.10719488318555,328.4794646609077,-34.435858620713454,D
2.055953167131388,1.4216824634958822,1.5752957013686704,1.3372298303104415,1.3051220576207414,0.9405966976776419,1.1080503149029897,328.4676143337591,-34.53549848643567,D
2.049987825631852,1.4171056360135048,1.5700377321717602,1.3262162310314654,1.3056933496726852,0.9358626466000638,1.1079186281330957,328.52854016589714,-34.55275874569186,D
2.0453021323260434,1.4166885273599443,1.572679021683682,1.3324363177059415,1.300521024395925,0.9405287697141091,1.110109238065499,328.1383498709043,-34.71673976878936,D
2.0513107697064976,1.4232351125888762,1.5773069315381518,1.3364560026611423,1.3005146485383847,0.939026862701636,1.108254649977696,328.02907446220166,-34.419946800963636,D
2.0543178999880967,1.424175319694694,1.5774207786541734,1.3388024489094077,1.3023271455450227,0.9400545216556708,1.1076029452555962,328.05301222234584,-34.20387237069056,D
2.047034767472105,1.4205680399762046,1.5739292589861984,1.3343484471491258,1.300588800789334,0.9393062560885693,1.1079576723495501,328.0937471341871,-34.39124185910909,D
2.0493804959456923,1.4230476427097243,1.5768984126770476,1.336595055602102,1.2996274709076077,0.9392482833933783,1.10811357634827,327.92609995627515,-34.326859258544886,D
2.053291192605622,1.4264708619948936,1.5809214803320104,1.335619467336017,1.2987939111146802,0.9363103747301067,1.108274639498153,327.89873879874,-34.441120807981655,D
2.051950934757068,1.4292332635777683,1.5832906194021892,1.3391893026024315,1.2960039740094167,0.9369984149753612,1.107790211542357,327.65751524929016,-34.22440786845634,D
2.055683028930317,1.4303916087964483,1.5849715631489387,1.3390023404686817,1.2969841710258785,0.9361089174700467,1.1080682754302202,327.60082103364374,-34.13974255523267,D
2.0514241271615323,1.425584819046556,1.5815853881205475,1.3369083510811794,1.2970682092601464,0.9377964279777584,1.109429173900944,327.6037053187489,-34.281855781246186,D
2.053618547719711,1.4250928156481522,1.5822565837690574,1.3411800444738744,1.2979048839397673,0.9411176800185376,1.110283180432304,327.4680618254902,-34.18809710734449,D
2.0497739857558828,1.424295248527953,1.5815588522123452,1.3414844789999638,1.2960466079960162,0.9418584246394304,1.110415030764814,327.86573627361537,-34.69286667219593,D
2.0549768569512428,1.4252192775985264,1.5819613989651475,1.3427242246047706,1.2990056889476076,0.9421176416216045,1.1099775478975624,327.83689003099727,-34.478157352331486,D
2.056369113462692,1.429103603992089,1.5851292952722356,1.343415046617131,1.2972879370761512,0.9400403461753272,1.1091773128584246,328.09639216367987,-34.720802889483444,D
2.0531647321751922,1.4243443069181532,1.5782803964161458,1.3425568615210217,1.300887178753143,0.9425788799801541,1.1080750551326057,327.72347623477333,-33.97706130869295,D
2.0632758272381335,1.429982033987631,1.581476333408571,1.3444036457897708,1.3046517255121581,0.9401542214070918,1.1059414005352814,328.38859440176014,-34.240830739248864,D
2.0591188457506084,1.4306286932316044,1.5837457983394159,1.3408043591868302,1.3001574166192764,0.9372133842486602,1.1070278443541768,327.9064785148621,-34.175988402671045,D
2.0568797179211953,1.4332981366664106,1.5897920769791054,1.3433328492622825,1.293804232456386,0.9372319790958697,1.109184499937097,327.42768087220236,-34.29685591830445,D
2.053862600903247,1.4302204048089677,1.5841954673878558,1.336432138491072,1.2964704439470558,0.934423906970882,1.1076582756483986,327.83322784393374,-34.374090682979364,D
2.054123187928987,1.4266483864569082,1.5826927090542864,1.338039027654576,1.2978660836546072,0.937889840521676,1.1093782631226432,327.91926516693115,-34.576897744511015,D
2.058311622909892,1.424226938749676,1.5815463272058374,1.3411356104791121,1.3014551565785424,0.9416586458170005,1.1104594950256113,327.7864423917737,-34.291819832936774,D
2.062060150485115,1.4261644276077179,1.5844587689966307,1.3426965118223528,1.3014287218031735,0.941473848197591,1.1109930512391475,327.6048588822123,-34.24128970971111,D
2.0616044764994297,1.4280051703143062,1.587275767809973,1.3427229619235157,1.2988319473584018,0.9402787817833883,1.1115336280334414,327.60906023373497,-34.48238432162474,D
2.056767540567511,1.4279857103577267,1.5862705801106274,1.3433819448018534,1.2966057407583458,0.9407530727077941,1.1108448555225727,327.87231021332656,-34.7399932589551,D
2.052965806053083,1.419648365881552,1.5772362707081837,1.3372970373892314,1.3016222389631549,0.9419917421303244,1.1110048858674768,327.88973304361184,-34.41370522636909,D
2.0669492469256987,1.4315904854239239,1.5822892451524708,1.3437021947959342,1.3063030373606095,0.9386079388464473,1.1052666675721319,328.31198133675014,-33.95803237877509,D
2.059322123273139,1.4332502843700943,1.591303394321039,1.345584584731845,1.2941103064458612,0.938834339965418,1.1102760011105863,327.4461220052791,-34.40502974240346,D
2.0644974549455917,1.4346177257429071,1.5942368449643225,1.3490771494283758,1.294975374246725,0.9403739583168508,1.1112624752623614,327.4856360367019,-34.57068488065602,D
2.0630376842356504,1.4272763935476098,1.5857211922504841,1.3438644826653088,1.3010090893139608,0.9415586838965548,1.1110119941863867,327.6010533145248,-34.25743352764155,D
2.057355231985225,1.4259136822583949,1.5787800627890167,1.3364522098722789,1.303129726854274,0.937260246886456,1.1072059146585287,328.06049912888767,-34.1392119423224,D
2.05814562901954,1.4251298513330148,1.5814298559017734,1.34071305532054,1.3014460434895043,0.9407655408147444,1.1096742198071012,327.85496378938745,-34.29613756791867,D
2.061378862974999,1.4297831529328655,1.5877425909130458,1.3456380950946565,1.2983079718165047,0.9411483778742216,1.1104778984534567,327.6258571446228,-34.38870313351257,D
2.056756664795123,1.4286302285958803,1.5870220707463478,1.3428895307904272,1.295984915841698,0.9399839817965193,1.1108697261055032,327.7646827047996,-34.74262354108755,D
2.061185980275264,1.4269984144519297,1.5841396442926994,1.343044876791033,1.3011390679484955,0.9411677428575554,1.1101201152358136,327.9430526314667,-34.515709332663874,D
2.0599520359075245,1.4262462508352036,1.582829935331126,1.3446537843999167,1.301436111313238,0.942792160619173,1.1097872715908823,327.96570703410936,-34.40169049388466,D
2.058569263741538,1.4266867456341918,1.5797223564077334,1.3406435460864545,1.3031209284286485,0.9396901949141685,1.1072664418043037,328.22765321514163,-34.24385764186907,D
2.0606692876458435,1.4286496635403307,1.587100560334632,1.3432201324664697,1.2983860879057103,0.9402026030215423,1.1109095538521632,327.50242485809,-34.26581694714239,D
2.0589394263165977,1.4268628534798595,1.5856954042396136,1.34719411629528,1.2984457297484053,0.9441651052935593,1.1113159196571627,327.6027502115567,-34.42673020917629,D
2.0553002798152833,1.4255245937563215,1.5806877988822226,1.3361981234122227,1.3002569395858443,0.9373378258534849,1.1088463894663783,327.80559798754496,-34.20066348953763,D
2.053944112847381,1.4287795982173082,1.581404088712716,1.337424008497522,1.2988104226537815,0.9360604043942321,1.106821577439822,328.1286741974648,-34.39048886591659,D
2.060073715559912,1.428886307054322,1.5857475622780026,1.3444868560212133,1.2991183241048259,0.9409334034370447,1.109778681795232,327.81693241194597,-34.439985412664925,D
2.0598426128435667,1.4293883661909372,1.5876586426117936,1.3454775498450224,1.2974090006243422,0.9412959988127495,1.1107258742021373,327.68956233737435,-34.511583577386745,D
2.0574464323986925,1.4299031936990843,1.586138348136359,1.341047163852127,1.297141850719453,0.9378587094297682,1.1092627494824334,327.94671637821307,-34.62446853768734,D
2.0610028160455,1.4270982513940944,1.5844372610264676,1.3434149167954972,1.300779063167381,0.9413611960375894,1.110251000222776,327.86650074418543,-34.432943429179105,D
2.0537209881891707,1.4276426252653938,1.579687811671018,1.3355688736040239,1.3000802899255854,0.9355064425564811,1.1065008733382136,328.22592085265927,-34.379502578950074,D
2.0565781057192813,1.4269815217199302,1.5793949018099884,1.3341627973396673,1.3021303939644482,0.9349545015352482,1.1068082366661312,328.3678924306558,-34.46436142816703,D
2.057441328045905,1.422018577764384,1.5786253750518962,1.336963428622705,1.3033119577076784,0.9401870337900946,1.1101299235722508,327.8450594663556,-34.29398888408227,D
2.0663576967395882,1.4294886567000797,1.5869898749970572,1.3425120756305624,1.3020610460690052,0.9391554590784236,1.110180110600222,327.800191768413,-34.37721136288546,D
2.063098337275254,1.4232741594063278,1.5801551016836806,1.3396841725588864,1.3056302733048102,0.9412692303201035,1.110225385067618,327.7551023516142,-34.08653909471763,D
2.0591138812550795,1.4224890235498875,1.578159450143943,1.336988170538075,1.3047565510996173,0.9398934883880924,1.1094352392298767,327.96692812543705,-34.178962234015664,D
2.05717376009135,1.4195122823270214,1.5760624678650794,1.3386827015091989,1.305261562936639,0.9430582025783407,1.1102844881915523,327.95395802312805,-34.24419550056366,D
2.060143965195326,1.4251103986088187,1.5796483340522753,1.3381051436816296,1.304178861069941,0.9389484105848059,1.1084392729112884,328.15838925678855,-34.33420129478747,D
2.060827698531159,1.4241320128137636,1.5804882744117181,1.3398388487838566,1.303918372503099,0.9408108495058947,1.1097905673007307,327.9724056074081,-34.268465179275516,D
2.063390287168176,1.4235726802941946,1.5804063447775267,1.3408389765965503,1.3056074432924645,0.941883049005586,1.1101690603186631,327.80640511289596,-34.12179382253603,D
2.061513112014455,1.4248141987468954,1.5817955794862888,1.3421375454797155,1.3032740379031542,0.9419737300906372,1.1101767380458845,327.7842913796582,-34.18315939148225,D
2.056403181802559,1.419243064960146,1.5753507130582718,1.33473199174576,1.305362142383144,0.9404534182333601,1.1099935958485796,327.8291308457419,-34.11633832012257,D
2.058194474330531,1.4318682039848636,1.5889923200936467,1.3439367287516382,1.2952828332167345,0.9385896865448135,1.1097336442498755,327.43267829952003,-34.30678169480923,D
2.058170823800142,1.429122071381332,1.5852994450620208,1.3392965607054979,1.2982852105392753,0.9371463694567306,1.1092820388182334,327.6988100258055,-34.37596246616665,D
2.065338256918305,1.4280996570675475,1.584867348300179,1.3402270024914194,1.3031615921253261,0.9384688217371571,1.109773635514021,327.83938527209574,-34.30066261408268,D
2.065367237703461,1.4272622793343834,1.5798270519808746,1.334580121611447,1.3073375564203622,0.9350629810197467,1.1068932983485285,328.1974652958891,-34.038966636790484,D
2.062675399527801,1.425948155723118,1.5755283043198183,1.3306073610629232,1.3091960289588656,0.9331386668740098,1.1048987286082965,328.34460745972297,-33.80861678496566,D
2.0598496274695313,1.4271407235847124,1.578950172952306,1.3324438649026573,1.304569113550964,0.9336457455686681,1.1063731465711921,328.1923753377082,-34.127819188864585,D
2.0642737226731547,1.428406067296068,1.5864441185765075,1.3431867620126539,1.3011953579086015,0.9403395804354627,1.1106394427318564,327.7392909311637,-34.39589590061654,D
2.066460354409509,1.4263478489516224,1.5842990508732535,1.3448845357064216,1.3043373050501368,0.9428867836796775,1.110738205997735,327.7151703430174,-34.163562889232026,D
2.066507590941715,1.4244773805661157,1.5826759709273035,1.3401366239761936,1.3057047866411535,0.94079178950781,1.1110572849519846,327.81382229695316,-34.282806346244286,D
2.0617381985192327,1.424150768309085,1.58198859072224,1.3404994882698702,1.3032573121010742,0.9412623425126996,1.1108294331790152,327.6539153216549,-34.11500720988188,D
2.0635341689124016,1.4231501143827838,1.5806966534281055,1.3396141000177662,1.3054586814219866,0.9413020358704415,1.1107026851581634,327.72573212643465,-34.08238137197688,D
2.0521024037634135,1.421103062669407,1.5740588213590987,1.3299098799179976,1.3037012187330808,0.9358292968701991,1.1076317141997982,328.1215063767649,-34.27927328120438,D
2.060525210392223,1.4259113090627917,1.5812896808622712,1.3365762268365902,1.3030662473359256,0.9373487806300388,1.1089677673582692,327.98467918832364,-34.29892423055784,D
2.0628187316492177,1.428068392668585,1.5837509264386929,1.340758536062017,1.302489360677302,0.9388615719983725,1.1090161609691458,327.85291411279076,-34.20481846257243,D
2.065276092092212,1.4275149055169525,1.5841759600399818,1.3408482993950368,1.3036910950473506,0.9392884755269644,1.1097439010391958,327.76217767562906,-34.202215431841076,D
2.060028460046829,1.4233572079188073,1.5787751567159145,1.3355015049528691,1.3048270054692224,0.9382757171023862,1.1091911067246114,327.83149069217734,-34.062198987745624,D
2.0594980998477324,1.4236987614902137,1.577330081104969,1.3354048755417378,1.3056861873863392,0.9379827472378659,1.1079099903507301,328.163735494621,-34.25863840501113,D
2.0604121019039487,1.4203549578628105,1.5804530550410445,1.3409837696414855,1.303684469040075,0.9441187656775925,1.1127169629619427,327.50188951047176,-34.18323672666855,D
2.061006678041546,1.4287108235092425,1.5834581900236648,1.3414140190500927,1.301585789272241,0.938898198975823,1.108312587801587,328.11044732111884,-34.455266814569775,D
2.0448265024875742,1.410712100657637,1.5695553402087419,1.3290061894419514,1.3028062471601822,0.9420817960109674,1.112597913831643,327.4555995534351,-34.18718095149748,D
1.9225774393055894,1.361343539297218,1.5306516795408427,1.3527054453735874,1.2560515661422818,0.9936547288217271,1.1243684164623344,325.11329884142225,-36.25691396081205,D
1.9328031508331738,1.3749800381240946,1.5416049818217141,1.3589676095297578,1.2537603170879617,0.9883544283186956,1.1211835365442457,325.81223315391316,-36.61917663811183,D
1.931061441533792,1.369543482952771,1.5386412541721792,1.3555995653677533,1.2550433288445413,0.9898185652674902,1.1234701733272674,325.59301207927484,-36.653054892742034,D
1.9138068586546382,1.3602062725250794,1.5222720935840552,1.338167435945246,1.2572041928120412,0.9837974305625568,1.1191479736070602,326.1329043855766,-36.50795840574228,D
1.920353708572284,1.370046507294608,1.5335521576109798,1.3486347717229135,1.252225885530934,0.9843715264717724,1.1193431386787314,325.78098824699214,-36.44108547106358,D
1.9137333659555817,1.3617037679796014,1.5202013435762896,1.3333670728063298,1.2588683558544318,0.9791902645497446,1.1163965168664074,326.37587568585207,-36.29856981030227,D
1.9287495478288303,1.3683165015008327,1.5334232176397093,1.3378693228277578,1.2578064070254649,0.9777484385815131,1.1206641270186977,326.2750599001039,-36.76713460115787,D
1.9203654475901177,1.365291463469977,1.5251821044498428,1.3325278228377868,1.2591056779300618,0.9760024569779999,1.1171109944344728,326.57619408015995,-36.54274483632894,D
1.9245856588390737,1.3649236770037436,1.5279786973659641,1.3320033165627478,1.2595631484632661,0.9758811712364299,1.119460906942545,326.33027286933134,-36.53034581920366,D
1.9197447144838176,1.3620278880984353,1.5206894658244439,1.3270252866795642,1.2624173163736787,0.9743011125361469,1.1164892283868875,326.5516800422047,-36.295966583039025,D
1.9245684577206732,1.3663613931924232,1.5273823662864352,1.3335291943504362,1.260043653901758,0.9759710725101237,1.1178465476968695,326.21654701741045,-36.289325608117394,D
1.9357931237025725,1.377291764275294,1.5371308462445787,1.3352947360403093,1.2593548092746822,0.9695075296866509,1.116053174872057,326.34025780553606,-36.29555983464577,D
1.9262734448137735,1.3745351042235296,1.535090493519937,1.342140758651191,1.2548272906028233,0.9764325076363634,1.1168070490182966,325.85540704825166,-36.04703670963275,D
1.930366588447174,1.3780049567723616,1.540892941235686,1.3573692158624953,1.2527584083156083,0.9850249153252681,1.1182056593213203,325.43648488783447,-35.81131841876565,D
1.9273814162718685,1.3771727130316878,1.5370019548800016,1.3387051656203732,1.2539876154043963,0.972067739182377,1.1160560620580902,326.2222584455915,-36.36810293140843,D
1.9139267126578332,1.3618759338690356,1.5189144957041496,1.3263055848012801,1.2600621812951762,0.9738813586589334,1.1153104757413355,326.58287512419764,-36.31400953968826,D
1.9158897851410492,1.3584741215011888,1.5148634834087713,1.322979094834472,1.2647276841276032,0.9738714001945853,1.1151213405042737,326.55936574569716,-36.03193243594142,D
1.9255662274106902,1.371331845638209,1.527200200029472,1.335231467378069,1.260847286016287,0.9736749508334074,1.113662024904499,326.4305788778189,-35.87684510766402,D
1.948578637873016,1.384831081090734,1.5449882987574615,1.360693992153459,1.2612254988857439,0.9825703731907405,1.1156510854309991,326.02139884589405,-35.66753155302015,D
1.9560112573003987,1.3987855241245273,1.5560532430340484,1.3581217768409728,1.2570336304730152,0.9709292478494834,1.1124316174260895,326.4004088186568,-35.90593223086756,D
1.9359932350336166,1.373931865886664,1.5333999616551939,1.3338098690009421,1.262549421837635,0.9707976808152498,1.116066960617161,326.91366384423304,-36.59134442227036,D
1.9209346182540858,1.3726316502212286,1.5321008623151005,1.3293224038177258,1.253791225827935,0.9684480199793422,1.1161777175021208,326.1423181606926,-36.404077334797734,D
1.938706340038453,1.3745693556826601,1.5364492389874314,1.3350622165000947,1.2618095611906592,0.9712585334314071,1.1177677085812638,326.4360458034532,-36.49928598147488,D
1.93369094164525,1.3794733620247126,1.5420812323150639,1.3414978737442302,1.2539488200256987,0.9724710245765499,1.1178767744030118,326.0231312344612,-36.46883384072135,D
1.924559769787269,1.3693250989547174,1.5299304011471642,1.327089539974777,1.257939425443279,0.9691559301642969,1.1172879269612788,326.2368500726398,-36.38564997214432,D
1.9210392348482013,1.3664321690766534,1.5332204334269626,1.344600750377581,1.2529439296307898,0.9840230498131315,1.1220611371166809,325.5708461537811,-36.5541660384474,D
1.9284403199710507,1.3675987579607451,1.5316931503936042,1.3342745241420375,1.2590252293519058,0.9756330329895897,1.1199872341779131,326.19627694599785,-36.51841882529438,D
1.9184794240287766,1.3610330613987498,1.5245165013026272,1.3284804233199194,1.258418273852416,0.9760824046071477,1.120117170214707,326.2494716914655,-36.658155445955884,D
1.9100122656382919,1.3597966090833185,1.5203809593471642,1.3220518727139434,1.2562721559328336,0.9722423661617895,1.1180943894043835,326.46628625893356,-36.74028395161423,D
1.9189400832407062,1.3621130043825673,1.523445247842353,1.3297162928834794,1.2596055460204365,0.9762158415675849,1.1184426276973372,326.0310247981706,-36.258040982621864,D
1.9100335377124837,1.3672062616874787,1.5296469117039375,1.3320563987502645,1.2486760984499472,0.9742907387698544,1.11881210214468,325.857089405432,-36.69607954140647,D
1.9138807068241355,1.3633106498268448,1.5268627227311988,1.3418267439166234,1.2534726785395955,0.9842413716103882,1.1199668416916768,325.6370084732728,-36.30517015095874,D
1.924380871446453,1.3764002152798693,1.5372031847786776,1.336821248820784,1.251871509571144,0.971244579868772,1.1168286430891843,326.30665953452433,-36.697861908424706,D
1.9224712759446332,1.3690041326946931,1.5353982929725862,1.348572266716708,1.2520993964521479,0.9850753803512865,1.1215439430050291,325.6889491830212,-36.64498478164764,D
1.924536812195411,1.3703400491534263,1.5372412315338093,1.3463690125662249,1.2519419676735906,0.9825072348998263,1.1217954495918672,325.7419149415211,-36.79928504782409,D
1.9392371320513109,1.380753744478446,1.545130810684691,1.3519019279732214,1.255063402167212,0.9791042996474923,1.1190487926348776,325.69453335325653,-36.22377076706216,D
1.9327183920470057,1.3797787800948966,1.5401635632569322,1.3459184189884639,1.2548786623415185,0.9754595725090772,1.1162394910516051,326.15130963532886,-36.320907398499514,D
1.9127748108100175,1.3652419828381432,1.5240966412502763,1.3313187441734722,1.2550219973196013,0.9751522154379185,1.1163564118368943,326.1420845002588,-36.30218252714958,D
1.91533973237135,1.3620041868201886,1.5220469096564948,1.3349502049126907,1.258397307086689,0.9801366382208709,1.1175053090034552,326.1974152206103,-36.222527965908164,D
1.9095357007881324,1.360812394960226,1.5187183867020504,1.3288724148987758,1.257333629136311,0.9765287410816216,1.1160380316395044,326.4651418955999,-36.39163642018848,D
1.9266801707919996,1.3756541074581363,1.5411028125965225,1.3541772653932922,1.2501957397286416,0.9843879053983069,1.1202691172449548,325.28297987585785,-36.21908693791072,D
1.9282432814530546,1.377038792914981,1.5391906348796753,1.3464136081452196,1.2527644320053917,0.9777601147278265,1.1177540115783111,325.8857500318718,-36.39793996623187,D
1.9259752806064887,1.3719628177085712,1.541376583172823,1.360109877717142,1.2495163749289575,0.991360596775337,1.1234827673735384,324.9160448258023,-36.18300037104831,D
1.9262320041306895,1.3726546229767806,1.538941984572494,1.3519500919622216,1.2516599218428508,0.9849164307845636,1.1211428999052198,325.2231117961828,-36.19977776798601,D
1.928140584159339,1.3752837739774417,1.5402206662629734,1.3513665300356033,1.2518599616232737,0.9826092298953927,1.119929352331788,325.67102145899486,-36.472981401031106,D
1.9182762395899555,1.3633377391629515,1.5282559568979768,1.345149467940136,1.2552061262588723,0.9866590128767486,1.1209665169514635,325.44237273881055,-36.10681902905439,D
1.9361776501124275,1.3794421668998125,1.545990699291234,1.358028921400413,1.252386350707075,0.9844768805730189,1.12073614710918,325.32214501036276,-36.17890485953401,D
1.927875861340662,1.37973561250303,1.539228037180413,1.3497973663360325,1.252495286450331,0.9783014616019909,1.115596367327246,325.91360935298064,-36.04087760152952,D
1.9216870405173323,1.376383431926102,1.5364693951356454,1.347709515903045,1.2507161200875585,0.9791672034420447,1.1163091326851562,325.97970260553313,-36.29189455329581,D
1.928981769568615,1.3723501797279918,1.5349329738506297,1.3445937265006678,1.2567205229355713,0.9797745111726327,1.1184703412614867,325.92983757320906,-36.183763553413,D
1.9262013216839906,1.3719568871457324,1.5352895178242683,1.3358424823567796,1.2546176465880534,0.973676720363942,1.1190508478865826,325.94640975162787,-36.48930167538207,D
1.9125911103944373,1.3649278114200512,1.5270192808160463,1.3311663990057692,1.252499647137618,0.9752650564141139,1.1187546096136451,325.99091286140685,-36.56789771268766,D
1.9164498445758023,1.3680897087553445,1.5290257937464484,1.3268751209552274,1.253379669861605,0.9698743528758701,1.1176356228404931,326.0372528286436,-36.48918368354441,D
1.9053578172814436,1.3611924790251033,1.5189693443280918,1.3226991428395825,1.2543754252817187,0.971720872118622,1.115910767752691,326.4997174096691,-36.60456623148274,D
1.9124529854197134,1.3665186073768438,1.527346016037563,1.3339616145518203,1.2521412733843011,0.9761752290460797,1.1176913419199186,325.98413723721364,-36.43919554239049,D
1.9071600685376173,1.363494938696423,1.5244244710542292,1.3224536976747592,1.251068914695855,0.9698999681943069,1.118027231191385,326.3302202995474,-36.842060989554454,D
1.9158282719452389,1.3630031566356242,1.5284392467840653,1.3327334326308398,1.2534539897325099,0.9777918900206358,1.1213761606809451,325.84639878981375,-36.75976660861276,D
1.9116484015775066,1.3559788340727474,1.517088988724385,1.3285229635583133,1.2600766440107638,0.9797519918272108,1.1188146530043803,326.28575917630957,-36.49791601036249,D
1.9278744131832717,1.3747954030583693,1.5362928085368002,1.3473044654944857,1.2548873512071066,0.9800036154450856,1.1174701378249912,325.8206827581752,-36.09000524244379,D
1.9377859044233579,1.3814751512812427,1.543868565494928,1.3509624832853013,1.255149530039268,0.9779129809409584,1.1175507312332578,325.761931257638,-36.02294429510813,D
1.952759450416961,1.3840499919128455,1.5457207662407109,1.3513353459265207,1.263332610304637,0.9763631038058741,1.1168099239713343,326.13529864264785,-35.88536789846503,D
1.9538042772858855,1.385903885053996,1.5445815143857158,1.3537945660587667,1.2649408652692045,0.9768314965117669,1.1144939638621025,326.3280346753316,-35.653432859458356,D
1.947403176411342,1.3854034175626633,1.5449683306049238,1.3547730606933794,1.2604809676900284,0.9778906587922442,1.1151757755318539,326.00684862954176,-35.651023555058785,D
1.9525332545283773,1.3838996062111149,1.5425526323088865,1.3510192634069185,1.2657806376472442,0.9762408034104314,1.1146420053779313,326.38350611427006,-35.7331824188828,D
1.940136331757932,1.382324331154814,1.5392248567914582,1.338625559567497,1.2604632280966286,0.9683874684092334,1.1135048570732797,326.6535593234278,-36.153702657224336,D
1.9232370251969109,1.3681426567534234,1.5263566598030556,1.3317727418292926,1.260018104448186,0.9734165770326642,1.1156414517657618,326.29399278135145,-36.062301447357584,D
1.9181795653148432,1.37018304205195,1.528679954752233,1.331743800917668,1.254794739312023,0.9719459079885295,1.1156757220282933,326.17222204077495,-36.30126495795787,D
1.9358004462913267,1.3776641888970296,1.5379322174985264,1.3376391480757417,1.2587033578371485,0.9709471719277741,1.1163331600640711,326.3470873327254,-36.313864332861186,D
1.933152947892544,1.3796407237148733,1.5386379303937845,1.336257271051813,1.25640536327984,0.9685545287861289,1.1152453707301342,326.54201472307994,-36.52678465304724,D
1.927323444616379,1.3775991728323738,1.5378461410171953,1.3352364801588275,1.2532615540730019,0.9692488980038746,1.1163233626624138,326.2052873527069,-36.548366526546594,D
1.9457544609928674,1.3810461453505507,1.538164490457848,1.3507368463096021,1.264984644401521,0.9780533770410291,1.1137676287184568,326.25121591613384,-35.46090852697245,D
1.9505877063001729,1.3833437478278072,1.546497242209844,1.3597427006009446,1.2612940088486093,0.9829391304482908,1.1179413971677163,325.7390595702843,-35.71541179723836,D
1.9520409125956264,1.3850152318965956,1.5460824370042627,1.3482572766797767,1.2625723350030167,0.9734602520100203,1.1162927319485916,326.31342714938893,-36.09289792041353,D
1.9232027930596796,1.3717479066481528,1.5321823918596809,1.3388194315833595,1.2552048654764913,0.9759952430725748,1.1169562457022788,326.13925269322846,-36.337332427758135,D
1.9299428038104818,1.3780102717722977,1.5364593633989616,1.3337623151728504,1.256097525118435,0.9678899660576994,1.1149839699111082,326.3620229614595,-36.34896684923615,D
1.925899756658215,1.3734108460317629,1.5318711713180808,1.3287397166309987,1.2572204456338825,0.9674743143831769,1.1153772199660152,326.16391724601885,-36.15363793575006,D
1.929096209816737,1.3766424775877264,1.5360427017359968,1.3340214678910376,1.255887097172833,0.9690398847990126,1.1157891222618566,326.4628794425349,-36.59679345276863,D
1.9126878481311924,1.3638806096512741,1.5217291547350125,1.322921273356343,1.2569173970148846,0.9699685324323191,1.1157348700221628,326.37663316126793,-36.35238742873259,D
1.9310644851876884,1.373103280246611,1.5366179317637372,1.338888901746521,1.2566978721712583,0.9750824435479136,1.119084014924033,326.1239324192523,-36.575370747453356,D
1.9338431346690428,1.3769321182097658,1.5403804882511807,1.3442506731672976,1.2554321152591115,0.9762650281664144,1.1187047406911563,325.93447625175037,-36.43108343481813,D
1.9436862686322227,1.3805432198832057,1.537250448450639,1.3352804627833772,1.2643914142885575,0.9672138065306947,1.11351128042242,326.85778338835223,-36.14608963601417,D
1.9407140986795974,1.3832119099583429,1.5423559624931187,1.3458792989507817,1.2582789873892397,0.973010201301198,1.1150539923702425,326.18588285183614,-35.95960449900322,D
1.9535799121070607,1.3891162889221915,1.5466828743003356,1.3554613372713926,1.2630772245349848,0.9757724015482451,1.113429369905668,326.07519234076506,-35.33093218565437,D
1.9528302717016277,1.3841394416623631,1.5424313986507008,1.3520454031997733,1.2660726910836608,0.9768130020021359,1.1143612790906585,326.25314242463776,-35.444867517776,D
1.9414434758228842,1.3820643283244036,1.5367258260027512,1.3286275862009458,1.2633636026491875,0.9613355608503087,1.1119061497418554,327.2311964976352,-36.34399772939912,D
1.9249304847314184,1.3690874239570794,1.5247330470998062,1.3264683204630308,1.2624704950108003,0.9688704294931975,1.1136856715058148,326.94612444908387,-36.37547644879124,D
1.9242426116476743,1.3648237449925795,1.5190562326779202,1.3214135452787,1.2667356021807419,0.968193548893659,1.1130054252435206,326.91436526082686,-36.00788674565192,D
1.9199481588125258,1.3665402901607737,1.5235087655149078,1.3266487284930037,1.260214711113678,0.9708083530686997,1.1148656036593452,326.52226636952213,-36.20101776783376,D
1.9170577709062726,1.3665146278900926,1.5237812157570692,1.3249952993082776,1.2580925339428137,0.9696166233903247,1.1150859161381954,326.5293456673156,-36.33034123273831,D
1.9247228173120983,1.3744007640397666,1.5346095135267568,1.3366475922523666,1.2542101429364947,0.9725311766588136,1.1165662546753028,326.10285501427114,-36.30828752802232,D
1.9400474316705407,1.3834340587201301,1.5421887557482703,1.335760035115123,1.2579831258912462,0.9655393596069825,1.1147540759369554,326.5411623427653,-36.33651761265076,D
1.9528435078418571,1.385307463172737,1.5504193882912993,1.3563984500554958,1.2595582347522531,0.9791316990012949,1.1191879272348757,325.8640558779947,-36.07440703228022,D
1.96866260109622,1.3939843849278237,1.5497750146314961,1.3532416671488963,1.2702892887741686,0.9707724719018018,1.11175923589111,326.8911808545342,-35.57366784040916,D
1.9693828357571619,1.3999516505222538,1.5525131372441743,1.3549465892320813,1.268512831558361,0.9678524174221422,1.1089762540477788,326.8607482532882,-35.33124107957126,D
1.9623070304434518,1.400657860984809,1.5547341777853643,1.3565519096461085,1.2621495420128046,0.9685105459603893,1.1100028215971482,326.6204167017223,-35.494365724007146,D
1.9330860363975098,1.374474757245998,1.5319226753267796,1.3418179106874777,1.261869197141531,0.9762404901316964,1.114551334792249,326.3062731281725,-35.87380920343489,D
1.9232809291764554,1.3665945798308177,1.5243699960261476,1.3296931428321066,1.2616890480593435,0.9729975242523796,1.1154515161437728,326.39030420306847,-36.088082039781824,D
1.9281943505366677,1.3744848420927074,1.5327772028806275,1.3391232491881566,1.2579743141487962,0.9742728389418167,1.115164864638968,326.12979445615827,-35.89291015799183,D
1.9515802552057069,1.389917260593877,1.5422147766373746,1.3502130814890831,1.2654399923860848,0.9714341419950212,1.1095730806151904,326.4960166243427,-35.18025688888267,D
1.957361168957579,1.401185714067205,1.5540867383936938,1.3509556300688856,1.2594928716660372,0.9641517298570529,1.109122597234213,327.0210669471323,-35.90525811530295,D
1.871844047370634,1.4498273743858945,1.617460328165326,1.3942829754568702,1.157273544689565,0.9616889569680312,1.115622698771594,322.174589262323,-37.41312557784336,H
1.8571566124761494,1.4488327097275067,1.6170123890648853,1.3898413614671508,1.1485110596772476,0.9592835336583125,1.1160794329174204,322.1816254796207,-37.981370391956546,H
1.8649748907995907,1.4558435148080882,1.6260326914972985,1.3991485087054125,1.1469479676218977,0.9610569367339256,1.1169007348373186,322.0989112390214,-38.11030354309316,H
1.8601381122225238,1.453941452568815,1.6185887915023351,1.390475299055854,1.1492345195940648,0.956348893278454,1.1132420694400191,322.32992049827646,-37.64102665931362,H
1.8666461420044913,1.4544359343293631,1.624529065140007,1.396233841039851,1.1490383164327183,0.959983047781098,1.1169478330367804,322.08942479831603,-38.006117072368816,H
1.8561216559944103,1.455020870323613,1.6178233762646608,1.388416744513445,1.1472956091659081,0.9542246251111474,1.11189015172328,322.26406851796287,-37.52016708126069,H
1.8614855594578408,1.450871675119203,1.6161343171403586,1.388869376658482,1.1518136455091275,0.9572654842437207,1.1139057608300043,322.04609453779017,-37.389437550740936,H
1.8568370378102068,1.4523958532321908,1.6123340412734821,1.3838440058785033,1.1516453726571492,0.9528008516403219,1.1101202455827464,322.1835724365635,-36.909172772608784,H
1.856555463568799,1.4403073840495044,1.5977865563941578,1.3729071013435512,1.1619546153640345,0.9532042371979976,1.1093371971071146,322.6528503691007,-36.66087402439011,H
1.8530115343467983,1.4389680988929192,1.601942050281482,1.3791882981478216,1.1567281937703053,0.9584564794792257,1.1132575152388355,322.1773634793905,-37.10915232226249,H
1.8608247596923124,1.4529197306511965,1.6173895727558651,1.3894444816940283,1.1505111638142065,0.9563119368413294,1.1131995378925397,322.2068769195706,-37.442518900751715,H
1.868325204247889,1.4587121235768712,1.6246104805139094,1.3955177745949,1.1500142505894002,0.9566779846684115,1.1137293330573295,322.15542887430746,-37.53147936210282,H
1.8640359683581202,1.4551099127151192,1.617572140865446,1.3883556478983612,1.1523665135335537,0.9541242457126831,1.1116494546086797,322.40603978696083,-37.35400761483774,H
1.8575536031586535,1.4429709491029767,1.6073262837438647,1.3836397592983223,1.1556792307483126,0.9588826165616586,1.1139006538856928,322.2030061793296,-37.28543234513089,H
1.8666466112667552,1.4446438793111265,1.6081800170642067,1.3822924427579866,1.1607199389744869,0.9568395800196295,1.1132016963454425,322.31590705951487,-37.000460975121975,H
1.858321821353068,1.4429083060757615,1.6061130670795716,1.3800085254619505,1.1570305101446516,0.9564076384140598,1.1131081998187908,322.3636499873196,-37.23699579432857,H
1.8654955756514187,1.4516380735828975,1.6163994849336867,1.3873996866974987,1.154105524679718,0.9557476563515263,1.1135003375491035,322.23256519426604,-37.35519379210806,H
1.862295255110377,1.4481088370220263,1.6129783098793373,1.3840200589183058,1.1545693105133512,0.9557431206375921,1.113851575684296,322.1925073322638,-37.34139055143614,H
1.867593425762218,1.4496029555958183,1.6148215241810515,1.3872917314891664,1.156532407944809,0.9570149716747504,1.1139750494764442,322.21122442730723,-37.26943251027925,H
1.8573018160072432,1.4485560609643127,1.6122134024380212,1.383493610949788,1.1520198338499075,0.9550846171799439,1.1129796394381595,322.39586298624437,-37.54810413044198,H
1.8695279922879897,1.4559960650466603,1.6177268829057825,1.3852211089909021,1.1556511868863295,0.9513906955143522,1.1110791586197997,322.28018183762657,-36.89172546531557,H
1.8539133839180968,1.4421369235293762,1.6096245491357524,1.3833829770689159,1.1517675876113527,0.9592591067451,1.1161385045162562,321.928513164377,-37.56948498597835,H
1.8596632169705407,1.4597167346443785,1.621028557422573,1.388966126533079,1.1472118788131627,0.9515312756015393,1.1105089905114323,322.5075136849216,-37.580328265011644,H
1.8633665964488026,1.460038786317349,1.625576942065961,1.3964580576738108,1.1462801595110181,0.956452712599569,1.1133792864271423,321.9889718255169,-37.593259234461456,H
1.8546891343885301,1.4574234456314232,1.6177520352468178,1.384256359609946,1.1464607022457327,0.9497969610405315,1.110008240978951,322.33105510789744,-37.38793281398532,H
1.8646916330617587,1.457864400231253,1.623380582023429,1.3922202264404162,1.1486472449593752,0.9549723734385557,1.113533317478581,322.0403694339785,-37.4516302985539,H
1.8638153606188805,1.4531524025836564,1.6189058791628776,1.3870873757497513,1.151280864816331,0.9545367528440625,1.1140647576155929,322.21770715730105,-37.541644809954995,H
1.8614466871809983,1.4524204223861823,1.6163863115279185,1.385936034076366,1.1516100290539035,0.9542251077683216,1.1128914786755453,322.2475630600039,-37.422131449405164,H
1.8628065979839565,1.4515584199501546,1.6179199668283921,1.3876278009589802,1.1513589276208858,0.9559572538641816,1.1146089227906861,322.14763458086,-37.58901704975396,H
1.8732776298977472,1.4583453908913286,1.6232527225948559,1.3918525311048582,1.1540270986905927,0.9544052731254353,1.1130783782316047,322.3247179999835,-37.39540189121218,H
1.86234888277372,1.4589204125027213,1.6241386530663189,1.3904260155868158,1.1466686537246487,0.9530513136090775,1.1132469181647628,322.4042681296455,-37.95386448177721,H
1.8647614791971407,1.460359551756364,1.6228637895066562,1.3896360607401557,1.149056064504354,0.9515711792132632,1.1112768684635572,322.53874877697814,-37.63189474916045,H
1.8657668131085765,1.4602499319413997,1.6266122783088595,1.3952997452712195,1.1470261462973579,0.955521184935904,1.1139273097902367,322.1223685029982,-37.69388022255979,H
1.8686469992593562,1.4568427962699144,1.6228879269839296,1.3935286177490755,1.1514331755071712,0.9565401437389485,1.1139760110968426,322.14162942435314,-37.5081302311485,H
1.8665678843442877,1.4542767310988325,1.6225677505462428,1.3938072508472155,1.1503790111173486,0.9584195504483338,1.115721455104526,322.0493979544367,-37.707807773921175,H
1.8630041773562787,1.4556792796517215,1.6250328385157107,1.3937231915506894,1.1464409414999446,0.957438366426528,1.116339884225396,322.0861098132705,-38.06748868890603,H
1.8682449169270214,1.4561317456456573,1.622945803580838,1.3921636242552167,1.1511443652677495,0.9560698256996816,1.114559728839106,322.30150067991883,-37.77320834576533,H
1.8576792249463014,1.454286579913781,1.6201405902092114,1.390846755861531,1.1466160629346471,0.9563773571671059,1.11404492937373,322.05100199431405,-37.70361266398607,H
1.8696060610472764,1.45895115298778,1.6250804563832222,1.3955666173777914,1.150469845172017,0.9565547239328858,1.1138689962684676,322.2249180159042,-37.640605465491454,H
1.8692056590759178,1.457117379383017,1.6240090979036654,1.3937988186563133,1.150982258343726,0.9565453259822386,1.1145355349418142,322.2572072557208,-37.687810149119684,H
1.8649782953631433,1.4533059048287351,1.617858071227602,1.3912816192846291,1.1527453047522462,0.9573219338488718,1.1132261046020167,322.16153723015896,-37.31668139213224,H
1.8650400976742842,1.454303975648351,1.6220386296729987,1.3914811279856034,1.1498123802700522,0.9568021206606823,1.1153367224688149,322.2771217418069,-37.907161747379604,H
1.853874091829916,1.4525321685500525,1.6218718369014582,1.3935189171911468,1.143045985292951,0.9593721553046127,1.1165823876523464,322.09508806893814,-38.25712978176181,H
1.860560610961587,1.4564261103096245,1.6219805262333564,1.3917171954295287,1.1470918305550024,0.9555700667393697,1.113671689041977,322.31503889028585,-37.908583693643486,H
1.865444090437219,1.4546528370674947,1.6222815330370877,1.3924424761099043,1.1498892469945734,0.9572335340966968,1.1152362211093088,322.34354962811847,-37.953162199720836,H
1.8563768639040679,1.4485816828187776,1.6167872394914384,1.3911131744161689,1.1481887155962416,0.9603277405173442,1.1161174124094622,322.04654176636876,-37.85072757449462,H
1.8612329823419793,1.4581299641279126,1.6251540514728324,1.3934429831350812,1.14526557076555,0.9556370264762237,1.1145467766618558,322.1863339940848,-38.00074513383774,H
1.854281683890823,1.4557168070318651,1.620854205407892,1.3898714143951578,1.144015098769595,0.954767718337358,1.1134406071141913,322.2231062545161,-37.928743992748736,H
1.8663771067169215,1.459482049870987,1.6212741454498512,1.3900668021665072,1.1511792203403466,0.95243843683407,1.1108558310759395,322.5540839794059,-37.46007430939866,H
1.8678424009744976,1.4627890617885166,1.6235296304160038,1.3898938234780942,1.1504824833384115,0.950166951466471,1.109886362173746,322.5410684088421,-37.33795302182388,H
1.8585071170052627,1.456766981036183,1.622082276757447,1.396877599138087,1.145753913741312,0.9588888389991533,1.113480946419912,321.9827219847546,-37.35466477595851,H
1.862322914157579,1.4495880737732403,1.6178705563288331,1.3941181055794531,1.151095127402183,0.9617339786402904,1.1160898641484804,321.7369465781705,-37.20725580000783,H
1.8687735212791512,1.4459845857138136,1.6110320633610802,1.3929267063883948,1.1599853061771765,0.963306746247764,1.1141419343455798,321.9642341863179,-36.57808918800221,H
1.854325990856364,1.4340855318208294,1.601753121827967,1.3820469844739165,1.1576852672153082,0.9637130797346232,1.1169160320544156,321.83278631282366,-37.08479101746528,H
1.8627982720857783,1.443747695659003,1.6154810560293742,1.3910063022423578,1.1530919939502573,0.9634691064268184,1.1189497035297313,321.49632215252115,-37.26504197400302,H
1.866370812982857,1.4536077433967964,1.6271495005174152,1.4014844011355287,1.1470186435784615,0.9641420854435835,1.1193869239545229,321.59216658906576,-37.75309102483538,H
1.8592604268712334,1.4382249346757894,1.6050614293022716,1.3852360956529517,1.1583733762012234,0.9631567790647555,1.1160016702561837,321.7420073020079,-36.808115759946105,H
1.8571635939767972,1.4331438720099787,1.605932809415984,1.3883514407890754,1.1564391630134117,0.9687453352760165,1.1205663581868228,321.5653544331614,-37.393877867024194,H
1.865116771817227,1.4476902736139787,1.620317125932639,1.396457833051921,1.1510813173339038,0.9646109105684862,1.1192429454455881,321.77788270191087,-37.65960824277184,H
1.8722862918389858,1.4546194020542609,1.632071234969355,1.4076105116710063,1.1471841741479754,0.9676830308210744,1.1219919331919337,321.5375543096874,-38.005188754184026,H
1.868356422080176,1.4363698661904234,1.60742289309683,1.3858414173546747,1.162330355069559,0.9648221185746806,1.1190870338710723,321.782947695312,-37.03130214322855,H
1.8629239005362006,1.4376125994300535,1.6077574668574022,1.3851553706803525,1.1587095310946114,0.9635108729775339,1.1183523763598087,321.62598328536626,-37.01167407818126,H
1.8792088721332318,1.446088921815584,1.6143409410206206,1.392988870083661,1.1640718663463716,0.9632802306062513,1.1163497048257545,322.1732054117746,-36.879182172170836,H
1.8704652799296968,1.4391918464007767,1.609043462592487,1.3873568256866406,1.162470326883531,0.9639832445939932,1.1180187454622441,321.7293536425814,-36.889888021415715,H
1.8779915641310299,1.446764652577406,1.6170895841820199,1.3951212447013521,1.1613404615929075,0.9643042095450346,1.1177281538508566,321.8170049519161,-36.88336797272991,H
1.8669178853338741,1.4403070723138038,1.6139443075436872,1.392123758809739,1.1567424455774409,0.966546499402617,1.1205557054933717,321.7631413076783,-37.50808310821448,H
1.864663623122496,1.4467191682352925,1.6133793589556389,1.3905215084741531,1.1557502659074037,0.9611551011453804,1.1151987160878214,321.9815443880914,-36.9412286938529,H
1.8722290714396905,1.4434044760978284,1.6122575166990996,1.3869345330655014,1.1612469174731161,0.9608772565365803,1.1169824837025286,321.70677951164305,-36.71142723340407,H
1.8872745577294057,1.453795035833278,1.6228795591783407,1.399657168832388,1.1629172029777288,0.9627610043599718,1.1163056133618916,321.67811379554144,-36.40664649820695,H
1.8676852404946718,1.4401155122023601,1.6118287461776712,1.391407304790198,1.1587367733226899,0.9661775690911953,1.1192357366616454,321.52270507859066,-37.021026316216954,H
1.8736548088359466,1.4464756496798716,1.6143183238415142,1.3938579672554474,1.160647674727065,0.9636235269939945,1.1160356029489946,321.8523284002049,-36.77110774093637,H
1.879789831932337,1.4439670791235484,1.6163657571301258,1.3981931393427964,1.162973060794064,0.9682998730078143,1.1193923881638763,321.55490778736834,-36.825888821879005,H
1.8649278497208268,1.4386263451621388,1.607853009558991,1.3877234497090019,1.1598870286235603,0.9646170142620321,1.1176307280663482,321.58191830200064,-36.800240642924784,H
1.869856712612309,1.442580065267399,1.6099031865965767,1.38765194722214,1.1614715270955442,0.9619236953513028,1.1159887935219475,321.91873247205274,-36.87202023438208,H
1.8649002837591888,1.4426329334907733,1.6105018639372057,1.3905931385470542,1.1579622014221413,0.9639272099398167,1.1163628852144918,321.7629369364985,-36.94400042574075,H
1.8676254107728534,1.445615532288899,1.6132053741546033,1.3917916243566177,1.1577108784128483,0.9627674808895696,1.115929746272408,321.94392255755895,-37.03778690667441,H
1.8735804054179794,1.4460011636882681,1.6149242516049487,1.395297594877605,1.1601661214487133,0.9649353194977138,1.1168208519872929,321.72788275128,-36.74495523511638,H
1.8648293211528928,1.4392848825972113,1.6083900102987,1.3911977732566867,1.1594385125573916,0.9665895821446059,1.117492464310704,321.6838442002672,-36.90797399574467,H
1.8718962176818612,1.4427296339614577,1.6116951973555278,1.3900387216893162,1.1614455517105664,0.9634783184376254,1.117115195679542,321.78867153408413,-36.83498434575128,H
1.8764717603711198,1.4444012014761038,1.6137048426997704,1.393381449832544,1.1628345597771979,0.9646775760146002,1.117213722233578,321.6057926934038,-36.614304545618744,H
1.866292575990863,1.4407521179502054,1.6093133975139295,1.3875807447516852,1.1596824949533853,0.9630947110637127,1.1169953369935284,321.93506695231935,-37.10061646847474,H
1.867896048743956,1.4472247073796352,1.618510997342376,1.3937421483614605,1.15408301322084,0.9630447443679905,1.1183550067168726,321.9975214577718,-37.61931010856298,H
1.875760376824429,1.4467702722177336,1.6184241332499776,1.3966044098751487,1.1590042055648857,0.965325619895627,1.1186462455916504,321.8468456662451,-37.273196324522615,H
1.8634234607989377,1.4447982834895345,1.611343526451709,1.3848624595696784,1.1564408397148722,0.9585161301720979,1.1152723150805024,322.1503048007889,-37.19637690398436,H
1.8663069590584815,1.4485884876320458,1.6152544792929053,1.3888592919196725,1.1554259610383357,0.9587673129930706,1.1150540633753774,322.06962430756863,-37.10766680194679,H
1.8664997978357352,1.4420700505036803,1.6121642943517454,1.3908978432365957,1.1577602880643494,0.9645147562358629,1.1179514433356792,321.6641165271589,-37.093909914035166,H
1.8719818935913561,1.4447567534236945,1.6146895601688371,1.3888162548206626,1.1593447680404991,0.9612803342358722,1.117620358127724,322.09099965927084,-37.33770275037565,H
1.8662592435738854,1.441460404967115,1.6087189865529556,1.3872565193023505,1.160090270068092,0.9623965490290377,1.1160341144366408,321.8562133552222,-36.80853231540252,H
1.868253001205594,1.4398787333745453,1.6081237834417534,1.387704623975523,1.1617594493920762,0.9637649281222833,1.1168466803262687,321.91598886398,-36.97353695299272,H
1.8793100747728393,1.4420296861184065,1.6097881995876089,1.3901891904851318,1.1674269169411702,0.9640503270270276,1.1163349930199895,321.92213816838097,-36.49307361275261,H
1.8700179747932189,1.4486908255679742,1.613163820874918,1.3869633696836312,1.1592238498003216,0.9573908698840954,1.1135321577276232,322.057767788949,-36.73484851969937,H
1.8622083156054963,1.4418861104216263,1.6106354122829678,1.387510494273935,1.1561948169051746,0.9622885498690383,1.117033724537368,321.77644306929227,-37.08201189067376,H
1.8764211605869683,1.4448350832761803,1.6139096154710828,1.3898203169398378,1.1626556670828565,0.9619231516640668,1.1170199520706017,322.24131093575653,-37.1595028801807,H
1.863736990768601,1.4453731843192317,1.6169066368199874,1.394869481283816,1.1526559099504108,0.9650583644533278,1.1186776220575503,321.73176381298623,-37.503040860699905,H
1.8729435493645934,1.446915147311305,1.6184890541157688,1.392871751745424,1.1572173099359273,0.9626492295237176,1.118579107505569,321.81382524388823,-37.32312441447208,H
1.869199147380339,1.4415362995477319,1.6123491820593525,1.3897958875160348,1.15930169976762,0.9641074511630889,1.11849363943538,321.93959271646906,-37.300441881823645,H
1.8694519299317085,1.4497377077322218,1.6194065034268947,1.3931344071350271,1.1544055961092425,0.960956178282941,1.1170341329950508,321.8721516479659,-37.35785407423452,H
1.8671662380984,1.4461195121618025,1.614768427133304,1.3890848497085955,1.1563058867909484,0.9605602013017956,1.1166216993499993,322.0109748441602,-37.30903038099212,H
1.8710447004651276,1.4466877639082294,1.6181213220487696,1.395396536307519,1.156306807759088,0.9645457514189882,1.1185007314069015,321.71258822004546,-37.25554468654682,H
1.8666732788213718,1.440653623683976,1.609858571683148,1.3906637681161729,1.1595262538309297,0.9653005727775347,1.1174501248721316,321.7564166435074,-36.93433914807493,H
1.8442385877111496,1.4636282603272313,1.6074462079210805,1.3558965123040567,1.147309675821945,0.9263940503587377,1.0982612535519745,322.94605681468977,-36.439013858490334,H
1.8429177702950328,1.4642297154136583,1.6091368219649267,1.35742582655788,1.1452834495730666,0.9270579692984818,1.0989647355369583,322.64172120792153,-36.35333109443794,H
1.843172282310851,1.4657572056936696,1.6073761537762763,1.3528027571673449,1.1466962963091178,0.9229378180181833,1.0966182854380617,323.0838124017421,-36.36912417542031,H
1.8439108539805458,1.4678061960138906,1.6070575432239884,1.354503974775565,1.1473832170821934,0.922808459627695,1.0948703906471178,323.4145702503825,-36.37475320889522,H
1.8393248210803452,1.4718102621121292,1.6153315747284809,1.357924103775034,1.1386670389263673,0.9226217120040581,1.0975134610152744,322.6422507787395,-36.486146429409715,H
1.8422531078763558,1.4714441354128849,1.6128352121775515,1.3534839517561061,1.1422450935883637,0.9198337328493417,1.0960900066552595,322.83646551968286,-36.30493264566703,H
1.8477855659273916,1.464667374570745,1.6057383507108476,1.3460983478578983,1.150738889128102,0.9190471305830813,1.0963160500393112,322.9789563925753,-35.99168455782857,H
1.8396525688130183,1.4622276608130214,1.6037275912958293,1.3395253119106822,1.147110381337618,0.9160853318599412,1.0967701092483313,322.77772973847897,-36.07579667127991,H
1.8450407553468857,1.464239872792871,1.6002426431952514,1.3367222474994733,1.152975621036344,0.9129120660741383,1.0928828485888522,323.58910130356566,-35.883011832316775,H
1.8396274908956987,1.4643968921789534,1.599697026813486,1.3403063985816401,1.1499849409360607,0.915261706535943,1.0923930768749532,323.4552475935954,-35.88513756716581,H
1.854124978310407,1.4729926891662557,1.6157453972190425,1.357716030532869,1.1475353613890245,0.921739829748486,1.0969133853159772,322.87033035524325,-36.093682208841045,H
1.853969903933082,1.4744159893454758,1.617539001165843,1.357817395316947,1.146167049200564,0.9209187943761452,1.0970709846166973,322.74382153181057,-36.0833735584084,H
1.846816315796733,1.4730937547529426,1.6142048879808493,1.3538861242241442,1.1441027898923346,0.9190766846005731,1.0957923640451337,322.9092545793275,-36.21784323015302,H
1.8433665560777441,1.4687198325417143,1.6095759956943099,1.3497619364934472,1.1452497806930737,0.919005726338969,1.0959040383548406,322.90311116565334,-36.162568147481664,H
1.8421275930183294,1.4643841658289782,1.6011367153527385,1.3415420134135148,1.1505123674666966,0.9161134384801796,1.0933857062339551,323.3816559711581,-35.99041055160875,H
1.8456685161208197,1.4677152033787007,1.6043177496944407,1.343923828707631,1.1504382573042944,0.9156570877060479,1.0930715618406617,323.31470116738086,-35.897316942901774,H
1.84328788308055,1.4628338219955064,1.5997996409994397,1.3441006589917222,1.152199210351739,0.9188334578962525,1.0936304704912367,323.31251472263517,-35.796449567186464,H
1.8469729923246274,1.4651012427664831,1.6030644005731596,1.3455095692857384,1.152151461703136,0.9183730994214944,1.0941662963483445,323.19157595314203,-35.76669602784019,H
1.8439670599357671,1.4616234223442781,1.600925176282163,1.3449017970200356,1.1518133934391748,0.9201424775083077,1.0953061861272453,323.0051270889871,-35.74135201120467,H
1.8444699581111084,1.4630926465040741,1.6003869672757611,1.3446518278722581,1.1525149828299555,0.9190476290651727,1.09383843265137,323.04324560250257,-35.539893527980844,H
1.8447316415845985,1.4684167326206254,1.6086175178699256,1.353146689615881,1.1467807736094575,0.9215004566183154,1.0954775181559593,323.2570927832125,-36.327364886080986,H
1.8493331877656327,1.4739439055552255,1.6192630053320534,1.3591401823359943,1.1420832697813659,0.922111199220987,1.0985920150889916,322.76616488193736,-36.58026929916316,H
1.8504533209771221,1.4716249516287851,1.6179491955755452,1.3597254430879389,1.143702982786718,0.9239619385244885,1.0994303907288399,322.6726530916885,-36.46995834599442,H
1.8533696235086865,1.4717268610821055,1.618571714502769,1.359967982172575,1.145064878437004,0.9240627579309394,1.0997772462430249,322.6347546084831,-36.423955567484235,H
1.8529882837742229,1.4735269811406178,1.618360920299612,1.3593587346608798,1.144978391736729,0.9225204234866718,1.0982906597657833,322.7655823333489,-36.36992850795483,H
1.8506402094982444,1.472981284318806,1.617923611302766,1.3608776409519683,1.1438365795330059,0.9238933688022513,1.0984006575826861,322.8542460561911,-36.5254339641806,H
1.8409685514988863,1.4687588865387409,1.6080358344278374,1.350574723618042,1.1448554267784274,0.9195346737957718,1.094826284399419,323.23633632065116,-36.35702454764471,H
1.8439659315830368,1.4682739046692406,1.6064618526266645,1.3477473468220313,1.1478429622017094,0.9179127562889158,1.0941159190515979,323.2680697866167,-36.15994857338661,H
1.8458490538015035,1.4648424201315153,1.603409816396981,1.347252378786593,1.1512022908462087,0.919725125563769,1.0945954283963355,323.3673943900984,-36.051990093175,H
1.8511698069295983,1.4692586341897544,1.6068594124829592,1.3487559825154547,1.1520421715482405,0.9179840438775078,1.0936532037935491,323.514857872933,-36.05623302832448,H
1.848878794603443,1.4681261628059947,1.608995349720174,1.3528279845646864,1.1490889609624961,0.9214657560349299,1.09595169031314,323.2732069232103,-36.310484055762515,H
1.8506993511723773,1.4709925985594847,1.6113489200364606,1.3529408358970352,1.1485404111795356,0.9197468683540247,1.0954160623339806,323.30998664192583,-36.249504416203116,H
1.8515009428662386,1.4703720848455626,1.6151058354106107,1.356521465174911,1.1463650878306242,0.9225701978131544,1.0984334183549533,323.0311251570537,-36.552352551558705,H
1.8474767949731112,1.469184967941942,1.610056109662207,1.351353854728259,1.1474611250416085,0.91979831281643,1.0958838708495633,323.2970367393068,-36.41760998515116,H
1.845998615006275,1.4637119011930826,1.602793740920646,1.3520043853868056,1.1517380982196324,0.9236820335236576,1.0950199555077722,323.7177994240384,-36.47849828367326,H
1.8469116914277084,1.4634687493993492,1.6048580023322343,1.3518544001007617,1.1508256112028064,0.9237330149042149,1.0966124168971256,323.4456295024434,-36.54030351616931,H
1.8527708749972545,1.4712126046262994,1.6089344141085302,1.3490939384831846,1.1515515230145834,0.916994548742237,1.0936110858819166,323.6051449222042,-36.21341928669332,H
1.8499300372114702,1.4689786950608188,1.6051063843179063,1.3415498981351994,1.152527991468679,0.9132534751156867,1.0926682529261948,323.69013291254674,-36.05360887602266,H
1.8553850422237228,1.4708710756152874,1.6084157852622767,1.3472833619423814,1.153548142976708,0.9159765150584612,1.0935124171841182,323.6965547731332,-36.11052497238717,H
1.8508979262891416,1.4693533594969705,1.605288270487186,1.3431957996360335,1.1530003428776165,0.9141407619579495,1.0925134244336927,323.6174355753053,-35.94655720268949,H
1.843027293358111,1.4652636836398458,1.604998773256879,1.3523162738993757,1.148304487247814,0.9229166661253088,1.0953651490699057,323.6390065549577,-36.63896886645891,H
1.840821430230428,1.4670028815393579,1.6075078497355273,1.3503005685832958,1.1451399323078182,0.9204484773515893,1.0957768863062727,323.3089416209849,-36.53920187192155,H
1.8529050741266555,1.472136532340983,1.6143629780440456,1.3551560560221863,1.147762367774084,0.9205369381515347,1.0966122656279,323.06055773476174,-36.2464962423333,H
1.8490770930901368,1.4673077897774318,1.608075438150223,1.3503085543718394,1.149869620057837,0.9202626495812856,1.0959360056243845,323.1308390987136,-36.10199989393437,H
1.8485656914720254,1.462280920731806,1.6011310938722545,1.3437229012234317,1.1545373758255877,0.9189225422916404,1.0949545133030665,323.5447915210382,-36.09632961800117,H
1.8495396316462964,1.4622619656286762,1.600851819013927,1.34116027308428,1.1553471780951925,0.9171819445551055,1.094777718796554,323.650877927125,-36.147236457584995,H
1.8468613111541785,1.4657256505523621,1.604233823452755,1.3449503713908029,1.1512419724321872,0.9176003509824333,1.0944980207231794,323.53155692871,-36.19993659273442,H
1.8515189570534625,1.4716630090644147,1.6149431113841404,1.3554195106746956,1.14649175193952,0.9210121490628354,1.0973593148956116,323.09577661899885,-36.47285260022949,H
1.851155474371237,1.4694414671283136,1.6137067713125204,1.3535930767874218,1.1471448885757516,0.9211616162110282,1.0981769654739226,322.9922710338287,-36.43931274055691,H
1.8480089067760654,1.4657539860961308,1.6064112859564494,1.3473590767186863,1.150395868686748,0.9192259338875988,1.0959624201568392,323.3407204826042,-36.25915380318861,H
1.8411099799218693,1.467257091514089,1.6131904341255803,1.3568628645959906,1.1412849598998716,0.9247614971114704,1.0994599674832037,323.05087466967314,-37.02195122207313,H
1.8364879864391273,1.4639346032440488,1.610638815315961,1.3532964865131119,1.140223350496406,0.9244241399269031,1.1002122716047689,323.06744673038486,-37.17714170378918,H
1.8342740702740032,1.464181740035345,1.6095794993693948,1.3542900984560515,1.1395983056398518,0.9249467203595636,1.0993030819593066,323.0742621001288,-37.08226087399776,H
1.8375115302945275,1.467301778657531,1.6130214978298216,1.357784262431978,1.1391736147142102,0.9253612870790948,1.099311349097943,322.7054948392201,-36.72325337078295,H
1.8372937343070757,1.4643808151795579,1.6058990453773938,1.3516730977590374,1.1440904330790627,0.9230338746231795,1.0966403197384715,323.3477920656246,-36.74207567951771,H
1.8366799170846109,1.468350807956121,1.6084193003402532,1.3505086923635243,1.1419161139735579,0.9197452577721345,1.0953917085925136,323.318181435525,-36.642518839689025,H
1.838338662237883,1.4662184120925996,1.606519570612268,1.3511634312335323,1.144298952758643,0.921529439331716,1.0956891260964519,323.3160714221677,-36.55927801225679,H
1.8454194239335866,1.4689037570827974,1.6075479885914212,1.3495171981298206,1.1479715921579392,0.9187240427582027,1.0943861916344795,323.4031806096261,-36.33297308996541,H
1.845930586751281,1.4618381477098485,1.5996305832643356,1.3445742835845989,1.1539730523183207,0.9197832781221655,1.0942597070478397,323.67260811866737,-36.148530654257264,H
1.8402720076931376,1.458977395216106,1.5974157599186187,1.3428211688279947,1.152030707263644,0.9203851774750039,1.0948872581278115,323.45847378581874,-36.10820585106136,H
1.8377576140958543,1.4670137716388543,1.6079581324634793,1.3501470545565755,1.1429138464446893,0.9203370006869651,1.0960756903237323,323.2054673692399,-36.61443927892973,H
1.8473523242073693,1.4669167612055436,1.6038020064166967,1.3462009188920012,1.1518580952114073,0.9177077762651403,1.093314937037503,323.60974231104126,-36.13020825808135,H
1.8403716750545451,1.4656257550398284,1.605408404622839,1.3480087226696993,1.1463573192684926,0.919749614138752,1.095374040134285,323.2656931324141,-36.363367369873096,H
1.8436965730412371,1.4680054110378278,1.6088767886605104,1.3504320455935939,1.145952621130316,0.9199094468179694,1.095961075186427,323.28193409242243,-36.46801556369535,H
1.8442410701203806,1.4667128700171468,1.6092812559533116,1.3512845345604192,1.1460029521240416,0.9213013413761221,1.0972026555780465,323.13896032556903,-36.49214540362724,H
1.8454614024836808,1.4705690764664683,1.614594971205287,1.3528913997575789,1.1429872106600538,0.9199781373129039,1.0979388843704567,323.028281870603,-36.688901680542536,H
1.8397606346893545,1.4668406865363335,1.607716952066465,1.347775739158507,1.1443311786472328,0.9188289849942901,1.0960406040159576,323.19547743605364,-36.503726396137075,H
1.847401951201668,1.4679683761246962,1.605073068962196,1.3486664272828108,1.150976853904948,0.9187298917454668,1.0933975793126032,323.63717709236175,-36.22024450842857,H
1.8430217337614458,1.462794136625287,1.6004126146009046,1.341331810718215,1.151591606406477,0.916965536799806,1.0940791834817631,323.45556467343494,-36.07620631654206,H
1.8369039073506825,1.4609038536634151,1.6017522561105462,1.341340659498468,1.1468090026675806,0.9181580677844567,1.0964118221017314,322.8541323154757,-36.0685623308224,H
1.8479972572463572,1.4684949065543003,1.6067479395983955,1.3477482815371244,1.150147581772074,0.9177752510558599,1.0941460759768615,323.4373636260056,-36.19074881351195,H
1.8367951910741895,1.4634479361859982,1.6067268296972304,1.3467046795549849,1.1431907136450277,0.9202272566421005,1.0979050159342478,323.09937560099337,-36.722712295278654,H
1.841570770194555,1.4677571197595343,1.6109236858672609,1.3480943662561122,1.1431769154248437,0.9184723740103359,1.0975410469350555,323.17565703621096,-36.822064379594245,H
1.8432160118034822,1.4642179706634695,1.6113477540742214,1.3529924600969894,1.1438970930657222,0.9240376004154072,1.100483525239131,322.93025456595404,-36.87813234332057,H
1.838997095765347,1.4670213817866928,1.613237193231391,1.3544515755729545,1.13994216317425,0.9232664175101258,1.099668493765661,322.759305159285,-36.83505484623326,H
1.839590045078855,1.466933233694585,1.6105062872686804,1.352659333479812,1.142243317906375,0.9221001354458612,1.0978729299168548,323.12400075669865,-36.80020056194188,H
1.839588563705794,1.4679433993168436,1.608258870059481,1.3518328903297567,1.1438385933713253,0.9209025981239313,1.095586431198872,323.2509252994137,-36.56706522556536,H
1.8436911066218686,1.4671518103869075,1.605503359278226,1.3480852206509697,1.14835705323639,0.9188450786803457,1.094299409176228,323.38528881705497,-36.23319336432115,H
1.8487906859528167,1.462848737438338,1.6003095939615681,1.341145050102369,1.1552706382120308,0.9168036419479091,1.0939679223184375,323.64913587144946,-35.98534866584162,H
1.8454075708833348,1.463882445631869,1.6020243650946349,1.3433180790105068,1.1519222872582981,0.9176406773773956,1.0943668119492602,323.5196345912908,-36.156058458991225,H
1.8400419388379547,1.467601837626571,1.6131177156509595,1.3566491959077023,1.1406743109850617,0.9243986762115922,1.0991521503269028,322.85719921268566,-36.80466659414883,H
1.841532962982526,1.4679816878493814,1.6106735564493413,1.3519630318529574,1.143330972069911,0.9209672321141871,1.0972027578961192,323.20075305822235,-36.714122696794554,H
1.836380902335197,1.4647765572766824,1.6074991910875682,1.3501238614394906,1.14238371783738,0.9217268359002451,1.0974364541143642,323.1852237014779,-36.760825222011796,H
1.8442079342112214,1.4689379246864616,1.6113845796126194,1.3537933385900298,1.144486522673919,0.9216137154869843,1.096972549031684,323.2496754012031,-36.76328020727388,H
1.8522882882206853,1.4694329309544885,1.6106253633952698,1.3550105782850759,1.150042915204054,0.9221316262491217,1.0960863401564493,323.51142498335685,-36.54244128131259,H
1.848921615992323,1.465971364424946,1.6074748701687727,1.3508666731754093,1.1502025010183832,0.9214823058329734,1.096525422786368,323.35009475335755,-36.41071780634141,H
1.8394990072114918,1.462089051450229,1.6013646931932657,1.3451724834892105,1.1487071090242191,0.9200345780272068,1.0952579746116633,322.9973033147503,-35.963093833136625,H
1.8457684396254646,1.4639894860657512,1.6098950812678035,1.3538802201182363,1.1465147394399822,0.9247882126234275,1.0996630075494267,322.67481654409465,-36.36717623091834,H
1.8434428246789212,1.4631611561557363,1.609838742878843,1.3518743585871293,1.1451102371796125,0.9239408474586638,1.100247048047997,322.5935253464873,-36.49073612536232,H
1.8556829591936579,1.468175029605865,1.613995958278815,1.3548785899246318,1.1497444895541007,0.922831789536941,1.099321215612893,322.7640611030328,-36.22831596050422,H
1.8584091686940114,1.4710747094012164,1.6100746244791424,1.3535361930633405,1.1542379094976452,0.9201002399220645,1.0944886851698403,323.71449379918704,-36.29146442521697,H
1.858423319745587,1.4717669954236583,1.6110113624758113,1.3562716253354503,1.1535755507580974,0.9215260496754367,1.0946103340305375,323.5831850617625,-36.18710208811297,H
1.8534708511953777,1.4650782357366152,1.6077281538370096,1.3524608995082295,1.1528509012993755,0.9231322031265015,1.097366758048025,323.3261722192581,-36.35806931826341,H
1.865921105536699,1.46982578229704,1.6151880374888552,1.35366206249693,1.155234599457324,0.9209676948117146,1.0988976087796225,323.29996320115333,-36.344396801877615,H
1.8549474741030365,1.4658574748201763,1.6135797746115397,1.353886487267139,1.149585228625963,0.9236140010359648,1.1007753498064232,323.0894209565634,-36.74955331450563,H
1.8527483943081997,1.4664646622557898,1.6151460642783257,1.3607324169985628,1.1471088809147665,0.9278999024125244,1.1013876473462556,322.84360611200134,-36.76260998989859,H
1.8537434855845125,1.4656082554802998,1.6097596945067054,1.3524027643351737,1.1515653497291554,0.9227586971335481,1.098356050115974,323.1937506315148,-36.43371029993651,H
1.8553836577711411,1.4688075383543304,1.6136109332409434,1.3552786318701076,1.1498333455417262,0.9227067512116516,1.0985856833556644,323.207088634352,-36.540380040848774,H
1.8544199278042437,1.4669781667647983,1.6088519302664124,1.3512309960071045,1.1526355489390296,0.9210982321482283,1.0967115712529625,323.5166340120451,-36.436597516887744,H
1.8639713071930535,1.4675452409358076,1.606719025693114,1.3522456936271867,1.1601103101327654,0.9214337356747531,1.0948344084224346,323.8732584944962,-36.16244596451775,H
1.8250066296010585,1.4513756641404016,1.5793561412364605,1.3086162866407816,1.155538375386492,0.9016385757134964,1.0881787398384257,324.752734879967,-35.91339177016562,H
1.8356485522091301,1.4594355018985585,1.5891171159847581,1.3224673801749278,1.1551373613338745,0.9061499315691233,1.0888573793891534,324.54932193646897,-35.781894837897255,H
1.8341019976442785,1.4545560713167176,1.5844173363488745,1.3177040251532381,1.1575876857487413,0.9059149049925618,1.08927896805972,324.4852505024333,-35.622611741372175,H
1.8360874724700835,1.458223003426152,1.587083255228998,1.3217880749869855,1.1568942375396414,0.906437542050422,1.0883680009848176,324.62393627036954,-35.639622668672935,H
1.8367169919698796,1.4604612695783246,1.5873629702042384,1.3201752742649464,1.1570869589666426,0.9039440495714873,1.0868915206923315,324.72066838831495,-35.57779841922655,H
1.8302789127942654,1.456002393411858,1.5819917422285934,1.314500341270884,1.1569459333687186,0.9028146843842808,1.0865310039233547,324.63428193586475,-35.40832930431389,H
1.8256384564857437,1.4513396051431422,1.578119711043599,1.3118975642444604,1.1568440871183736,0.9039218385520947,1.087353852572605,324.6648472184235,-35.531301590274765,H
1.8266295761536213,1.4552608676797543,1.582272736952637,1.3144234627045563,1.1544340830087239,0.9032218840600401,1.0872777328750607,324.70471161506737,-35.7436987899301,H
1.830525287186107,1.4648731929506293,1.587481483106314,1.312790537638031,1.1531002450524435,0.896180327386383,1.0836989104215364,324.95952952004274,-35.598086107014524,H
1.8285237835401649,1.4538519834400594,1.5820562319086837,1.309126186574698,1.1557893750300698,0.9004535547539607,1.08818246281528,324.8466132514881,-35.94838214585479,H
1.83396648796045,1.463790683417347,1.5900064429329723,1.3207675342479113,1.1534333688468972,0.9022926223061238,1.0862252786176803,324.6688503496857,-35.680405480754104,H
1.833040030858985,1.465494938407809,1.591852328270464,1.3200164825662797,1.1515138674016137,0.9007308370511433,1.0862216487761713,324.7228139152644,-35.7941187529244,H
1.830738878322146,1.4685652022031277,1.5948192180208378,1.322609536463121,1.1479287794099218,0.9006134249122576,1.0859709978340117,324.5396462277571,-35.762098716839915,H
1.8316627479402514,1.4624288419560103,1.5909230835070542,1.3202758656480673,1.1513207438680864,0.9027966542852012,1.087863585471401,324.506692296919,-35.84970678859246,H
1.824606297269451,1.45634585126701,1.5844646097821453,1.3137939841265753,1.151560145934925,0.902116748561878,1.0879727561991357,324.72446691982105,-36.06596722452789,H
1.8274728248357455,1.4575689261493052,1.5891110970492281,1.3187247422636685,1.1499968933758777,0.9047426290484638,1.0902476504129648,324.37083882734134,-36.09927630284686,H
1.8281240337888867,1.4576189097105534,1.585353144573216,1.3135401572160303,1.1531336346395085,0.9011547177834476,1.0876321197616923,324.7813122785581,-35.95140853787145,H
1.8288840605267007,1.4610294641421522,1.5893894486749305,1.3189778560470509,1.1506834036500218,0.902772934029426,1.0878558493740886,324.5718760968354,-35.89607608289425,H
1.8255377540800939,1.4556334107264068,1.5847480082731074,1.3161657075510866,1.1519419772417787,0.9041876188416688,1.0886999409296798,324.5483620428295,-35.95084722370576,H
1.8254214424640343,1.457626941371909,1.583972400143053,1.3122807817507698,1.1524326069691462,0.9002857620864634,1.0866788717915907,324.7999191255456,-35.90212511886426,H
1.8240448659696755,1.4552962876193307,1.58624570721907,1.3166898730726422,1.149913192936234,0.9047572540891793,1.08998127784271,324.41341500036054,-36.09443508484559,H
1.830466938413971,1.458506933488464,1.5878755841751189,1.3186376030103208,1.1527773061419513,0.9041010177828891,1.0886993731166092,324.6835441841249,-36.04996475217253,H
1.8305908506762785,1.4624134531729198,1.5934752985801415,1.3233380260745953,1.1488040337414818,0.9049000631137658,1.089620240516021,324.4428439512288,-36.17629636272344,H
1.8263405004943285,1.4543181216099719,1.5832502877746033,1.3143034748626756,1.1535387137439967,0.9037248833891336,1.0886547202079142,324.67727549541326,-35.96524131346756,H
1.824281302701583,1.45362946041735,1.5846100816180015,1.3151050582331318,1.1512493350028796,0.904704461517692,1.0901059209153932,324.4519893986016,-36.08682298832512,H
1.8259001663206054,1.4556227498672027,1.584911359110205,1.3143143023295136,1.1520519149699926,0.9029223419662954,1.088820135062328,324.4777886897193,-35.88114410503203,H
1.8297285387595577,1.4560461106350733,1.5864657012679901,1.3171972705352526,1.1533363357916522,0.9046398056451248,1.0895710580044973,324.63921120941274,-36.04838320144739,H
1.8263831429978687,1.457272866197224,1.5867638071903691,1.3149965754255297,1.1510113444242125,0.9023681191958466,1.0888584039384839,324.560743449983,-36.06250346594978,H
1.8223573884466093,1.4565346460159576,1.5839885695538214,1.3131667390865784,1.1504864514015603,0.901569174944426,1.0875049034271083,324.670566110869,-35.95966393090357,H
1.8302608385974612,1.462262935020918,1.5916150078789386,1.3214328339780537,1.1499394197322588,0.9036903024278259,1.0884602008025117,324.58053730501797,-36.012655559790986,H
1.829793063006568,1.4612848235364162,1.5898954281450373,1.320384970275078,1.1508889393696944,0.9035781040137335,1.0880120032297154,324.6300006066897,-35.986866049314116,H
1.8343003037572878,1.45219054987379,1.58358170046406,1.3187919965989623,1.1583237563428246,0.908139773195452,1.0904778994751683,324.42262529135644,-35.75367329145472,H
1.8229362249202388,1.4540953772538827,1.5838632246405868,1.3152728993679093,1.1509429580536557,0.9045300053507183,1.089243009376576,324.53665610343404,-36.08909703161085,H
1.8309217396121364,1.45996323872066,1.5892813124357168,1.3198320796684946,1.1520438359689034,0.9040173373303838,1.0885762533503076,324.70556702517587,-36.07819660381649,H
1.8330062910388374,1.4625713577190176,1.592010158365661,1.3224554873794203,1.1513785143937652,0.9041989509776003,1.0885008447372526,324.72196308890756,-36.0691719553692,H
1.8339857351353168,1.4688617767033643,1.5973813231460323,1.3248783308751084,1.148120181800607,0.9019761776690761,1.087496011184327,324.6875192451412,-36.107858276711255,H
1.8227701485339334,1.469262796012899,1.5918498905505436,1.315521348594745,1.145064091378318,0.8953615052151608,1.083434423624083,324.8407107229133,-35.88598574913533,H
1.8241539293510238,1.4688634995235896,1.594218887892464,1.3191660653177189,1.144230533965465,0.8980862181854041,1.085341754635153,324.65588634103284,-36.031959213404654,H
1.8232299347552974,1.4700090585060075,1.5934880777867289,1.317345443811384,1.1441754476680288,0.8961478408508735,1.0839988152224143,324.812780643132,-35.969689646346374,H
1.8349596709721407,1.470667121843988,1.5979447012925485,1.3238878908353306,1.1483248885195307,0.9001954767135755,1.0865441115518883,324.7695063495574,-36.03269479932837,H
1.8300561910795274,1.4675260516967343,1.5976302527783013,1.3270308244278946,1.1454816831973695,0.9042638956177977,1.0886554626619012,324.23648741226117,-36.03644930105296,H
1.8271733658002496,1.469395357731854,1.5994243598655908,1.3283681763031012,1.1423943586515075,0.904023664777027,1.0884915019293708,324.2247393166381,-36.16739038541001,H
1.8279351214769264,1.4675992901308077,1.5975228201797418,1.3264743063423812,1.144230992125208,0.9038395666055085,1.0885279319243566,324.322964845532,-36.197174219547385,H
1.827598155702577,1.4700980503846577,1.5973518216805282,1.3234662730124989,1.1441425307167543,0.9002571445259777,1.0865614176296432,324.74215924170636,-36.34310308058556,H
1.8247672900918928,1.46806406177256,1.5945716618719583,1.320926762248391,1.144362046387865,0.8997746056486707,1.0861730788141843,324.68649030518543,-36.23185145940945,H
1.8292693717225024,1.466184953635916,1.594654962806611,1.3226776673789473,1.1471255001163183,0.902121975879583,1.0876219666912479,324.61057268265904,-36.169748942122446,H
1.8293743726655112,1.462800151780265,1.5929242716555367,1.3229532350973652,1.1484377538953752,0.9043977972570604,1.088955500665561,324.41535530898386,-36.08114684767314,H
1.8297610375556228,1.461964675197558,1.5904756512896192,1.3207925564513778,1.1504489465600947,0.9034367101058012,1.0879029283485906,324.6217088881162,-36.08000382098687,H
1.8301052367292892,1.4573416942977724,1.5891719898691246,1.3212408010198038,1.1516092961593203,0.9066101698657915,1.090459427660083,324.40669417178594,-36.150022154445956,H
1.824473657077062,1.4547953197358967,1.583796288535599,1.3147636761427304,1.1519623263948906,0.903744779974555,1.0886729336076784,324.59151846047433,-36.087050999194645,H
1.8267544752466578,1.455677722208207,1.5857172453761132,1.3178651719141032,1.1520051765681425,0.9053275679145193,1.0893326326177757,324.3556047514089,-35.91116229311538,H
1.8237995727411533,1.4568787625832496,1.58667836021161,1.3171377846981365,1.1494450409583448,0.9040819445831355,1.0890943028081537,324.5750556716193,-36.19615569242464,H
1.8355364817445008,1.4611553098735661,1.5931399813066165,1.3236396596254232,1.1521501583552516,0.9058856718933991,1.090328981827723,324.41480515922234,-36.073047403461636,H
1.8277318337088537,1.4557564470607254,1.5869449368318063,1.3199426724764873,1.151729837178697,0.9067057028265576,1.0901170590973233,324.4479756855402,-36.09174760888545,H
1.833972528470195,1.4616545517353845,1.592089565307899,1.3240241338119365,1.1519279872395354,0.9058392985127416,1.0892379211063603,324.47255930886956,-35.98997282746404,H
1.8313696209028922,1.4588887068459493,1.5914617311320125,1.3239357670245018,1.1507468794742757,0.9074960693107224,1.0908726098597885,324.37226572670374,-36.18882982006699,H
1.8289041353778976,1.4558692642192792,1.5866144330225165,1.3212131281087058,1.1527086211448467,0.9075080850870331,1.0898055697833213,324.4724568918295,-36.03496334613116,H
1.836110410792155,1.45816886130749,1.589227798574912,1.3234795321641284,1.1553475294345008,0.9076311854426858,1.089879122195701,324.4929810327771,-35.92269697689595,H
1.821504641044735,1.452279849734404,1.5829666001693914,1.315352849106736,1.1506905078413012,0.9057158297330163,1.0899873054486624,324.55169552150016,-36.2463863834275,H
1.8357104653954832,1.4540598116795105,1.5847405232107263,1.3198270375492815,1.1583665833674053,0.9076841454168357,1.0898729959259883,324.58286699151057,-35.89262126489424,H
1.8332324079935534,1.4683763055080061,1.5949135953795754,1.3216669167102584,1.1494242780953035,0.9000873357548551,1.0861749739470168,324.857679574377,-35.99941534298434,H
1.8327311415221388,1.4728023273178992,1.5992910261900215,1.3244864954866853,1.145964750323298,0.8992968512608818,1.0858830112676894,324.6226368897875,-35.93244478990517,H
1.8269908131999955,1.472519538391365,1.5971434882272388,1.323055785172341,1.1439115061777432,0.8984979490443273,1.0846331383636632,324.71256599129424,-35.99374287527329,H
1.825277721262427,1.470136018140103,1.5954061033092704,1.3197838795775878,1.1440834515276992,0.8977290966908432,1.085209860600279,324.77643239706975,-36.135355389694226,H
1.8309286883458789,1.4716143788784422,1.5979489225232866,1.3252800691953173,1.145799257121873,0.9005620549898063,1.08584758715196,324.73766961150886,-36.10047839191908,H
1.8335564122447126,1.4701490641151982,1.5964962373694562,1.321924958384861,1.1484877754963332,0.8991774988344157,1.0859417431458214,324.66725891533076,-35.91485299847969,H
1.8249997179928747,1.4582991040789806,1.587981369741598,1.3190772781412277,1.1492576378839037,0.9045313642802507,1.088927069419357,324.4555997099699,-36.03529108206987,H
1.8382814340149813,1.4622758763954584,1.5927291821459193,1.3251204905943819,1.1541707495672453,0.906204165701504,1.0892125130806583,324.4890548697234,-35.885205378043835,H
1.825538078019133,1.446116539797298,1.5781788320202201,1.3134457547962728,1.1567371459939488,0.9082571968787373,1.0913220259837657,324.37171109977055,-35.97149464858405,H
1.8340264994519488,1.4565393208269959,1.5878849439776328,1.3201085832103099,1.1550122106817982,0.9063322660323216,1.0901765034918942,324.53932955456037,-36.026122498030304,H
1.8270771086475108,1.4599222945700483,1.5900793552362515,1.3224317867575788,1.1490477520073497,0.9058234069553949,1.0891534166923145,324.504049470182,-36.19214572581637,H
1.828424835831738,1.4645566708048723,1.5956941505128373,1.326211420627132,1.1458491812131442,0.9055377965663082,1.089540734286435,324.1598620679986,-36.122009121079785,H
1.8286865984279739,1.4579400092162291,1.5904267115049215,1.3243208601462404,1.1498087810016733,0.9083507220973922,1.0908725334727014,324.1492782770056,-36.06178709887501,H
1.8283870400790785,1.4589741759816868,1.5913465711675305,1.3244289948817152,1.1489559051474485,0.907780971510725,1.0907297725792682,324.2439852832791,-36.20669435904304,H
1.8270699001703163,1.46236946628298,1.594601785303666,1.325990309043508,1.1457844315798131,0.9067409704702617,1.0904233314969243,324.1935832260846,-36.25140934797644,H
1.8289655208703683,1.4588823834247018,1.5917888014935035,1.3247641233007945,1.1490001180774312,0.9080678047471744,1.091101530581791,324.23726820556686,-36.22036165395764,H
1.8271792768822683,1.4620779217429685,1.5901194371427352,1.3216597829785806,1.149083040054842,0.9039598801977715,1.0875750283180026,324.7663829714587,-36.238139626602255,H
1.823112879225153,1.4595757371586928,1.589963966498915,1.320324859759297,1.1466378594979292,0.904594962868819,1.0893329657521196,324.3659950932559,-36.19572597855993,H
1.827444629354789,1.4661563830750508,1.592122322397243,1.3213518367998422,1.147804162812832,0.9012352652508309,1.0859157595849338,324.76272215451434,-36.04224072957264,H
1.8231805320897652,1.4664124754033159,1.5926676052069693,1.3213676491773527,1.1447338579181061,0.9010886577556764,1.0860979648778075,324.50875495866984,-36.03006355390771,H
1.8231717149347757,1.4644850070374131,1.5913584065299298,1.3181061467735784,1.1456700812674445,0.9000475528527584,1.086633457415297,324.69910142339734,-36.20246829895589,H
1.8178286012313465,1.4655723753691843,1.5910809842066183,1.3160208054843698,1.1425116755686666,0.8979568853792419,1.08563794661169,324.5916271444963,-36.184936085519695,H
1.8254919989576819,1.4655033074560546,1.593420175208785,1.3230192321438816,1.1456438341622532,0.9027746477355216,1.0872852808328215,324.5412574460972,-36.14886721600091,H
1.8266652294762236,1.462420413896326,1.5933423904508806,1.325253583385747,1.1464360958596713,0.906205610091885,1.089524171921082,324.2307505776949,-36.137249003708035,H
1.822707254675118,1.4652176091624256,1.594748391307667,1.326316830733718,1.1429434665743907,0.9052012632389065,1.0884037847588293,324.44435274026023,-36.42148659198669,H
1.8226940761398982,1.4669994250736853,1.5950511132806626,1.3226404402987897,1.142718287184556,0.9015957455009604,1.0872881652292028,324.5302594216122,-36.32656603473352,H
1.8244497304611305,1.4657968607576413,1.5939084208740852,1.324431621108493,1.1446389934125691,0.9035574141043805,1.0874006238833296,324.51163950631314,-36.18565371869694,H
1.8257375049249216,1.4692519141340659,1.596391081028909,1.3230537765658716,1.1436655632955515,0.9004948462807625,1.0865332661280045,324.65971787237515,-36.27340408704139,H
1.8209629706578658,1.4672650059588002,1.5950860793559565,1.3224885448281336,1.14160796349819,0.9013290301733456,1.0871151924690183,324.39003988362526,-36.22265590765041,H
1.8229482628331326,1.4588896608927042,1.5899566846930606,1.321465076647193,1.1465395758155832,0.9058019342179584,1.0898402581865962,324.45302788795317,-36.41806625320434,H
1.8257647629680436,1.4629410899343118,1.5921159337300135,1.3253487101487034,1.1467536529771654,0.9059481063644288,1.088298048830867,324.4872723665764,-36.193292757310196,H
1.8175655569382378,1.4674164056178365,1.5926662614622495,1.3198926394933452,1.1412093047475653,0.8994670050302604,1.0853539972463906,324.4945316258381,-36.06890013477494,H
1.8191049851023051,1.464853132931501,1.5926937361249043,1.320270776808681,1.142156174688217,0.9012990771071512,1.087271959433616,324.2856958653877,-36.115238056587316,H
1.8257405332495886,1.4615788558219653,1.5905406827577309,1.3230961088622872,1.14787414936414,0.9052512655009655,1.0882346008373525,324.43375093895196,-36.05961507452475,H
1.8201578589435894,1.4572078598654932,1.5863886627567942,1.3211939530827979,1.1473593462150415,0.9066612866092761,1.0886495375499998,324.35506501246005,-36.068905659626445,H
1.8193890362002847,1.4548749170980715,1.5841626236906223,1.3196249407367877,1.1484862784867729,0.9070366979512874,1.0888651698322156,324.45173291441967,-36.126731710699595,H
1.8214508998731729,1.4659938726122066,1.5940391784112735,1.3243376593515952,1.1426638219071585,0.9033718926749681,1.0873436841662285,324.45081471121665,-36.2565587737134,H
1.8231651154163266,1.468616128273827,1.5943575452673728,1.3218954609157634,1.1435108271843646,0.900095971620225,1.0856189814157489,324.6670323323809,-36.139973310725345,H
1.8219683289765096,1.4694790196130179,1.5960131462693306,1.3197408331337057,1.1415747628616641,0.8981011743068334,1.0861081546367604,324.5652306859421,-36.23447033865583,H
1.8231640627814278,1.469947584047364,1.5956096461819351,1.3227976196867466,1.1426128358800023,0.8998944139521944,1.0854874442451699,324.66837790226083,-36.16986136517518,H
1.8386457758644417,1.4222926966678493,1.578040269650734,1.3299675617742532,1.165145029075454,0.9350871061140259,1.10950458604461,322.34659183685164,-36.31536615297845,H
1.8497476488901325,1.436374470035387,1.5895985923542706,1.3362095678965034,1.1636570753063948,0.9302654675166874,1.1066742172847925,322.5596532691368,-36.19992186480024,H
1.8457688413648128,1.4298526336870907,1.5853658460304696,1.3391115795446673,1.1642541978473646,0.9365381774285131,1.1087617064021238,322.3562971157808,-36.35027853143739,H
1.8373076297501574,1.435761234118986,1.586959228058432,1.335115356790032,1.1577535183421281,0.9299006861745278,1.1053085919485939,322.330384487419,-36.16631279510932,H
1.8313252982829076,1.4310822165494352,1.581685484313809,1.327055321088811,1.157831513562509,0.9273089314802265,1.105237327403524,322.04062865428443,-35.87249185073603,H
1.8211430597215088,1.4279411966702509,1.5802262605993727,1.325207543664218,1.1524571544778388,0.9280547033410109,1.1066465932100202,322.0509486822916,-36.34412998595764,H
1.8229207702486028,1.4295264419895424,1.5787797714096596,1.3209365762291851,1.1546390467246452,0.9240378753615587,1.1044075331774865,322.09421581270675,-35.88747660977762,H
1.8278597447506775,1.4368174711633706,1.5838707216311148,1.3281819014233527,1.1540460466800573,0.9243915306430279,1.1023465077639105,322.1297598929625,-35.7477802372749,H
1.8348141587699838,1.439422668325119,1.590838424052541,1.341620063335256,1.1533629883642946,0.9320542831914242,1.1051920044468981,322.2039097844986,-36.26108250135413,H
1.8434553067433035,1.4354900715075407,1.591244124286306,1.3447080543470775,1.1584993644957637,0.9367588679557187,1.1085023546106407,322.2312942910129,-36.43961379123624,H
1.8411601282376595,1.42795886132735,1.5808302716596132,1.3353136927852958,1.1646791950060158,0.9351205619075493,1.1070558924857,322.3909404714026,-36.135073178474826,H
1.8493076143751406,1.4284282715410674,1.5856647736773208,1.344195387337917,1.1662664423618396,0.9410310717861421,1.1100765822610175,322.2324571261982,-36.29443455647363,H
1.8485383166439755,1.4341770700129937,1.5870949263163188,1.3439204713112067,1.164730783264787,0.9370673255144365,1.1066241118343494,322.3168283755374,-35.954840668890334,H
1.8489365804965436,1.4270474266372593,1.5823095657654316,1.338426141734508,1.1685049629350708,0.9378988509782178,1.1087995649128755,322.6149790670326,-36.32340714786926,H
1.846908266657047,1.4289587521857445,1.5835211704160221,1.342470206816103,1.1663300126084377,0.9394744283294755,1.1081643665318246,322.76018006162076,-36.49820189569042,H
1.8410893997539686,1.4224529130742503,1.5778015107491332,1.3309104287674738,1.16687009564329,0.9356446294528429,1.109211768099331,322.66140683387994,-36.500967455748956,H
1.836594653232576,1.423532573307146,1.576513795917224,1.3315106215444805,1.1649721416894012,0.9353566237343762,1.1074659094415187,322.65070570730586,-36.3667293104454,H
1.8322387166713148,1.4244972239423408,1.5805504883540076,1.3307466919912017,1.1592408658703566,0.934186932501222,1.1095497146563644,322.1831172799962,-36.56648849069516,H
1.8337434258097212,1.423822030445436,1.5792264654953447,1.3311059247443373,1.1611655869980269,0.934882236881745,1.1091459688970335,322.54224301843067,-36.69165880462329,H
1.8380986401297281,1.4297009219640637,1.58548915318875,1.3372496785905696,1.1593259004219156,0.935335256518903,1.1089656087027424,322.39425542413886,-36.60672190167729,H
1.8463625038839848,1.4229351187894959,1.5827230723370158,1.3397668228709436,1.166573316681158,0.9415515895135793,1.1122946165552883,322.24573707892716,-36.582914634157426,H
1.8445788052752392,1.4224350895610276,1.5789537038691677,1.3394225709602383,1.1682285558817633,0.9416405576535605,1.1100356813866583,322.76185519731155,-36.70355450695206,H
1.8352502958808095,1.4187939792572049,1.5735751474277213,1.333197066957898,1.1662933917587863,0.9396692447594681,1.1090934768778413,322.5092012291414,-36.384139901310924,H
1.8504734078045237,1.4339755100285327,1.5907954950727394,1.3426884273265371,1.163237772256773,0.9363398593186719,1.109360295170652,322.66414542965435,-36.68695911226846,H
1.8469244994027685,1.4360222992002494,1.5906637578280538,1.3376364741661153,1.1611030240134608,0.9314872581791194,1.1076873657978206,322.40619180292276,-36.39048665992342,H
1.8498105482737586,1.4268333581951704,1.5832507992949671,1.3373892069313642,1.168362301852298,0.9373128258110353,1.1096255846566778,322.4211998788876,-36.31382757935702,H
1.8474416798684543,1.4331301268013572,1.5865070844647728,1.336622800968177,1.1644711189497845,0.9326597605978897,1.1070223525380365,322.6029952590047,-36.34808347845046,H
1.8463042602571709,1.4297374407335564,1.5834765995529279,1.3356152750416663,1.1659813986379393,0.934168216477846,1.1075296445622158,322.7215320726792,-36.425855361174904,H
1.8494130919274434,1.4348464298768848,1.589884670782625,1.345036624509237,1.1632372623714051,0.937408071346455,1.1080521494687365,322.6065645843448,-36.49962222474296,H
1.8461422353995227,1.4246942014294826,1.5808318612888657,1.3379678926767027,1.167829596940403,0.9391263692476869,1.1095938059569,322.6884906959596,-36.56849991128569,H
1.844623694707631,1.425444542870298,1.5820058305036506,1.3385101508383064,1.1660030950204354,0.9390124347756531,1.1098333066806643,322.4802487930077,-36.47502796493167,H
1.8406967455339438,1.4167962732124544,1.5754425833565928,1.3345669211904756,1.1683680287555818,0.9419610613207421,1.111975386400772,322.30617920558825,-36.470653008492306,H
1.8471557985595672,1.4219076918776565,1.5819748274158854,1.339106859122457,1.167626542817276,0.941767786173335,1.1125721004623423,322.1645843254183,-36.449352302903186,H
1.8412845965709155,1.4201948375666364,1.5772351298452043,1.3362398238528603,1.1674128744213463,0.9408848620675,1.1105765829621244,322.57538965059877,-36.55254583477275,H
1.8445735657698556,1.429692322309935,1.5856471038735032,1.3403006211117365,1.1632938762123257,0.9374748679815462,1.1090827579682279,322.66165383687587,-36.63442438779923,H
1.8472419473756823,1.4286943614877452,1.5800586511310866,1.3332405692595375,1.1690970750062553,0.9331880948078995,1.1059458857846411,322.7874543317515,-36.11818687535627,H
1.8369211650697919,1.420525918179124,1.5721762364630552,1.3318397944508267,1.1683939258631315,0.9375681058730853,1.106756459944301,322.7457895983991,-36.20562026946122,H
1.8429601918894565,1.418657647071964,1.5747336772608402,1.3355725164328058,1.1703313509463906,0.9414339810519884,1.1100166981871975,322.6692474599613,-36.475128374300986,H
1.84255474089544,1.4274202541621879,1.5843042164214234,1.3385936719470037,1.1630056410866245,0.9377712471459079,1.1099073393429724,322.2122227224023,-36.35917010998576,H
1.8437268136724791,1.42395610674199,1.582053525059939,1.336976208949791,1.165401033825721,0.9389167282752775,1.1110268902035723,322.4299035534913,-36.56203046316227,H
1.8336563448393854,1.4315945381822877,1.585276229519694,1.3356949572558616,1.1566793917013096,0.9330120516887478,1.1073500123383664,322.0860947878982,-36.279486889238214,H
1.841269769510288,1.42833787020103,1.5847192930852907,1.3408238947065425,1.1618901704197209,0.9387302001016254,1.1094848957986747,322.17083015012815,-36.49235679072219,H
1.8494190634484673,1.432596434480557,1.5883658553739752,1.3416017323550853,1.1643533240098694,0.9364826688554021,1.108732241086373,322.3354010467298,-36.27832189398667,H
1.8377776834696082,1.4227271443938674,1.5740308569005899,1.3349862062882283,1.1675614079690662,0.9383290475258207,1.106347666945782,322.6926199870328,-36.16693510937913,H
1.8473974293825057,1.4273501661561552,1.5822709559859438,1.3394909839870817,1.1675607280747666,0.9384459509290017,1.1085373396823774,322.4776250028794,-36.31323555044875,H
1.850900331307682,1.4308998415675276,1.5880406756800798,1.3446901856019406,1.1655245105828491,0.9397514392963062,1.1098195901261734,322.27854487888266,-36.36531504664465,H
1.8503033168323313,1.4267122228117572,1.5840752343398816,1.343932218874106,1.1680653019005076,0.9419784854898707,1.1102976542935856,322.5768447657381,-36.56984144409944,H
1.8540818671797774,1.4349022313954292,1.589568430886172,1.3461406575440824,1.1664058188084052,0.9381410301627122,1.1077886674831716,322.5098296160704,-36.226103217181695,H
1.8496946389636284,1.4343688673949022,1.5879912345802694,1.3437274445759106,1.1648015421524234,0.9368074524765625,1.1071010189062287,322.4687595232389,-36.2054257675289,H
1.8499963571498144,1.4352943303330958,1.5887910924989979,1.342635894341829,1.1644050409673237,0.9354429025231619,1.1069444495961183,322.45481314136134,-36.15106573584202,H
1.8449352768824947,1.4309827955923717,1.588316720097903,1.3395829034390903,1.161566363646146,0.9361278888643483,1.1099481593979619,322.3048879212003,-36.61096888480404,H
1.842129986060981,1.4343181786463906,1.5865758106925694,1.338430944923921,1.1610727792810969,0.9331478641559425,1.1061533168253288,322.52899246921567,-36.36447028546243,H
1.8425715899322919,1.4332775983871686,1.5866919410226834,1.33836450082811,1.1612661174447538,0.9337789848485304,1.1070374244376302,322.3422243209091,-36.28264727319638,H
1.8412129193876172,1.433724599315792,1.5862820178776131,1.3412693930683395,1.1607096964076364,0.9355139708898247,1.1064063618875097,322.6510099759495,-36.513038738456615,H
1.8361004157481409,1.4336219262022185,1.5854074227341977,1.3391930052726355,1.1581252802396986,0.9341326194837625,1.1058755406553187,322.31839945885645,-36.29047304067354,H
1.845188893806304,1.432059304854629,1.5853115259050867,1.3434969310903278,1.1639282649842895,0.9381573280770719,1.1070152755063551,322.60066054382725,-36.36644317226118,H
1.837276445962719,1.4345308401425476,1.5888359780722208,1.3413913595972835,1.1563663407168927,0.9350732114368423,1.1075648801766715,322.1283946592142,-36.42026466219136,H
1.838565931573265,1.4324769233022154,1.588251797696693,1.3405666159682552,1.1576035577227624,0.9358381933845858,1.1087451196319293,321.95479182412913,-36.33804522386662,H
1.8395747571989691,1.4252277831120512,1.5818163101975422,1.3390198980080614,1.1629509351621474,0.9395129072520949,1.109869123336603,322.34832102542833,-36.61681892709702,H
1.8387613007594392,1.4283649059702777,1.5843610903781917,1.3423561332652443,1.1605695898026134,0.9397851540978541,1.1092131175695241,322.2595528568641,-36.556544679739254,H
1.8401804609522137,1.4293225348881167,1.5835938755772165,1.3420434637285699,1.1620280233033056,0.9389367556802855,1.107933189971832,322.26848540550947,-36.29408296121879,H
1.8313837337685412,1.4239125041276253,1.581346501600352,1.3385381417689,1.1581166631823872,0.940042409831192,1.1105643759826243,322.16165827189144,-36.743240810485624,H
1.8360397338089856,1.4368798509102279,1.5904566485429417,1.343910491932958,1.1544104238811093,0.9352977502479585,1.1068821429540032,322.39859048014114,-36.68382046876286,H
1.8290061311900734,1.4223596945529917,1.5779562005642058,1.3377591043233195,1.1590981616195073,0.9405209592526735,1.1093932193151141,322.38916925565127,-36.827008058948174,H
1.8305015915423841,1.4290054416301212,1.5843861302365856,1.3408324441175858,1.1553380559251978,0.9382976474799473,1.108733447809139,322.11082428823056,-36.64510460490559,H
1.8321542031343239,1.4319255684187882,1.5902226531400367,1.3476417992590708,1.1521369032924866,0.9411395598915185,1.110548402942514,321.918581107115,-36.82242911415768,H
1.839173472496912,1.4326315866117687,1.5892083468500173,1.3501075686737003,1.1572890843056245,0.9423969018209064,1.1092931090599216,322.23263582518746,-36.68711791514939,H
1.8359807378537896,1.4311671517812605,1.588189587580002,1.3469766508047996,1.1560211401784584,0.9411735373665643,1.1097163497662088,322.2679763471173,-37.00266966613295,H
1.8364092697860093,1.4302810648000233,1.5871839916189407,1.3449312666628797,1.157023558379553,0.9403265552221536,1.1097007648918678,322.3359593057114,-36.89861537524288,H
1.8372714295353203,1.433103993986812,1.5898127314370414,1.3445195528702782,1.1556527339384177,0.938187011209077,1.1093491736173833,322.2777500516886,-36.82055958020952,H
1.821077913554999,1.4322540770276313,1.5823981996835004,1.3325895206785598,1.150834166721902,0.9304141926019815,1.1048306477629055,322.1635209592004,-36.233854312552076,H
1.8338028655990553,1.4302722169465403,1.5845973477693038,1.3374165718377526,1.1572674081403502,0.935078341025862,1.107899132063286,322.14801063097457,-36.360293280540716,H
1.8423961856829607,1.4396087429956161,1.5950305955010766,1.3460884313605372,1.155085169450417,0.9350376884760531,1.1079611757442167,322.1382280009945,-36.55161032470543,H
1.8318108642137785,1.4345550606015636,1.587174712086147,1.3345880812984532,1.1541330959123506,0.9303149930953571,1.1063881447816888,322.30755895260035,-36.489451577681706,H
1.8256657005426213,1.4380968907238176,1.5855979769967625,1.3322568961018773,1.151405165135594,0.9264027373227478,1.1025668626532563,322.327604071385,-36.1764063405525,H
1.8302150645454176,1.4427223778046043,1.5914519955995572,1.3413064550782978,1.150028445473726,0.929705171080363,1.1030895618471486,322.2408116215049,-36.232266318472504,H
1.8287325795965204,1.4317810681977137,1.5855514676422624,1.3399093007860945,1.1533732060529525,0.9358339277894875,1.1073979834347933,322.21926805057456,-36.64520287761673,H
1.8329052241187564,1.439249622081944,1.5890711105964177,1.3380126339270866,1.1534444317163515,0.929659882065202,1.1040969448355662,322.3409296759046,-36.207645885780394,H
1.8418077708655973,1.4450019130942673,1.5941260768679428,1.3456653432465246,1.1553714587520498,0.9312550599777218,1.1031999767075376,322.69770177222887,-36.35016393117491,H
1.838415554255253,1.433536848796034,1.5915557305515344,1.351304947348067,1.155105987786034,0.9426370507901278,1.110230080160279,322.2075031703897,-37.03918602426259,H
1.8415522177749093,1.4317680957739827,1.5862701073621401,1.3440090118717647,1.1609323085822287,0.9387057972857138,1.1079099415919287,322.42892999423253,-36.59747856345058,H
1.8419948879761445,1.4398189795309924,1.5901160952412168,1.342122669263167,1.158402769136626,0.9321468103583069,1.104386119260063,322.4699502962932,-36.235610788696256,H
1.837675980786795,1.4344445417163254,1.5872209082647373,1.342388348920457,1.1577947160460942,0.9358245020154475,1.10650559300509,322.37929288347357,-36.46948271217835,H
1.8351842925318027,1.4338354056246398,1.5853273334443605,1.339788939039102,1.1576059112944144,0.9344091614584121,1.1056550335034616,322.33158687785425,-36.29336327565553,H
1.8341711017047964,1.4412717568479094,1.5921045878600162,1.3393657472626526,1.1520418417800977,0.9292943824777866,1.104652596080826,322.1988082125076,-36.28297008600765,H
1.8287672197146227,1.4398388870357757,1.5889936968729552,1.3381274901345928,1.1508964593840287,0.929359181907791,1.1035913192650655,322.19414974278607,-36.24368721929679,H
1.8237992302656796,1.4284925666553976,1.5857394268129876,1.3423536670908478,1.1501254237785734,0.9396994415125091,1.1100788788322224,321.8415220592766,-36.918585004722814,H
1.8296516906924645,1.4357435134220118,1.5946833784103227,1.3569811956310718,1.1473448055352358,0.9451417909573454,1.1107021299434514,321.9671797636264,-37.25059266563297,H
1.8282311638033206,1.439751675516509,1.5962275114127051,1.3535409550308233,1.1453449779131333,0.9401211181402115,1.1086825169625594,322.04663882222326,-37.14990823229538,H
1.819557955627621,1.427414833742835,1.580216965673275,1.3429032432541708,1.1514608406019557,0.9407939524720604,1.1070481602953337,322.3617431968113,-36.96748282181165,H
1.8224370339415443,1.4151809010254273,1.5726845159691554,1.3428751579802864,1.1588064964310283,0.948907066939111,1.1112957465929638,322.4933625685087,-37.426405649827366,H
1.8329295901473255,1.4303763495168837,1.5861715802338294,1.348516173383187,1.1555682960081277,0.9427701834126764,1.1089190483117022,322.1140358597419,-36.748446387828395,H
1.8368263140571341,1.4240004409064373,1.5852450460784957,1.3460293502574516,1.158701816227711,0.9452450375651894,1.1132335359878254,322.2778999334554,-37.30708508182727,H
1.828219953993086,1.425705686128276,1.5840502933776501,1.347144615853392,1.1541426188525845,0.9448967125268127,1.1110640216911691,322.00903851863313,-37.00078501163373,H
1.8159290953746696,1.417520426043547,1.5743445248494834,1.337731777628957,1.1534508912833314,0.9437125229741565,1.1106326906650998,322.19503658125313,-37.09240062290026,H
1.828230015363232,1.4322563482498116,1.5875985973172049,1.3434914629286436,1.151569432256149,0.9380244427405493,1.1084598083696529,322.24862856407975,-36.926449874948695,H
1.826819196650772,1.4295434378123182,1.5840561710531966,1.339618703034389,1.1532540512349185,0.9370954862934809,1.1080853712828307,322.2724978778658,-36.79288569238796,H
1.8289751842799777,1.4298355240738825,1.5864013714502956,1.343138567191567,1.1529082218379072,0.9393657833907366,1.1094992009502787,322.0081418455237,-36.777540430711426,H
1.8375640599094383,1.4320163964431556,1.589440926627076,1.347920872669499,1.1561071752499164,0.9412747479829607,1.1099320724084805,322.26802238489455,-36.899460798369944,H
1.8284032686429765,1.4377741382590856,1.5906263221977417,1.3438001106144457,1.1494863646646452,0.9346392279955547,1.1063116798885642,322.2069372221716,-36.68078340019353,H
1.6995495393102902,1.37385626310846,1.5163145773169788,1.261217272657197,1.1208423138142838,0.9180125363359277,1.103692298848058,321.5855561889452,-37.621510203320796,H
1.6931221612720186,1.3682622053927174,1.5175907172507208,1.2628838437844276,1.1156645477769473,0.9229837956548363,1.1091373504796498,320.814085520126,-38.154625088673185,H
1.7023729691120213,1.3742753874619305,1.5198759408386493,1.2653493674737473,1.120073634544588,0.9207393067052213,1.1059471447317557,321.2711024448536,-37.78587172035171,H
1.712700312667096,1.389428090903516,1.5332145631677836,1.2756737979815527,1.11706499130068,0.918128693620991,1.1034860840986498,321.19925965079625,-37.41237674127542,H
1.7115421449916626,1.38893772946944,1.5348400795652395,1.2789850609913365,1.1151273463463867,0.9208368624847535,1.1050459981035525,321.11106435900643,-37.519699984213666,H
1.7133779000423255,1.3933861721387824,1.5416858731723715,1.2845630210013954,1.111366413779649,0.9219002216949315,1.1064311559845295,321.04285646832204,-37.93080844583543,H
1.7156753823338926,1.3937276033949082,1.5413107923422493,1.2820275209224121,1.1131274697211913,0.919855155196459,1.1058909851450534,321.00222370097106,-37.68680913465329,H
1.7056938750419481,1.3822538686683787,1.5296014363132904,1.2801968426369943,1.1151230866735344,0.9261662214556121,1.1065994973751543,321.1169183064347,-37.6889895596729,H
1.7141804216410554,1.3908018227296122,1.5381354555589226,1.2839032619812918,1.114453486814763,0.9231388980073959,1.1059343110006505,320.98721458250844,-37.62133528924319,H
1.7058335476887199,1.3825861934767054,1.5284610252869735,1.2759512335802172,1.1160464803925532,0.9228728303525585,1.1055086709953652,321.17632002896687,-37.51961457028597,H
1.6954523986820316,1.3784932777629717,1.5218836512047795,1.2679523596888644,1.1140486313390965,0.9198103321522947,1.1040196392357478,321.22896182626346,-37.59175279194432,H
1.706121826456151,1.3838658539092987,1.5301726588226832,1.2746951944467402,1.1149864798713913,0.9211118193615653,1.1057232567015658,321.1372033337762,-37.675959503349986,H
1.7019885491171465,1.3803217198047624,1.5260015471832773,1.2742987627650246,1.115325572414202,0.9231896770741722,1.1055404876184376,321.2396675630126,-37.64711331910132,H
1.6924827304509245,1.3727590966868137,1.5154441592181669,1.2642285939198492,1.116822893246092,0.9209398771941083,1.1039403511335142,321.3446427534154,-37.41755343702513,H
1.7012675304048022,1.3762045096755244,1.5205995581420504,1.2681655944149606,1.1188136424842194,0.921495014366697,1.104922667707702,321.3420796779883,-37.47504513976717,H
1.717090327294761,1.3879359653354233,1.5358417582410098,1.2841473390821763,1.1180125283618634,0.9252208827745418,1.1065652858630564,321.26299320932316,-37.6955201022897,H
1.7045796042199715,1.381753009426159,1.5248126139889553,1.271173468960032,1.1178944800048187,0.9199715580774812,1.103534860128301,321.5475251908943,-37.54281476571263,H
1.6974693147127844,1.3770705041414963,1.521326533179932,1.2686605510526454,1.1157823634119313,0.9212749436119564,1.1047557322625023,321.15668262509826,-37.46821083702798,H
1.7103553433017562,1.384350160462305,1.5268143225863366,1.2695662079811674,1.1202117493923633,0.9170845962535914,1.102910496341804,321.2367904221489,-37.151642384893805,H
1.6859820360607887,1.3671606185075844,1.5088951368858614,1.2561788941419674,1.1173619656170466,0.9188231998031318,1.1036707146618931,321.2528218738742,-37.44424875444591,H
1.7043225520360235,1.3818957729293095,1.5281646072715755,1.2757101182637745,1.1152741948911935,0.9231594330443277,1.105846502469726,321.41408152087746,-37.924032718305355,H
1.715912030667788,1.3939928361217893,1.5417310097063028,1.2875318631115171,1.1129775686322,0.9236287517040217,1.105982017809743,321.20810727487446,-37.84671713773799,H
1.706495118315315,1.3823570799940894,1.5256292058780465,1.273855671913292,1.1185516846035826,0.9215098546887311,1.1036433552209026,321.4089419800565,-37.33340277409083,H
1.7003677060635756,1.3752819231294917,1.5192743504617998,1.2674363537607618,1.1191972704250095,0.921582936883716,1.1047002981066234,321.2922442249308,-37.375989242860435,H
1.702717403448744,1.3784328546268763,1.5207604150246388,1.2699946885051658,1.1196486880026775,0.9213322827022552,1.103253168930226,321.5704138600281,-37.31384619230914,H
1.6873178054916558,1.3687241439763589,1.5101650474872332,1.260471025535759,1.117306885296536,0.920909469656824,1.1033377719925115,321.40496805944133,-37.370111969102645,H
1.6955241683631652,1.3734228878637997,1.5147478356561364,1.2627090791921218,1.1193441762725627,0.9193884056760694,1.10289980532664,321.42720069652523,-37.226836208398346,H
1.7013758027169046,1.3756073158402284,1.519306591160104,1.2627562950851368,1.1198370444886816,0.9179627649143741,1.1044624244616665,321.26317194752266,-37.3471017542546,H
1.7107479896346323,1.3817775110266288,1.5253306947080718,1.268474115483888,1.1215587515348906,0.9180017082065847,1.1038902301824165,321.2090181579001,-37.1050460558345,H
1.721676333046349,1.3938124398828742,1.5393760016177092,1.283376475577408,1.1184248235889496,0.9207669833146658,1.1044355449626113,321.2165980769395,-37.35172231851307,H
1.7107731611085795,1.3841945097285098,1.5297067375224964,1.2789584142554429,1.1183667556301262,0.9239730437207792,1.105124118591199,321.37666853870417,-37.49621332172772,H
1.7118725279816587,1.382847758988679,1.526821202512192,1.267396161665109,1.1212003901733798,0.9165117081232402,1.1041137338421154,321.07490753601155,-37.065141346901605,H
1.709292942439484,1.3794370909669007,1.5201765364305504,1.266208611292007,1.1244042395582479,0.9179168949302882,1.102026722628576,321.45241678231207,-36.981085606173885,H
1.707005485502373,1.3794440936879333,1.5217804201580725,1.2666929681398718,1.1217160261038583,0.918263359809949,1.1031838311689777,321.20006079711993,-37.02911971108628,H
1.707544458082365,1.3778801530646754,1.5204336114185864,1.2671937528563417,1.123064134638014,0.9196690655844447,1.1034585323236161,321.53727455325713,-37.1974518567946,H
1.6988000867822628,1.3731608291166115,1.5161296104304012,1.263145814731192,1.1204847363280537,0.9198819161946274,1.1041165596063245,321.2960964161605,-37.26378006922974,H
1.7157044174471856,1.3824432972516119,1.5302707887332783,1.2780033463425955,1.1211770034945285,0.9244526331628575,1.106932046887968,321.24386746413103,-37.592287229378,H
1.7118597742947774,1.3823689367209,1.5284715929480805,1.2763587202238833,1.119981412930928,0.9233126456469123,1.1056900602626016,321.29909812386484,-37.50555959647927,H
1.6967866534606033,1.3746950614673907,1.5192148687101688,1.2693817048135811,1.1168839170861953,0.9233914781497833,1.1051286291001243,321.23038525879684,-37.49358160460035,H
1.7023482562025305,1.376782409718558,1.522052532838853,1.2704030840637777,1.1184556508226424,0.9227333782710615,1.1055142207620092,321.3315702987846,-37.5197413052353,H
1.7010026378982852,1.3803658866372064,1.5238476947150197,1.269275997066141,1.1162550193156908,0.9195214177295424,1.1039447652733276,321.40297784134754,-37.555983651652674,H
1.7039271682850932,1.3857322641254213,1.5301137146559223,1.273960576922829,1.113595121698688,0.919341066022494,1.1041914475604886,321.399142359379,-37.730226219252536,H
1.7029502122341436,1.3860207360445749,1.5279352881695252,1.2728914059280978,1.1145434138603392,0.9183783278457107,1.1023899198867297,321.6481964792838,-37.56754600499728,H
1.7106546947524837,1.3878425509431418,1.5308855476743164,1.2747877273780996,1.1174282083668947,0.9185391574222789,1.1030686057535606,321.53238799734646,-37.459813785209356,H
1.722775156509131,1.3957298851674176,1.5423685881255647,1.2864123308674136,1.1169672215658994,0.9216771415001325,1.1050623795596077,321.3876510702736,-37.683941414763346,H
1.7211358306951925,1.3946492071845702,1.5434838790800254,1.2871549085422134,1.1150980285722545,0.9229237731691975,1.1067183569378807,321.15432139436706,-37.80730367746279,H
1.7095118105713822,1.384391703221178,1.53094736403484,1.2784553145485391,1.1166365681351267,0.9234780240114498,1.1058628569303464,321.31681103876497,-37.734694788733805,H
1.7248065943884618,1.3917361018498846,1.5394051021205906,1.2791691322547258,1.1204371039257135,0.9191175902920563,1.106104167359333,320.94907758414246,-37.36863772063089,H
1.7095186115702343,1.380937361523653,1.5242600383803304,1.267922795547052,1.1215400053305593,0.9181609759244208,1.1037865154857875,321.1714092150364,-37.31745086765097,H
1.701487941488815,1.373405127135206,1.516079508779234,1.26239554792866,1.1222946630674233,0.9191720075793648,1.1038836821161673,321.1638808871327,-37.087110011754625,H
1.7137874235473147,1.3842878898832272,1.5303697602378987,1.2794601964066172,1.1198518606907806,0.9242731990630556,1.1055285330618578,321.4738818344863,-37.622787101620446,H
1.7035653203722994,1.377479878897446,1.5222818837872347,1.2710316069692942,1.119086641255991,0.9227224487566711,1.1051209582862946,321.3912689197245,-37.527933452716596,H
1.6995461637159919,1.3755749313850527,1.5185415035172627,1.2670908924553586,1.1191963866509307,0.9211354929095265,1.1039322314403173,321.46311331725764,-37.403323143559014,H
1.7005219835803798,1.3725945437228726,1.5164903941585768,1.2647245228408506,1.1213536136665823,0.9214115913724621,1.1048349281976724,321.4291617389463,-37.36962707911478,H
1.6995850009079965,1.3727489515003906,1.5161530845837807,1.2662158684127898,1.1209850892956315,0.9223943438666174,1.1044649372535684,321.474256147151,-37.3887153037113,H
1.7158193013359375,1.3898360167860369,1.5339092231846463,1.2720737272721474,1.1185924664913456,0.9152689323836837,1.1036620181507277,320.99192548505016,-37.11966779078552,H
1.6953203566867006,1.3732002267154768,1.5140983318534502,1.2589090854554812,1.119689732840146,0.9167702283785915,1.102605652400003,321.3906616409117,-37.228648088077435,H
1.7164797596688428,1.3955973232567447,1.5389772557438968,1.2771214484480156,1.1153379643932078,0.9151074075348212,1.1027373226487442,321.1177966914978,-37.30309211310515,H
1.727271640009354,1.3988237354143995,1.5465238466428723,1.2804868184726057,1.1168735896047393,0.9154025529122605,1.1055887939910576,321.20638201177326,-37.67920527836284,H
1.7216289229061683,1.3939040541578978,1.539207436991571,1.2760786351247528,1.1185165050080228,0.915470925935195,1.1042420261281582,321.2198491627898,-37.406051228606856,H
1.6930310521395737,1.3714890539752016,1.51157310237012,1.2595478053453195,1.1200457652262605,0.9183797724776401,1.102140114052599,321.5116140082678,-37.18114154469443,H
1.703769524664465,1.3794229050876206,1.5215329957775527,1.2638738824511309,1.1197716575274028,0.9162337944293087,1.1030214085657113,321.19730045576097,-37.139319893762526,H
1.7061682415231683,1.379677160959679,1.5219289875230113,1.2645997218220233,1.1210564063833308,0.9165910385458509,1.1031051542988395,321.25157308515304,-37.177402020697485,H
1.70709046527916,1.3783236689850902,1.5222080617246152,1.2673763876754485,1.1214567234291735,0.9195056402163243,1.1043908596922465,321.17652345217857,-37.21068182209411,H
1.714445768363747,1.3912236245901253,1.5388886697499533,1.2846033490188262,1.1140804413371366,0.9233622304230846,1.1061404094566984,321.2409377826497,-37.85839874208898,H
1.7102817562531227,1.3892352964256396,1.5385935290422355,1.2832688526378022,1.111587774139257,0.9237231849345621,1.1075111127689308,320.9699492867007,-37.97624352199679,H
1.7050226765948486,1.3876980912903563,1.5375971402288364,1.2802529265103153,1.1088877781998832,0.922573097524309,1.1080199287433594,320.89737531513765,-38.11116608240929,H
1.703541227341774,1.3819424380315184,1.5302792151064084,1.2742303107555188,1.113222482880889,0.9220574429790086,1.1073393312142477,321.06418819774655,-37.82930079780915,H
1.6963405055093723,1.3795056623076882,1.5268269954249345,1.2734573000749716,1.1110233907262428,0.9231258231623964,1.106792844090833,321.1598211594999,-37.99876878366062,H
1.7079817099876489,1.3864027660559308,1.5331353302913997,1.281535767911271,1.114044974531385,0.9243603657521633,1.1058368951851538,321.28512659777107,-37.767168258287604,H
1.707605062963162,1.3855955243116354,1.5280643555472697,1.2688424086058132,1.1174955143506313,0.915737952629556,1.1028213708372168,321.1670266632266,-37.21628079986898,H
1.7114395717706616,1.3845892883810582,1.5296319971725918,1.2747596780624648,1.1188570681929557,0.9206771197493427,1.1047550418081928,321.02656033140596,-37.30171377877921,H
1.692483965337953,1.3731033216273394,1.5164262978726588,1.2626684738568406,1.1161003787076758,0.9195728056067795,1.1043788722872359,321.1475112613482,-37.52529985732622,H
1.716624211726118,1.3915929240197495,1.5356129133383465,1.2775512572828793,1.1178756031650332,0.918049549714977,1.1034929014316783,321.3070063914399,-37.464197818471476,H
1.7078205529009398,1.3910118803018945,1.5392039485334599,1.271148242931714,1.1095479286732186,0.9138298967337604,1.1065354439671664,320.6828214502031,-37.85685567682279,H
1.707449132986873,1.3864321926968772,1.5348108946790675,1.2708940920599159,1.1124817649563952,0.9166651631103447,1.1070219681595572,320.7098371219236,-37.78117945210396,H
1.7074561739540361,1.3886893799174338,1.5387814696922089,1.2726327786973068,1.1096157625914003,0.916427242190743,1.1080818302100783,320.6545824272324,-38.0268154343774,H
1.7065743131198408,1.3923541738132827,1.5442102276121714,1.2782890805296219,1.1051437703263594,0.9180775298203996,1.1090642428879973,320.51237520651904,-38.27915216034977,H
1.68998983533712,1.3787341807247875,1.5266838020276758,1.2616231963856812,1.1069678168410173,0.9150590549096693,1.1073083001576944,320.6774229939959,-38.16552753431052,H
1.7052768739668833,1.3858657589154797,1.5342218900292175,1.2754174967604497,1.1114929887582352,0.92030378018614,1.1070494239137816,321.0684770808209,-38.05252720141951,H
1.7059690705483672,1.3810220847984884,1.5280205497423267,1.2690246525219067,1.1164568898213105,0.9189025045222764,1.1064417915990732,321.0048891410927,-37.806147337625916,H
1.7265656586119356,1.395216208852191,1.5433597316306598,1.2810660394548112,1.118705913615944,0.918184602018573,1.1061796170647578,321.1555220772665,-37.76835272846697,H
1.7239465460698815,1.393540339439643,1.5432761864203333,1.2824307352901836,1.1170693627228303,0.9202681106496438,1.1074499551558734,320.86592339527147,-37.810941345268546,H
1.7078085523531894,1.3853050939266092,1.531090940034196,1.274438596897299,1.1154194095845453,0.9199696171512212,1.1052373565554148,321.1147299737216,-37.75065554882349,H
1.7013149251119881,1.3764848812304078,1.5212114950539637,1.2676629449115582,1.1183947338312976,0.920942149236266,1.105142174677711,321.17267587374124,-37.63348774581474,H
1.7064661422248322,1.3815685044908188,1.52588727727378,1.2713086999024543,1.1183435156977537,0.9201923001067536,1.1044600917825282,321.1203033511336,-37.45472239886451,H
1.6952082436381235,1.3756941234872981,1.519269835599622,1.2666726951777771,1.1158045818562985,0.9207516944005266,1.1043660139714548,321.0900774549947,-37.505425085241036,H
1.7011978676496373,1.3775343059868599,1.5206114818838732,1.267314412961017,1.1187590570748795,0.9199875512741719,1.1038646916270543,321.21727942240403,-37.428302128381894,H
1.7151140937922302,1.3941922289704152,1.5391359029117981,1.2803086967086312,1.1143357065139665,0.9183157602693821,1.1039624744203467,321.1813836073578,-37.76786701014358,H
1.7012777961463572,1.3785534052874107,1.5270763089564041,1.271029105029684,1.1140751684563828,0.9220020785228055,1.1077382298714995,320.94269166541443,-38.08774436602639,H
1.7031007649426217,1.393144383459626,1.5428508742142686,1.288232564963263,1.1038660919254195,0.9246942242728402,1.1074594223915781,320.900362671992,-38.39689564029914,H
1.68960180061252,1.3860838210511077,1.5332170564264072,1.275926959271182,1.1019977853302854,0.9205265510592349,1.1061503158327928,320.9207460285035,-38.31444418761836,H
1.689900564236724,1.387007271417768,1.5357713055392541,1.2773911351719263,1.100359511954386,0.9209693139288344,1.1072554103984062,320.9479829132408,-38.489488120451874,H
1.6999121274963478,1.3952782730590156,1.5445147775949968,1.2861863209250892,1.1006124073110677,0.9218134803355372,1.1069582372330604,320.9669280169248,-38.45833674497534,H
1.6939478376521122,1.3922592979836,1.5396396536154493,1.2823120532668195,1.1002235709338284,0.9210296207926093,1.105856973514416,320.9815794184792,-38.365881867100974,H
1.6873154648084754,1.3832831215246137,1.5322367094432043,1.2749488439005607,1.101210703548295,0.9216832216497732,1.1076812010504533,320.8932427977265,-38.48988926311788,H
1.6976775078727007,1.387474844810119,1.5327517023047343,1.2801651659218813,1.1076011237305914,0.9226582886964532,1.1047059397422783,321.2000042890122,-37.97608431396757,H
1.6963837606088317,1.3853017410346622,1.5326979984001445,1.2798607470506957,1.1067958347825502,0.9238859009119457,1.1064001098095742,320.9807199838301,-38.213149615052416,H
1.6902179406752913,1.3772435708234276,1.530654141710522,1.2821081225826056,1.1042454951883873,0.9309232947197987,1.1113895712690625,320.58872298188965,-38.84116547780995,H
1.6869900942202902,1.3808878805477547,1.5322838008481794,1.2840861585152186,1.1009645166818802,0.9298989270626824,1.1096366493131729,320.8190799263166,-38.96240450776335,H
