haircut_name,face_shape,gender,hair_ratio,vertical_extent,hair_width,coverage_top,texture_estimate
Buzz Cut,S,Male,0.379521316,0.120833333,175,2.484375,13.06289393
Buzz Cut,S,Male,0.490947932,0.122916667,174,2.209635417,13.29012428
Buzz Cut,S,Male,0.534805259,0.122916667,174,2.397135417,13.16521048
Buzz Cut,S,Male,0.538061671,0.116666667,174,2.40234375,13.48166844
Buzz Cut,S,Male,0.565216749,0.125,172,2.294270833,13.06464592
Buzz Cut,S,Male,0.571949982,0.127083333,173,2.2734375,13.16585237
Buzz Cut,S,Male,0.540534917,0.1125,173,2.225260417,13.02039714
Buzz Cut,S,Male,0.541354457,0.110416667,173,2.01953125,13.83456129
Buzz Cut,S,Male,0.526485348,0.10625,175,1.764322917,14.09011078
Buzz Cut,S,Male,0.512753653,0.097916667,175,1.6640625,13.2672867
Buzz Cut,D,Male,0.518263269,0.127083333,185,1.8671875,19.68824622
Buzz Cut,D,Male,0.546643554,0.133333333,184,1.841145833,18.63877119
Buzz Cut,D,Male,0.490697497,0.108333333,183,1.927083333,19.65625
Buzz Cut,D,Male,0.503612959,0.10625,183,1.712239583,19.43289096
Buzz Cut,D,Male,0.505586271,0.108333333,182,2.00390625,19.87806597
Buzz Cut,D,Male,0.559368029,0.1375,182,1.748697917,19.88386562
Buzz Cut,D,Male,0.576415606,0.1375,184,1.83203125,18.96207178
Buzz Cut,D,Male,0.507871629,0.104166667,184,1.68359375,20.84101382
Buzz Cut,D,Male,0.522268251,0.114583333,180,1.268229167,19.39495683
Buzz Cut,D,Male,0.530948804,0.1125,183,1.444010417,20.67567568
Buzz Cut,S,Male,0.765935565,0.133333333,186,1.794270833,9.569817347
Buzz Cut,S,Male,0.810108111,0.133333333,189,1.33203125,9.93995472
Buzz Cut,S,Male,0.747022135,0.1125,190,1.091145833,10.08780394
Buzz Cut,S,Male,0.816225829,0.135416667,190,1.35546875,9.865124316
Buzz Cut,S,Male,0.754263988,0.114583333,190,0.8671875,8.848502472
Buzz Cut,S,Male,0.822585606,0.141666667,189,0.994791667,10.08897302
Buzz Cut,S,Male,0.804879809,0.135416667,189,1.266927083,9.513105032
Buzz Cut,S,Male,0.749206837,0.1125,190,0.90625,9.879529684
Buzz Cut,S,Male,0.754110466,0.120833333,190,0.82421875,10.0351711
Buzz Cut,S,Male,0.75660608,0.116666667,191,0.575520833,9.88353222
Buzz Cut,R,Male,0.516723663,0.133333333,201,3.92578125,11.57744694
Buzz Cut,R,Male,0.493602772,0.147916667,200,4.139322917,14.14522059
Buzz Cut,R,Male,0.49132738,0.154166667,199,4.60546875,15.27852747
Buzz Cut,R,Male,0.489770681,0.15625,197,4.62890625,14.29057337
Buzz Cut,R,Male,0.491397693,0.15625,199,4.533854167,15.0995824
Buzz Cut,R,Male,0.488741107,0.158333333,200,4.58203125,15.43104352
Buzz Cut,R,Male,0.480714764,0.15625,203,4.028645833,12.05935252
Buzz Cut,R,Male,0.472589862,0.154166667,201,3.924479167,13.86428799
Buzz Cut,R,Male,0.484646352,0.164583333,204,4.51171875,12.64727425
Buzz Cut,R,Male,0.485542626,0.1625,206,4.169270833,13.47032429
Buzz Cut,O,Male,0.512750389,0.141666667,223,7.4140625,13.80704592
Buzz Cut,O,Male,0.490128879,0.135416667,224,7.28125,13.36788115
Buzz Cut,O,Male,0.472541073,0.13125,225,6.553385417,13.80205064
Buzz Cut,O,Male,0.475599435,0.13125,224,6.5546875,13.7896071
Buzz Cut,O,Male,0.484579285,0.139583333,225,6.364583333,13.45959251
Buzz Cut,O,Male,0.465728298,0.129166667,225,6.182291667,13.21306663
Buzz Cut,O,Male,0.473768352,0.127083333,225,6.451822917,12.56001656
Buzz Cut,O,Male,0.470159359,0.13125,227,6.578125,12.88151283
Buzz Cut,O,Male,0.464736699,0.129166667,227,6.233072917,13.31366965
Buzz Cut,O,Male,0.478772072,0.1375,227,5.864583333,13.47227802
Buzz Cut,S,Male,0.456521318,0.1,240,12.85416667,7.322040689
Buzz Cut,S,Male,0.534756861,0.127083333,239,12.70963542,7.457791309
Buzz Cut,S,Male,0.523560835,0.102083333,239,12.66796875,7.072043354
Buzz Cut,S,Male,0.515628508,0.1,240,12.70963542,7.513238289
Buzz Cut,S,Male,0.513967593,0.091666667,239,12.88802083,7.699455519
Buzz Cut,S,Male,0.539042742,0.10625,239,12.48307292,6.650357289
Buzz Cut,S,Male,0.531819495,0.10625,237,12.4609375,6.687083702
Buzz Cut,S,Male,0.534851018,0.104166667,238,12.56901042,6.95019893
Buzz Cut,S,Male,0.544425578,0.114583333,239,12.15755208,8.644067797
Buzz Cut,S,Male,0.524545943,0.10625,241,12.17578125,8.425331061
Buzz Cut,S,Male,0.481613296,0.1875,310,26.65234375,6.021457966
Buzz Cut,S,Male,0.812197835,0.627083333,310,27.69791667,5.658531257
Buzz Cut,S,Male,0.792663367,0.63125,308,27.31119792,6.157602211
Buzz Cut,S,Male,0.757318393,0.610416667,312,26.97786458,6.082938389
Buzz Cut,S,Male,0.778989528,0.627083333,311,27.55208333,5.635222763
Buzz Cut,S,Male,0.772836213,0.63125,312,28.68489583,5.894004283
Buzz Cut,S,Male,0.442274613,0.23125,322,31.01171875,5.424205379
Buzz Cut,S,Male,0.421970042,0.197916667,315,30.37239583,5.474558315
Buzz Cut,S,Male,0.424870725,0.204166667,314,29.82291667,5.79706127
Buzz Cut,S,Male,0.412666613,0.2,317,29.5,5.715396579
Buzz Cut,H,Male,0.530157372,0.247916667,276,30.05338542,5.696188299
Buzz Cut,H,Male,0.442924656,0.145833333,271,29.64973958,6.348320635
Buzz Cut,H,Male,0.443989964,0.14375,270,29.12369792,6.531170186
Buzz Cut,H,Male,0.439546404,0.135416667,272,29.06770833,6.190920845
Buzz Cut,H,Male,0.551046797,0.252083333,279,28.94270833,5.239090909
Buzz Cut,H,Male,0.531808163,0.235416667,279,28.97135417,5.099071207
Buzz Cut,H,Male,0.542521598,0.235416667,280,29.01822917,5.972840925
Buzz Cut,H,Male,0.537659023,0.229166667,279,29.72526042,5.680579124
Buzz Cut,H,Male,0.547493241,0.254166667,277,28.99609375,4.941163369
Buzz Cut,H,Male,0.535657344,0.235416667,280,29.19140625,5.446460461
Buzz Cut,D,Male,0.262280453,0.00625,253,15.46875,9.28499433
Buzz Cut,D,Male,0.2642889,0.025,252,14.66796875,9.339782119
Buzz Cut,D,Male,0.259894482,0.014583333,252,14.2109375,9.091459915
Buzz Cut,D,Male,0.234400062,-0.0125,249,14.37369792,9.097118809
Buzz Cut,D,Male,0.263655704,0.016666667,250,14.25130208,9.506543249
Buzz Cut,D,Male,0.335056022,0.095833333,251,13.98828125,9.733073333
Buzz Cut,D,Male,0.324397758,0.085416667,254,14.02604167,10.38965496
Buzz Cut,D,Male,0.258995664,0.016666667,252,13.96875,9.259731159
Buzz Cut,D,Male,0.370121865,0.127083333,251,14.06119792,9.764735327
Buzz Cut,D,Male,0.386756462,0.139583333,243,14.42447917,9.170666155
Buzz Cut,S,Male,0.325084635,0.139583333,253,12.05208333,9.184220425
Buzz Cut,S,Male,0.329980909,0.141666667,254,11.734375,8.204911092
Buzz Cut,S,Male,0.239232184,0.045833333,238,11.68229167,7.571143995
Buzz Cut,S,Male,0.255842026,0.066666667,236,11.50390625,8.325559701
Buzz Cut,S,Male,0.238558716,0.04375,236,11.50390625,8.214082098
Buzz Cut,S,Male,0.259737479,0.066666667,236,11.40234375,9.437347361
Buzz Cut,S,Male,0.240638715,0.045833333,233,11.38151042,9.008284136
Buzz Cut,S,Male,0.259119358,0.0625,236,11.39713542,9.739749111
Buzz Cut,S,Male,0.315684879,0.11875,248,10.87239583,8.85088856
Buzz Cut,S,Male,0.241997278,0.041666667,235,10.91276042,8.962667427
Buzz Cut,H,Male,0.360828361,0.1875,203,7.498697917,12.0260989
Buzz Cut,H,Male,0.459823731,0.164583333,204,7.00390625,12.39976622
Buzz Cut,H,Male,0.508443051,0.152083333,203,6.772135417,12.58995816
Buzz Cut,H,Male,0.546993298,0.160416667,204,6.869791667,12.71183514
Buzz Cut,H,Male,0.542358863,0.160416667,205,7.177083333,12.64097527
Buzz Cut,H,Male,0.522421153,0.147916667,205,7.092447917,13.39000694
Buzz Cut,H,Male,0.525553741,0.15625,205,6.962239583,12.28675238
Buzz Cut,H,Male,0.526644875,0.160416667,206,6.798177083,12.36433669
Buzz Cut,H,Male,0.528935633,0.15625,207,6.73828125,11.77223499
Buzz Cut,H,Male,0.525563674,0.15625,206,6.338541667,11.28441871
Buzz Cut,S,Male,0.395204653,0.164583333,224,10.99348958,13.14748201
Buzz Cut,S,Male,0.390490279,0.1625,222,11.0546875,13.94233642
Buzz Cut,S,Male,0.38025668,0.160416667,223,11.14973958,14.57642906
Buzz Cut,S,Male,0.4013543,0.175,223,11.29036458,14.7658734
Buzz Cut,S,Male,0.39913076,0.172916667,224,11.29947917,13.72701149
Buzz Cut,S,Male,0.394181985,0.18125,239,11.50520833,14.2076034
Buzz Cut,S,Male,0.378611111,0.18125,234,11.86067708,13.35853037
Buzz Cut,S,Male,0.381185426,0.189583333,256,12.140625,12.34683794
Buzz Cut,S,Male,0.368483066,0.191666667,259,12.54036458,11.50090203
Buzz Cut,S,Male,0.375826155,0.197916667,246,13.56380208,11.48898918
Buzz Cut,S,Male,0.527213127,0.1,229,14.5078125,9.492310381
Buzz Cut,S,Male,0.53961799,0.097916667,226,14.33333333,10.53460223
Buzz Cut,S,Male,0.588406434,0.14375,223,14.45703125,9.122277617
Buzz Cut,S,Male,0.509663723,0.095833333,223,14.54427083,9.190592547
Buzz Cut,S,Male,0.559188579,0.1375,225,14.1171875,9.056936286
Buzz Cut,S,Male,0.519253371,0.097916667,225,14.10677083,9.321389794
Buzz Cut,S,Male,0.516517153,0.09375,224,14.50651042,8.763808522
Buzz Cut,S,Male,0.589899445,0.14375,225,14.26692708,9.844333748
Buzz Cut,S,Male,0.510860462,0.089583333,230,14.80859375,9.070717386
Buzz Cut,S,Male,0.51398613,0.097916667,224,14.49869792,9.870967742
Buzz Cut,S,Male,0.59869319,0.283333333,256,8.962239583,5.490596893
Buzz Cut,S,Male,0.636447661,0.254166667,251,8.6640625,5.773254817
Buzz Cut,S,Male,0.63822497,0.21875,263,8.916666667,5.339407864
Buzz Cut,S,Male,0.574088201,0.197916667,264,8.9375,5.24133347
Buzz Cut,S,Male,0.589993753,0.15625,261,8.092447917,5.567908654
Buzz Cut,S,Male,0.567431308,0.127083333,279,8.791666667,5.468383514
Buzz Cut,S,Male,0.501766276,0.110416667,265,8.490885417,5.065000967
Buzz Cut,S,Male,0.496425497,0.125,280,8.171875,5.58805549
Buzz Cut,S,Male,0.460961511,0.1125,260,7.419270833,6.200907073
Buzz Cut,S,Male,0.45481069,0.1125,258,7.102864583,5.933340321
Buzz Cut,R,Male,0.328830062,0.135416667,257,5.268229167,30.73833743
Buzz Cut,R,Male,0.323816811,0.139583333,251,4.993489583,26.49539092
Buzz Cut,R,Male,0.257868288,0.091666667,252,5.005208333,29.51280878
Buzz Cut,R,Male,0.325920346,0.147916667,257,5.119791667,36.17570499
Buzz Cut,R,Male,0.327460642,0.152083333,259,5.19921875,31.23444976
Buzz Cut,R,Male,0.328115908,0.147916667,259,5.213541667,30.45810238
Buzz Cut,R,Male,0.240126173,0.075,251,5.0,27.13439404
Buzz Cut,R,Male,0.326538146,0.147916667,259,4.6640625,31.17023714
Buzz Cut,R,Male,0.323127264,0.145833333,260,4.552083333,28.48172606
Buzz Cut,R,Male,0.264314086,0.095833333,253,4.645833333,29.64097572
Buzz Cut,R,Male,0.332287008,0.179166667,306,13.82161458,20.72835514
Buzz Cut,R,Male,0.274450111,0.152083333,305,14.09114583,19.30641207
Buzz Cut,R,Male,0.26796912,0.14375,299,14.1875,19.08621069
Buzz Cut,R,Male,0.31553282,0.210416667,300,14.078125,18.83189655
Buzz Cut,R,Male,0.315840365,0.204166667,295,13.96354167,20.41534989
Buzz Cut,R,Male,0.264403887,0.141666667,296,13.84765625,21.16951977
Buzz Cut,R,Male,0.317872061,0.204166667,296,14.0703125,20.72123598
Buzz Cut,R,Male,0.313838673,0.204166667,397,14.06510417,19.59984152
Buzz Cut,R,Male,0.318101385,0.204166667,314,14.13151042,18.82903981
Buzz Cut,R,Male,0.314792632,0.20625,315,13.99869792,18.34058464
Buzz Cut,S,Male,0.363521392,0.177083333,250,11.28385417,11.76656305
Buzz Cut,S,Male,0.352781409,0.154166667,247,11.17708333,11.89172749
Buzz Cut,S,Male,0.356903883,0.15625,248,11.25260417,11.47165624
Buzz Cut,S,Male,0.352484027,0.15625,250,11.40885417,10.82061632
Buzz Cut,S,Male,0.376492775,0.170833333,252,11.51692708,12.7536439
Buzz Cut,S,Male,0.37313703,0.179166667,254,11.59635417,13.52468058
Buzz Cut,S,Male,0.362321351,0.179166667,256,11.68098958,12.15522029
Buzz Cut,S,Male,0.372124786,0.18125,256,11.72265625,10.80110497
Buzz Cut,S,Male,0.3593138,0.16875,256,11.73046875,10.97658102
Buzz Cut,S,Male,0.377722922,0.185416667,256,11.77083333,11.80267966
Buzz Cut,S,Male,0.421653633,0.202083333,261,18.33463542,25.45116279
Buzz Cut,S,Male,0.472905883,0.175,262,17.84635417,20.90953096
Buzz Cut,S,Male,0.493362965,0.177083333,261,19.16927083,23.20313697
Buzz Cut,S,Male,0.580688687,0.26875,261,17.90364583,23.97458552
Buzz Cut,S,Male,0.485480998,0.177083333,263,18.92057292,21.52412392
Buzz Cut,S,Male,0.483086422,0.177083333,264,18.85677083,21.7573285
Buzz Cut,S,Male,0.49334982,0.177083333,259,18.72916667,23.33107889
Buzz Cut,S,Male,0.482645508,0.175,262,18.7890625,21.860519
Buzz Cut,S,Male,0.486100099,0.177083333,259,17.93489583,21.8234487
Buzz Cut,S,Male,0.490136621,0.177083333,259,17.67317708,21.98524497
Buzz Cut,D,Male,0.333025471,0.129166667,239,5.751302083,27.77954162
Buzz Cut,D,Male,0.352312672,0.125,220,7.145833333,31.3190407
Buzz Cut,D,Male,0.385054401,0.133333333,218,6.845052083,31.27113465
Buzz Cut,D,Male,0.358808988,0.1125,239,6.44921875,32.74811433
Buzz Cut,D,Male,0.37273343,0.116666667,224,7.186197917,31.18534927
Buzz Cut,D,Male,0.348215954,0.1125,240,7.3125,33.88005565
Buzz Cut,D,Male,0.342642752,0.120833333,241,7.614583333,31.73676248
Buzz Cut,D,Male,0.338991355,0.114583333,235,7.645833333,32.86527222
Buzz Cut,D,Male,0.341945645,0.108333333,224,7.44140625,32.28144446
Buzz Cut,D,Male,0.341917011,0.10625,223,7.067708333,30.64085447
Buzz Cut,S,Male,0.274984666,0.0875,201,3.73828125,18.79694019
Buzz Cut,S,Male,0.29551212,0.097916667,202,5.041666667,18.81257685
Buzz Cut,S,Male,0.277958943,0.077083333,200,4.529947917,17.88166545
Buzz Cut,S,Male,0.287920495,0.0875,200,4.415364583,18.07232191
Buzz Cut,S,Male,0.381673532,0.154166667,200,5.108072917,17.30887899
Buzz Cut,S,Male,0.285074694,0.083333333,199,4.985677083,17.65035587
Buzz Cut,S,Male,0.295219,0.097916667,204,5.248697917,17.62875907
Buzz Cut,S,Male,0.326580163,0.114583333,204,5.598958333,17.07873174
Buzz Cut,S,Male,0.307535037,0.1,201,5.614583333,17.80751507
Buzz Cut,S,Male,0.290933411,0.089583333,201,5.475260417,18.50547871
French Crop,R,Male,0.612524972,0.127083333,265,19.82682292,41.96351085
French Crop,R,Male,0.600448064,0.120833333,267,19.4296875,39.3808609
French Crop,R,Male,0.585104579,0.125,266,17.26432292,43.2546975
French Crop,R,Male,0.601661538,0.122916667,260,17.29947917,42.73331407
French Crop,R,Male,0.632426042,0.141666667,270,18.55729167,44.18616762
French Crop,R,Male,0.593302419,0.127083333,274,18.3046875,44.94081899
French Crop,R,Male,0.583172898,0.116666667,269,18.15364583,35.75071901
French Crop,R,Male,0.569409673,0.125,274,17.10286458,44.77205552
French Crop,R,Male,0.559978095,0.125,275,16.24348958,46.23568261
French Crop,R,Male,0.549338143,0.133333333,278,14.81770833,43.91964115
French Crop,H,Male,0.516237109,0.03125,272,16.35416667,53.69559684
French Crop,H,Male,0.47143114,0.010416667,274,16.86588542,52.09419403
French Crop,H,Male,0.425454363,0.014583333,274,17.21223958,51.90090648
French Crop,H,Male,0.464558375,0.010416667,271,17.29427083,50.85600797
French Crop,H,Male,0.469095505,0.014583333,280,17.70182292,50.77684808
French Crop,H,Male,0.465166318,0.008333333,278,17.87630208,51.78792135
French Crop,H,Male,0.462194296,0.008333333,278,17.94661458,52.20554716
French Crop,H,Male,0.477404066,0.0125,282,18.08854167,44.13830201
French Crop,H,Male,0.454478853,0.016666667,276,19.67578125,51.26265202
French Crop,H,Male,0.463334405,0.020833333,278,17.94401042,50.60863183
French Crop,S,Male,0.491666667,0.175,183,0.986979167,11.59578045
French Crop,S,Male,0.667533201,0.064583333,182,1.001302083,9.816157431
French Crop,S,Male,0.689959363,0.072916667,181,1.514322917,10.2380333
French Crop,S,Male,0.654615374,0.066666667,184,1.278645833,9.64412062
French Crop,S,Male,0.622189619,0.058333333,186,0.890625,10.20164875
French Crop,S,Male,0.623277894,0.060416667,186,1.002604167,10.28514753
French Crop,S,Male,0.647294713,0.072916667,187,0.66015625,10.48578492
French Crop,S,Male,0.600390213,0.05625,186,0.479166667,9.538865284
French Crop,S,Male,0.645352556,0.06875,186,0.356770833,9.486479678
French Crop,S,Male,0.65511087,0.070833333,186,0.0,9.550800801
French Crop,S,Male,1.415893525,0.102083333,294,20.43619792,2.066348195
French Crop,S,Male,1.210993033,0.11875,290,21.07682292,1.834920635
French Crop,S,Male,0.891550712,0.164583333,294,20.48958333,1.4526338
French Crop,S,Male,0.790711943,0.164583333,289,20.41145833,1.550506116
French Crop,S,Male,0.56985395,0.16875,294,20.94661458,1.467964891
French Crop,S,Male,0.485486161,0.197916667,290,20.6875,1.943516392
French Crop,S,Male,0.44571606,0.208333333,290,20.4765625,2.389712263
French Crop,S,Male,0.408886417,0.2,293,19.92447917,1.946767533
French Crop,S,Male,0.39751484,0.197916667,294,19.73177083,1.695936818
French Crop,S,Male,0.388130993,0.202083333,292,19.85416667,1.638268156
French Crop,R,Male,0.366574207,0.158333333,214,9.639322917,7.640260766
French Crop,R,Male,0.449175047,0.15625,218,9.19140625,7.149378399
French Crop,R,Male,0.510072367,0.15,219,8.165364583,7.553412743
French Crop,R,Male,0.540277106,0.1625,221,8.055989583,7.495831532
French Crop,R,Male,0.521900754,0.147916667,224,6.9375,7.554638174
French Crop,R,Male,0.535777085,0.147916667,221,7.041666667,7.395865474
French Crop,R,Male,0.519500466,0.141666667,221,6.682291667,7.382253203
French Crop,R,Male,0.522730722,0.15,224,6.9921875,7.633157608
French Crop,R,Male,0.508830449,0.147916667,228,8.044270833,7.572195321
French Crop,R,Male,0.506687812,0.15625,232,10.11197917,7.063751763
French Crop,O,Male,1.100080091,0.625,281,15.19140625,60.73128382
French Crop,O,Male,0.947077842,0.572916667,284,15.02994792,52.9764395
French Crop,O,Male,0.963359093,0.483333333,283,15.35807292,59.66644999
French Crop,O,Male,0.935514857,0.452083333,280,14.82291667,60.07689736
French Crop,O,Male,0.45654136,0.0375,277,15.875,60.84837444
French Crop,O,Male,0.475243621,0.05,272,17.49479167,60.04462072
French Crop,O,Male,0.49492677,0.066666667,273,17.99609375,59.93156733
French Crop,O,Male,0.501733261,0.064583333,266,19.08333333,59.55042882
French Crop,O,Male,0.490212086,0.064583333,263,18.27604167,59.18565558
French Crop,O,Male,0.469773283,0.039583333,264,18.68229167,59.70320205
French Crop,S,Male,0.449930905,0.104166667,286,22.83723958,51.69049651
French Crop,S,Male,0.439352646,0.091666667,295,22.01692708,52.08154657
French Crop,S,Male,0.450126323,0.1,295,20.65494792,51.78626152
French Crop,S,Male,0.417026098,0.0625,293,20.19270833,51.88337457
French Crop,S,Male,0.438412385,0.085416667,294,19.45703125,51.06483301
French Crop,S,Male,0.443197637,0.095833333,292,18.31901042,48.82854527
French Crop,S,Male,0.452816409,0.1,297,18.11197917,52.07329294
French Crop,S,Male,0.423334498,0.077083333,296,19.41927083,52.10061823
French Crop,S,Male,0.438693538,0.0875,296,19.14192708,50.43968766
French Crop,S,Male,0.45050721,0.095833333,292,19.07421875,51.88224091
French Crop,O,Male,0.539908434,0.0375,265,22.80078125,14.07464017
French Crop,O,Male,0.567739667,0.09375,267,22.45052083,13.28218563
French Crop,O,Male,0.503608072,0.147916667,264,22.00390625,12.09549428
French Crop,O,Male,0.46056079,0.2,265,22.64453125,13.32089552
French Crop,O,Male,0.430132402,0.208333333,265,22.4296875,12.46301556
French Crop,O,Male,0.420997112,0.220833333,270,21.30598958,10.14583158
French Crop,O,Male,0.425345357,0.229166667,271,21.265625,11.44244021
French Crop,O,Male,0.426077951,0.225,269,21.31380208,12.49715801
French Crop,O,Male,0.426114217,0.227083333,270,21.42708333,13.07719111
French Crop,O,Male,0.429457288,0.227083333,269,21.59505208,12.95471651
French Crop,S,Male,0.345611555,0.166666667,252,20.64583333,25.18825986
French Crop,S,Male,0.377805372,0.152083333,252,20.7578125,19.79702134
French Crop,S,Male,0.401596227,0.1875,256,19.95833333,22.86402371
French Crop,S,Male,0.396363618,0.1625,255,20.57942708,24.51699928
French Crop,S,Male,0.405034521,0.160416667,253,19.81119792,22.87420836
French Crop,S,Male,0.401968129,0.1625,253,20.015625,27.39546075
French Crop,S,Male,0.400213956,0.15625,253,19.75520833,26.80388018
French Crop,S,Male,0.397691899,0.160416667,253,19.68489583,27.21829707
French Crop,S,Male,0.415450428,0.177083333,254,19.23828125,23.29331135
French Crop,S,Male,0.402859059,0.16875,259,18.40494792,24.56035792
French Crop,S,Male,0.423237228,0.0875,230,17.5859375,30.46412207
French Crop,S,Male,0.518405212,0.120833333,231,17.54947917,27.71199929
French Crop,S,Male,0.486654126,0.147916667,235,17.55598958,28.51848603
French Crop,S,Male,0.55287887,0.166666667,233,17.44401042,31.50865154
French Crop,S,Male,0.589249029,0.158333333,232,17.40625,31.69624173
French Crop,S,Male,0.563846632,0.133333333,233,17.15234375,28.6667699
French Crop,S,Male,0.58321182,0.135416667,234,17.18619792,30.13185794
French Crop,S,Male,0.590166407,0.135416667,235,16.74739583,29.87241031
French Crop,S,Male,0.593791309,0.1375,237,16.7890625,31.4470776
French Crop,S,Male,0.597410384,0.139583333,236,16.74609375,32.29257642
French Crop,O,Male,0.497672986,0.05625,272,24.73046875,28.83768853
French Crop,O,Male,0.422855061,0.002083333,277,23.8515625,24.42355445
French Crop,O,Male,0.394900886,-0.00625,268,24.45703125,22.98110393
French Crop,O,Male,0.381507888,0.016666667,269,24.93619792,29.52384379
French Crop,O,Male,0.356906666,0.004166667,273,25.42838542,29.92229079
French Crop,O,Male,0.345565352,0.008333333,271,24.8359375,29.35713075
French Crop,O,Male,0.35217377,0.008333333,272,24.09244792,30.19528361
French Crop,O,Male,0.381735299,0.033333333,267,23.8203125,29.85957079
French Crop,O,Male,0.349717858,0.008333333,278,22.65364583,30.09437973
French Crop,O,Male,0.355239118,0.00625,285,21.86458333,21.52661607
French Crop,R,Male,0.413913619,0.129166667,270,20.23697917,30.58630326
French Crop,R,Male,0.427135731,0.11875,264,20.73697917,28.35871878
French Crop,R,Male,0.426573513,0.13125,284,19.3203125,29.64500537
French Crop,R,Male,0.421373604,0.116666667,296,20.05338542,30.24730733
French Crop,R,Male,0.414361174,0.11875,274,21.79427083,29.91375381
French Crop,R,Male,0.423943723,0.125,273,21.54427083,30.13359983
French Crop,R,Male,0.363380718,0.075,277,21.27734375,29.88267581
French Crop,R,Male,0.412110121,0.13125,282,19.84635417,28.2344872
French Crop,R,Male,0.404917179,0.122916667,285,19.23177083,29.83464331
French Crop,R,Male,0.365767613,0.077083333,280,19.57682292,28.69074262
French Crop,R,Male,0.565345271,0.179166667,279,14.72916667,17.45387877
French Crop,R,Male,0.559843494,0.183333333,283,15.05598958,16.69581888
French Crop,R,Male,0.539957474,0.183333333,284,14.80859375,18.7977689
French Crop,R,Male,0.571177548,0.202083333,277,15.11848958,19.96044751
French Crop,R,Male,0.554094923,0.183333333,279,14.70572917,18.84615385
French Crop,R,Male,0.577036834,0.202083333,282,15.19791667,18.47119064
French Crop,R,Male,0.569945072,0.202083333,280,15.16276042,19.48735641
French Crop,R,Male,0.548945635,0.185416667,276,14.4453125,19.01930992
French Crop,R,Male,0.553808955,0.183333333,271,14.671875,19.22731996
French Crop,R,Male,0.582563604,0.202083333,272,14.52083333,20.30843595
French Crop,S,Male,0.506571686,0.060416667,219,11.58463542,40.89311768
French Crop,S,Male,0.663361506,0.064583333,222,11.73828125,42.25345985
French Crop,S,Male,0.886061993,0.141666667,218,11.66796875,41.87550286
French Crop,S,Male,0.765384964,0.070833333,216,10.78255208,41.32724013
French Crop,S,Male,0.780740654,0.070833333,218,11.13802083,41.15561972
French Crop,S,Male,0.942681843,0.15,228,11.43489583,41.909087
French Crop,S,Male,0.771959728,0.060416667,211,11.29296875,42.47544554
French Crop,S,Male,0.942748611,0.154166667,228,11.06119792,42.13043478
French Crop,S,Male,0.776370324,0.06875,209,11.54166667,42.93059585
French Crop,S,Male,0.785015307,0.075,216,11.38802083,42.76078395
French Crop,S,Male,0.612064616,0.160416667,261,15.84895833,4.07079646
French Crop,S,Male,0.593414778,0.170833333,262,16.06380208,4.169987632
French Crop,S,Male,0.600721181,0.18125,261,15.68359375,4.54662134
French Crop,S,Male,0.587462535,0.16875,260,15.32421875,4.261417158
French Crop,S,Male,0.595146012,0.175,262,15.45052083,4.486209042
French Crop,S,Male,0.592097553,0.177083333,259,15.5,3.987137706
French Crop,S,Male,0.602902,0.185416667,263,15.90234375,4.726097661
French Crop,S,Male,0.610511603,0.1875,260,15.375,4.245846132
French Crop,S,Male,0.592828754,0.172916667,260,15.56380208,4.480830671
French Crop,S,Male,0.592929279,0.175,260,16.00520833,4.383725776
French Crop,D,Male,0.480382795,0.120833333,287,18.76692708,51.22884861
French Crop,D,Male,0.496199742,0.129166667,285,20.75,52.09980647
French Crop,D,Male,0.498131069,0.11875,286,19.78776042,51.98347107
French Crop,D,Male,0.500009744,0.122916667,284,18.36328125,52.02685473
French Crop,D,Male,0.50269015,0.122916667,284,18.69140625,52.77307206
French Crop,D,Male,0.505450631,0.129166667,284,18.05338542,51.78141351
French Crop,D,Male,0.507510052,0.141666667,285,18.51302083,52.00842416
French Crop,D,Male,0.480877035,0.114583333,287,18.16145833,52.58610573
French Crop,D,Male,0.487899242,0.125,285,18.76432292,52.24068253
French Crop,D,Male,0.506115522,0.13125,284,18.63020833,52.12775771
French Crop,D,Male,0.60023156,0.18125,241,3.223958333,26.80353902
French Crop,D,Male,0.627597629,0.1875,243,3.203125,26.75580886
French Crop,D,Male,0.628333213,0.185416667,241,3.565104167,27.89042408
French Crop,D,Male,1.080569637,0.46875,242,3.3828125,28.33056722
French Crop,D,Male,0.633952048,0.177083333,242,3.213541667,26.79523002
French Crop,D,Male,1.109420414,0.4875,242,3.350260417,25.85013146
French Crop,D,Male,1.082317386,0.477083333,241,3.388020833,27.3953624
French Crop,D,Male,0.665102255,0.195833333,242,3.484375,28.47447596
French Crop,D,Male,0.635236678,0.170833333,241,3.130208333,27.16208178
French Crop,D,Male,0.636373699,0.164583333,239,3.338541667,26.9468628
French Crop,S,Male,0.53186623,0.177083333,265,25.27213542,7.580105521
French Crop,S,Male,0.524887526,0.177083333,265,25.06640625,7.683844192
French Crop,S,Male,0.530929223,0.175,265,24.96484375,7.83921873
French Crop,S,Male,0.52576197,0.175,265,24.80078125,7.4530965
French Crop,S,Male,0.532540558,0.170833333,261,23.98828125,7.362772224
French Crop,S,Male,0.530793568,0.172916667,262,23.89713542,8.584943371
French Crop,S,Male,0.527103256,0.172916667,262,23.91145833,7.776886035
French Crop,S,Male,0.534125002,0.172916667,262,23.96354167,8.579397052
French Crop,S,Male,0.533749472,0.172916667,260,23.48177083,8.05129597
French Crop,S,Male,0.532775693,0.16875,260,23.57682292,7.863135347
French Crop,S,Male,0.52980255,0.152083333,258,26.04036458,10.73614265
French Crop,S,Male,0.589890922,0.214583333,263,26.33463542,11.12659613
French Crop,S,Male,0.578068091,0.210416667,256,26.171875,10.34505988
French Crop,S,Male,0.592428795,0.208333333,262,25.95703125,10.86938576
French Crop,S,Male,0.598112047,0.208333333,259,24.96484375,12.18753556
French Crop,S,Male,0.585758691,0.214583333,255,24.88541667,11.18831728
French Crop,S,Male,0.605840672,0.208333333,254,24.18229167,10.62982297
French Crop,S,Male,0.528548741,0.160416667,260,24.140625,10.40361217
French Crop,S,Male,0.596698748,0.21875,257,24.29557292,10.98188697
French Crop,S,Male,0.583880238,0.204166667,257,24.11197917,10.7877751
French Crop,S,Male,0.407000877,0.070833333,223,5.73828125,30.49786094
French Crop,S,Male,0.452674273,0.047916667,223,6.55078125,28.29396828
French Crop,S,Male,0.448551975,0.039583333,222,5.555989583,29.70452335
French Crop,S,Male,0.478311381,0.041666667,218,5.701822917,33.32322036
French Crop,S,Male,0.461221415,0.04375,221,5.591145833,32.29643362
French Crop,S,Male,0.457854765,0.045833333,221,4.680989583,32.71996262
French Crop,S,Male,0.46956652,0.045833333,219,4.852864583,33.58719647
French Crop,S,Male,0.465421836,0.041666667,220,4.524739583,32.62892594
French Crop,S,Male,0.458622356,0.039583333,220,4.428385417,33.28195874
French Crop,S,Male,0.463341558,0.039583333,219,4.337239583,33.3466371
Crew Cut,S,Male,0.5451912539400895,0.125,220,13.798177083333332,22.61186203682125
Crew Cut,S,Male,0.4966637630230077,0.1041666666666666,225,13.43359375,24.505451275710914
Crew Cut,S,Male,0.5107122158670114,0.1041666666666666,226,12.389322916666666,23.964757709251103
Crew Cut,S,Male,0.4927289844020754,0.10625,224,12.328125,19.956392813535672
Crew Cut,S,Male,0.5243426269293237,0.1291666666666666,221,12.2578125,17.152670393719518
Crew Cut,S,Male,0.511995338854378,0.1208333333333333,222,10.76953125,24.454967834167263
Crew Cut,S,Male,0.5122002292812112,0.1208333333333333,224,10.85546875,24.66188705965657
Crew Cut,S,Male,0.5138139364760649,0.1145833333333333,223,10.657552083333334,18.69259302873293
Crew Cut,S,Male,0.5457355663414577,0.13125,219,11.872395833333334,24.630244491397526
Crew Cut,S,Male,0.519787884409666,0.1145833333333333,219,11.787760416666666,24.28644578313253
Crew Cut,R,Male,0.4833480814201054,0.1541666666666666,235,14.243489583333332,21.32018992568125
Crew Cut,R,Male,0.4818755226763432,0.1583333333333333,231,14.4765625,20.782367233599444
Crew Cut,R,Male,0.4995703806857697,0.1729166666666666,230,14.18359375,21.089015151515152
Crew Cut,R,Male,0.4900432770289863,0.16875,233,14.600260416666666,22.492758620689656
Crew Cut,R,Male,0.4992018008988241,0.1729166666666666,233,14.630208333333334,21.845658282502917
Crew Cut,R,Male,0.5037892483063147,0.1875,234,14.578125,22.098277608915907
Crew Cut,R,Male,0.4853420494872957,0.1708333333333333,236,14.326822916666668,20.1608322324967
Crew Cut,R,Male,0.4857856226521909,0.1708333333333333,233,13.845052083333334,20.99656357388316
Crew Cut,R,Male,0.4809577420559127,0.1666666666666666,233,13.536458333333334,20.757845690009592
Crew Cut,R,Male,0.4909868948079838,0.16875,232,12.743489583333334,21.64265030336459
Crew Cut,D,Male,0.5471895833654017,0.15,228,4.397135416666666,14.261958146487297
Crew Cut,D,Male,0.6628781384890455,0.13125,228,3.99609375,14.01889802429746
Crew Cut,D,Male,0.5603097602289253,0.1166666666666666,227,3.9765625,13.862362204724407
Crew Cut,D,Male,0.5045301527733294,0.1270833333333333,224,4.345052083333333,14.176545166402535
Crew Cut,D,Male,0.5388459037968296,0.1270833333333333,224,4.91796875,14.41603494796351
Crew Cut,D,Male,0.5397063947957373,0.1354166666666666,226,5.024739583333333,14.161296436694466
Crew Cut,D,Male,0.543408171355773,0.1291666666666666,224,5.751302083333333,12.79214466264826
Crew Cut,D,Male,0.5506638984091912,0.1270833333333333,223,4.584635416666667,14.448210055277706
Crew Cut,D,Male,0.5477429975403386,0.1270833333333333,223,4.071614583333334,14.70868129733929
Crew Cut,D,Male,0.5584234997958964,0.1229166666666666,221,5.62890625,14.61837385412515
Crew Cut,D,Male,0.5436987562045148,0.1770833333333333,252,17.526041666666668,14.217758985200843
Crew Cut,D,Male,0.5471521891571617,0.175,253,17.661458333333332,16.739103744628608
Crew Cut,D,Male,0.5508360146585506,0.1708333333333333,251,17.397135416666668,16.064894932014834
Crew Cut,D,Male,0.5685945682818967,0.18125,251,16.911458333333336,17.271881973716837
Crew Cut,D,Male,0.5681420163186484,0.18125,254,16.912760416666668,17.487247996113673
Crew Cut,D,Male,0.557823353525999,0.1770833333333333,254,16.561197916666668,16.768518896000653
Crew Cut,D,Male,0.6352494044596821,0.24375,255,16.388020833333332,18.21941794469267
Crew Cut,D,Male,0.5630757665717252,0.1875,255,16.350260416666668,17.571394192202792
Crew Cut,D,Male,0.5629846479760573,0.1833333333333333,254,16.263020833333332,17.019114930527667
Crew Cut,D,Male,0.578534552568539,0.1895833333333333,254,16.944010416666664,16.132736943907158
Crew Cut,S,Male,0.5369765864570128,0.1458333333333333,206,2.903645833333333,54.39237668161435
Crew Cut,S,Male,0.6229955991295909,0.1520833333333333,208,2.516927083333333,55.695729405669454
Crew Cut,S,Male,0.6203730512179763,0.14375,204,2.9010416666666665,55.36325935028032
Crew Cut,S,Male,0.6277541380948948,0.15,209,2.1276041666666665,54.70091171892373
Crew Cut,S,Male,0.6157913550305827,0.14375,209,2.4361979166666665,51.4119170984456
Crew Cut,S,Male,0.6090138051723257,0.1395833333333333,210,1.4661458333333333,57.12236470332537
Crew Cut,S,Male,0.6052788611822932,0.1458333333333333,210,1.6158854166666667,56.16126015967777
Crew Cut,S,Male,0.6135924246786469,0.14375,211,1.62890625,57.63736263736264
Crew Cut,S,Male,0.6184763776319655,0.1416666666666666,209,1.9661458333333333,52.69344796916691
Crew Cut,S,Male,0.6216923752468202,0.14375,210,2.493489583333333,56.61970308446238
Crew Cut,S,Male,0.4546273538117018,-0.0020833333333333,206,9.5546875,49.063461369429554
Crew Cut,S,Male,0.3591212054786181,0.0104166666666666,205,9.1953125,50.34977352793155
Crew Cut,S,Male,0.3715154944900284,0.0166666666666666,206,8.09375,51.16625916870416
Crew Cut,S,Male,0.3636689948105417,0.0104166666666666,206,8.153645833333334,50.671185319887584
Crew Cut,S,Male,0.3705362768389714,0.0166666666666666,207,7.627604166666667,53.461070559610704
Crew Cut,S,Male,0.3675235222841077,0.0125,206,8.411458333333334,53.32625499023189
Crew Cut,S,Male,0.3783206837550659,0.0166666666666666,205,9.294270833333334,52.49679130657996
Crew Cut,S,Male,0.3763908667829421,0.0125,207,9.049479166666668,51.62364130434783
Crew Cut,S,Male,0.3676696859019819,0.0104166666666666,207,9.17578125,53.283901865232735
Crew Cut,S,Male,0.3673224542881035,0.0145833333333333,207,10.209635416666666,50.05102040816327
Crew Cut,S,Male,0.6408860705070166,0.1020833333333333,167,5.904947916666667,52.29218067944581
Crew Cut,S,Male,0.7401946768222523,0.09375,166,6.697916666666667,52.527356498368206
Crew Cut,S,Male,0.8634639497147214,0.0958333333333333,169,5.9296875,51.14468085106383
Crew Cut,S,Male,0.8965312279003615,0.1,169,5.55859375,52.71576029819364
Crew Cut,S,Male,0.8833250926144471,0.0895833333333333,167,6.5703125,52.34045570577669
Crew Cut,S,Male,0.8596329136419011,0.0895833333333333,167,6.138020833333333,52.72405660377358
Crew Cut,S,Male,0.8569410847243003,0.0833333333333333,166,6.920572916666666,52.17440543601359
Crew Cut,S,Male,0.8672999051029064,0.0854166666666666,166,6.761718749999999,52.43801652892562
Crew Cut,S,Male,0.8898589608001317,0.0958333333333333,168,6.682291666666666,53.03632397572079
Crew Cut,S,Male,0.90263283379412,0.0958333333333333,166,6.759114583333334,52.01768250518621
Crew Cut,R,Male,0.6976720167429817,0.125,207,7.50390625,10.097034196729007
Crew Cut,R,Male,0.6218799814259617,0.1291666666666666,207,7.571614583333333,9.252106741573034
Crew Cut,R,Male,0.6089755197743812,0.1291666666666666,205,7.979166666666666,9.702282890091784
Crew Cut,R,Male,0.6013603951967842,0.1291666666666666,207,7.365885416666666,10.430128155935844
Crew Cut,R,Male,0.5803591816641577,0.11875,207,7.59765625,9.419261234412987
Crew Cut,R,Male,0.5691590130827154,0.1166666666666666,206,7.451822916666667,9.201134483573624
Crew Cut,R,Male,0.5553126669269781,0.10625,205,7.338541666666666,9.958187870422991
Crew Cut,R,Male,0.5707031705174664,0.1125,205,7.528645833333333,8.920509125840537
Crew Cut,R,Male,0.6180445320658694,0.1104166666666666,193,7.411458333333333,8.711321767125737
Crew Cut,R,Male,0.6527893697308594,0.1083333333333333,183,6.329427083333333,10.640872423065431
Crew Cut,S,Male,0.7997161091277566,0.175,196,0.03125,10.667068342227578
Crew Cut,S,Male,0.8431185660811176,0.11875,196,0.03125,10.461425991227316
Crew Cut,S,Male,0.6737552707707727,0.1125,195,0.0,10.610263522884882
Crew Cut,S,Male,0.6406275249488526,0.1145833333333333,196,0.0078125,10.969151670951156
Crew Cut,S,Male,0.6127232219736696,0.1041666666666666,195,0.0755208333333333,11.605981794538362
Crew Cut,S,Male,0.6013710157283261,0.10625,197,0.0677083333333333,10.384615384615383
Crew Cut,S,Male,0.6260153370390149,0.1208333333333333,197,0.0755208333333333,11.256002021733636
Crew Cut,S,Male,0.6143883490186218,0.1125,197,0.1822916666666666,9.832737487231867
Crew Cut,S,Male,0.6147259624917559,0.1125,196,0.3098958333333333,11.386450788240309
Crew Cut,S,Male,0.6390053505723683,0.1229166666666666,197,0.1940104166666666,11.403054730589732
Crew Cut,S,Male,0.5430259766027764,0.1083333333333333,251,21.015625,40.45101088646968
Crew Cut,S,Male,0.784393855287651,0.3541666666666667,296,22.016927083333336,38.86750538864207
Crew Cut,S,Male,0.4992529359558067,0.1354166666666666,249,21.768229166666668,39.26125659382065
Crew Cut,S,Male,0.4826499540469076,0.1354166666666666,250,22.140625,40.21867231378326
Crew Cut,S,Male,0.4753751010233573,0.1395833333333333,249,21.25911458333333,40.207957853874944
Crew Cut,S,Male,0.4613506284461308,0.1270833333333333,250,20.651041666666668,39.214144458046896
Crew Cut,S,Male,0.4642293179354184,0.1291666666666666,252,21.2734375,39.54885654885655
Crew Cut,S,Male,0.4549293149487478,0.1229166666666666,249,21.46484375,33.959339870844296
Crew Cut,S,Male,0.7382647293566023,0.3520833333333333,298,21.880208333333336,38.71970864266704
Crew Cut,S,Male,0.6086545740050742,0.25,295,20.81640625,38.967254408060455
Crew Cut,S,Male,0.9333319002878764,0.56875,274,2.884114583333333,19.362035225048924
Crew Cut,S,Male,0.4753302524501084,0.1625,232,3.9817708333333335,21.234462588349988
Crew Cut,S,Male,1.0026172600610468,0.5541666666666667,234,3.450520833333333,20.780243086711803
Crew Cut,S,Male,0.4946211078552249,0.1666666666666666,235,3.4479166666666665,22.11563731931669
Crew Cut,S,Male,0.4763815307326635,0.1583333333333333,235,4.032552083333334,19.50706512912133
Crew Cut,S,Male,0.4826247134730274,0.1645833333333333,234,4.71484375,22.158790018454624
Crew Cut,S,Male,0.4882707482821875,0.1645833333333333,234,4.376302083333333,20.282432763835526
Crew Cut,S,Male,0.4838529592117009,0.1645833333333333,281,4.803385416666667,20.63286224569033
Crew Cut,S,Male,0.4966891923965039,0.1666666666666666,231,4.8828125,20.05161127895267
Crew Cut,S,Male,0.4878647941454753,0.16875,279,4.592447916666666,20.729109562221005
Crew Cut,S,Male,0.3555221463777698,0.03125,200,0.4348958333333333,23.535006605019817
Crew Cut,S,Male,0.3641209323114154,0.025,200,0.1770833333333333,22.40338371693576
Crew Cut,S,Male,0.3797895288344179,0.025,202,0.1927083333333333,23.70619484191586
Crew Cut,S,Male,0.381845245865834,0.03125,200,0.2591145833333333,22.089279787587124
Crew Cut,S,Male,0.3862376152188608,0.0395833333333333,199,0.0716145833333333,19.75991902834008
Crew Cut,S,Male,0.3924164645768468,0.0395833333333333,204,0.0,20.883977900552487
Crew Cut,S,Male,0.395595523096281,0.03125,201,0.1067708333333333,20.34975369458128
Crew Cut,S,Male,0.3958458967555094,0.0333333333333333,202,0.0716145833333333,21.87150837988827
Crew Cut,S,Male,0.3992305617246862,0.0354166666666666,198,0.0,21.504522121730627
Crew Cut,S,Male,0.4243428626952095,0.04375,201,0.2005208333333333,21.195625257944695
Crew Cut,S,Male,0.4156490420326677,0.0791666666666666,218,3.1940104166666665,25.40089557282866
Crew Cut,S,Male,0.4187080378228247,0.0833333333333333,229,4.579427083333333,23.233970753655797
Crew Cut,S,Male,0.4197479368301789,0.0833333333333333,218,5.013020833333334,23.574498567335244
Crew Cut,S,Male,0.4244847680476842,0.0833333333333333,218,5.096354166666667,23.5460426819022
Crew Cut,S,Male,0.4099901449748634,0.075,224,5.438802083333334,24.66824034334764
Crew Cut,S,Male,0.3941412124641919,0.0645833333333333,229,5.546875,23.47195100301793
Crew Cut,S,Male,0.4119760747129072,0.0791666666666666,214,5.01171875,22.229545841129443
Crew Cut,S,Male,0.4202068401743198,0.0875,215,4.365885416666666,22.985153764581124
Crew Cut,S,Male,0.420474219815191,0.0875,219,4.647135416666667,24.10948905109489
Crew Cut,S,Male,0.4222218189974117,0.0833333333333333,218,4.803385416666667,25.323174385754644
Crew Cut,O,Male,0.6035863262263631,0.1770833333333333,221,10.673177083333334,31.342135258358663
Crew Cut,O,Male,0.655660897691764,0.19375,222,11.177083333333334,28.78423390081421
Crew Cut,O,Male,0.5323512751826531,0.1083333333333333,220,10.56640625,30.6057475582269
Crew Cut,O,Male,0.6217203983950448,0.1895833333333333,222,10.63671875,27.033566433566435
Crew Cut,O,Male,0.4826414203209473,0.1083333333333333,218,10.33984375,30.78667716225524
Crew Cut,O,Male,0.4911635232127818,0.1041666666666666,218,13.044270833333332,27.817794841832903
Crew Cut,O,Male,0.5097596996517236,0.10625,221,13.316406250000002,26.828846628797237
Crew Cut,O,Male,0.4900923321425161,0.1041666666666666,218,13.25,27.39195603297527
Crew Cut,O,Male,0.4715491632293761,0.0958333333333333,217,12.880208333333334,28.18397856895956
Crew Cut,O,Male,0.612922056422783,0.19375,222,12.841145833333334,27.44886975242196
Crew Cut,D,Male,0.5666128550093142,0.2541666666666666,173,0.0,61.38014079288625
Crew Cut,D,Male,0.9172778458678856,0.2833333333333333,180,0.0,62.88749109897935
Crew Cut,D,Male,0.5764766623361545,0.0708333333333333,174,0.0,63.996138996139
Crew Cut,D,Male,1.1749583172345834,0.2625,184,0.0,63.95061728395062
Crew Cut,D,Male,1.424397959565325,0.325,186,0.0,62.44326500732065
Crew Cut,D,Male,1.5388936716259185,0.3666666666666666,164,0.0,66.68970099667774
Crew Cut,D,Male,1.1781649319473018,0.25625,182,0.0,61.86864247143036
Crew Cut,D,Male,0.6080128447422356,0.0520833333333333,174,0.0,64.67695030977367
Crew Cut,D,Male,1.5205450708431505,0.3729166666666667,166,0.0,64.81331793687451
Crew Cut,D,Male,0.5230412435629475,0.0291666666666666,164,0.0,68.88496871255492
Crew Cut,D,Male,0.7071891467387796,0.1666666666666666,254,8.321614583333334,42.959530429409945
Crew Cut,D,Male,0.5556247993030676,0.1333333333333333,244,6.384114583333334,43.119419070101614
Crew Cut,D,Male,0.4911888849594893,0.13125,241,7.778645833333334,42.14976228209192
Crew Cut,D,Male,0.5970405261494524,0.2208333333333333,252,9.736979166666666,43.49801219188974
Crew Cut,D,Male,0.4703254542789092,0.1270833333333333,234,9.700520833333332,45.13437569552637
Crew Cut,D,Male,0.4903444882557323,0.1416666666666666,233,9.540364583333332,43.18799201685331
Crew Cut,D,Male,0.4921911921277341,0.1479166666666666,234,7.055989583333333,44.59117564925998
Crew Cut,D,Male,0.4995204614516718,0.1541666666666666,237,6.091145833333334,44.173228346456696
Crew Cut,D,Male,0.5190966062660595,0.1520833333333333,234,7.046875,45.9052780652541
Crew Cut,D,Male,0.515834547889662,0.1520833333333333,235,5.951822916666667,45.13323829367256
Crew Cut,R,Male,0.5023750292095027,0.1520833333333333,228,7.858072916666667,49.3254817987152
Crew Cut,R,Male,0.530093269636836,0.1479166666666666,230,6.3828125,44.19594997022037
Crew Cut,R,Male,0.5504468783164259,0.1416666666666666,221,5.834635416666667,47.09647905098435
Crew Cut,R,Male,0.5570666373876375,0.1458333333333333,220,6.322916666666667,46.83117617491832
Crew Cut,R,Male,0.5631016587284331,0.14375,228,6.399739583333333,45.88808937701193
Crew Cut,R,Male,0.5105381045251529,0.1125,216,5.28515625,47.42654181465935
Crew Cut,R,Male,0.6094043606242067,0.1854166666666666,218,4.720052083333334,46.54698386793045
Crew Cut,R,Male,0.5134889425344552,0.1125,216,4.778645833333333,47.08958056557221
Crew Cut,R,Male,0.5454833510053234,0.1354166666666666,217,4.717447916666666,44.77446483180428
Crew Cut,R,Male,0.532490802405638,0.1291666666666666,220,3.1002604166666665,43.785785723215405
Crew Cut,H,Male,0.4068580102386271,0.0791666666666666,228,4.287760416666667,22.72429544083427
Crew Cut,H,Male,0.3670762586244115,0.08125,229,4.356770833333334,23.555027711797308
Crew Cut,H,Male,0.4101607810021559,0.0854166666666666,217,3.397135416666667,23.05424528301887
Crew Cut,H,Male,0.4052546157810971,0.0708333333333333,218,2.677083333333333,22.87426174783874
Crew Cut,H,Male,0.4077446479994613,0.0791666666666666,215,3.143229166666667,21.16480423099889
Crew Cut,H,Male,0.4272699924307748,0.08125,215,3.5846354166666665,23.64108061749571
Crew Cut,H,Male,0.4374021785737435,0.0791666666666666,218,3.524739583333333,23.052147239263803
Crew Cut,H,Male,0.4287383810914314,0.0770833333333333,213,3.2252604166666665,25.21609538002981
Crew Cut,H,Male,0.4232518576989785,0.075,219,3.359375,24.704652378463148
Crew Cut,H,Male,0.4189955850026939,0.06875,209,5.178385416666666,22.63257751041185
Crew Cut,H,Male,0.6083449032513198,0.2375,267,14.841145833333332,18.36817986538737
Crew Cut,H,Male,0.4871393852358458,0.1604166666666666,259,15.203125,19.07043879907621
Crew Cut,H,Male,0.4594999730702157,0.15,277,14.630208333333334,19.32732461024499
Crew Cut,H,Male,0.4613106797292711,0.1520833333333333,253,14.488281250000002,18.72546168387378
Crew Cut,H,Male,0.4610981957790349,0.1520833333333333,273,14.376302083333334,19.792874310759224
Crew Cut,H,Male,0.506832536874802,0.19375,275,14.647135416666668,19.06610854503464
Crew Cut,H,Male,0.5875509290248893,0.2479166666666666,297,14.114583333333334,18.68609406952965
Crew Cut,H,Male,0.5543884100234756,0.2020833333333333,278,13.412760416666666,19.14973750285323
Crew Cut,H,Male,0.4793534109475305,0.1541666666666666,241,13.373697916666666,20.187081528160693
Crew Cut,H,Male,0.5018828240560415,0.1604166666666666,284,13.502604166666668,19.987653449978836
Crew Cut,H,Male,0.5080735743481929,0.1708333333333333,202,0.0,10.31342668863262
Crew Cut,H,Male,0.5848898600082458,0.125,201,0.0,9.809308072487644
Crew Cut,H,Male,0.5832507374719014,0.1020833333333333,200,0.0,9.983651911468812
Crew Cut,H,Male,0.6822826034151375,0.1479166666666666,201,0.0,10.254746455179044
Crew Cut,H,Male,0.636779352352946,0.1291666666666666,205,0.0,10.096426322418136
Crew Cut,H,Male,0.6470259504126169,0.1375,205,0.0,10.935400718637712
Crew Cut,H,Male,0.6271871819455583,0.13125,204,0.0,10.404982043249026
Crew Cut,H,Male,0.6183135018162285,0.125,206,0.0,9.819067501739736
Crew Cut,H,Male,0.6202187122651437,0.1229166666666666,207,0.0,9.701509606587374
Crew Cut,H,Male,0.6288791263333492,0.1229166666666666,204,0.0,10.872632317405875
Side Part,R,Male,0.6614202536373035,0.1520833333333333,229,3.7643229166666665,14.734996738421396
Side Part,R,Male,0.6729800752886054,0.1604166666666666,228,3.75390625,14.875579809004092
Side Part,R,Male,0.6819843294096275,0.1666666666666666,226,4.127604166666667,14.273336286125568
Side Part,R,Male,0.6757728707136613,0.1666666666666666,227,3.8346354166666665,15.197170546953323
Side Part,R,Male,0.6648454239637311,0.1625,226,3.70703125,15.328338104057922
Side Part,R,Male,0.6797883163003496,0.16875,227,3.4752604166666665,16.39041172521817
Side Part,R,Male,0.6797525889057253,0.1583333333333333,224,3.58203125,15.284323770491802
Side Part,R,Male,0.6516923896013291,0.14375,226,3.4127604166666665,14.304284350609242
Side Part,R,Male,0.6644149521433158,0.1604166666666666,226,3.7135416666666665,14.5653385344107
Side Part,R,Male,0.6714406895044466,0.1645833333333333,226,3.470052083333333,15.27380819470805
Side Part,S,Male,0.7150897382220908,0.0958333333333333,257,20.64192708333333,28.804935506294896
Side Part,S,Male,0.6179027606930597,0.0791666666666666,255,20.361979166666664,28.10248291307873
Side Part,S,Male,0.5480049392955891,0.0833333333333333,257,20.111979166666664,28.232384490012507
Side Part,S,Male,0.5904589910926504,0.1041666666666666,259,19.846354166666664,28.5444216800149
Side Part,S,Male,0.6103899731052912,0.1041666666666666,258,19.869791666666668,28.84340710433327
Side Part,S,Male,0.6074696787260964,0.1,259,18.64973958333333,28.778337054838588
Side Part,S,Male,0.613821129748818,0.1020833333333333,258,19.421875,29.093959731543624
Side Part,S,Male,0.5636973877195285,0.0645833333333333,254,19.546875,28.67066233238521
Side Part,S,Male,0.6169134497217437,0.0958333333333333,252,19.5,28.21492117350105
Side Part,S,Male,0.6208515073879141,0.1041666666666666,253,19.62890625,29.41869439818012
Side Part,R,Male,0.512069568463596,0.1770833333333333,222,0.0,39.52682031409341
Side Part,R,Male,0.6157810156861916,0.16875,213,0.0,39.250266240681576
Side Part,R,Male,0.680954737568523,0.1291666666666666,214,0.0,39.99577613516367
Side Part,R,Male,0.8005973343588412,0.1416666666666666,213,0.0,42.0662960095714
Side Part,R,Male,0.7531339332319147,0.1125,221,0.0,41.03023400289915
Side Part,R,Male,0.7639221739410111,0.1145833333333333,218,0.0,36.611374407582936
Side Part,R,Male,0.7565424190685912,0.11875,209,0.0,41.08132956152758
Side Part,R,Male,0.7726242140705611,0.1208333333333333,211,0.0,40.41911712605399
Side Part,R,Male,0.777625800898234,0.13125,209,0.0,39.50915508493272
Side Part,R,Male,0.7586901410983277,0.1166666666666666,211,0.0,40.672702351753
Side Part,O,Male,0.8083333333333333,0.2625,259,7.307291666666667,10.821033210332104
Side Part,O,Male,0.4595258129184713,0.1541666666666666,258,7.209635416666667,10.468407996497884
Side Part,O,Male,0.4667563439587157,0.1666666666666666,259,7.059895833333334,10.872668997668995
Side Part,O,Male,0.4523222521967244,0.15625,260,7.391927083333333,10.387119045270737
Side Part,O,Male,0.4726120269028159,0.1729166666666666,260,7.338541666666666,10.913601282950786
Side Part,O,Male,0.4598375064180572,0.1604166666666666,256,7.40625,9.9099649015718
Side Part,O,Male,0.4408743403294736,0.1604166666666666,261,7.748697916666666,10.605831586132917
Side Part,O,Male,0.4509437366358039,0.1583333333333333,258,7.789062500000001,11.143112523587249
Side Part,O,Male,0.4441213839490389,0.1520833333333333,261,7.908854166666666,10.763956666016009
Side Part,O,Male,0.4491163285416789,0.15,261,8.123697916666666,10.512658841788728
Side Part,D,Male,0.4175904614564166,0.1354166666666666,206,1.4635416666666667,19.00518470511989
Side Part,D,Male,0.4713548547032193,0.1208333333333333,208,1.4361979166666667,19.25
Side Part,D,Male,0.4938491688640292,0.1,203,1.58203125,19.04324867990948
Side Part,D,Male,0.4830948178781542,0.1,203,1.38671875,16.548926821024168
Side Part,D,Male,0.5084104523124543,0.11875,205,1.4869791666666667,19.21536931111664
Side Part,D,Male,0.5089476172741624,0.1083333333333333,201,1.2565104166666667,17.413674920743723
Side Part,D,Male,0.5111667713472346,0.1104166666666666,199,1.19140625,17.285099657564317
Side Part,D,Male,0.503118818514746,0.10625,200,1.18359375,17.88150339307465
Side Part,D,Male,0.5066731744113192,0.1104166666666666,201,0.63671875,18.06794871794872
Side Part,D,Male,0.5082710155979643,0.1125,202,0.7291666666666666,16.506456241033
Side Part,S,Male,0.4566631757138397,0.125,193,0.0846354166666666,19.471757322175733
Side Part,S,Male,0.5005805039672054,0.1041666666666666,198,0.140625,19.720129684371127
Side Part,S,Male,0.5369971090630683,0.0958333333333333,191,0.0026041666666666,19.615384615384617
Side Part,S,Male,0.4384692646002662,0.04375,192,0.0416666666666666,19.624951229028483
Side Part,S,Male,0.522045247700127,0.0875,191,0.0,22.068999507146376
Side Part,S,Male,0.5607957075802082,0.1083333333333333,204,0.0,19.71249047981721
Side Part,S,Male,0.5429009130524981,0.0979166666666666,197,0.0,20.555113805784718
Side Part,S,Male,0.5752118932362362,0.1083333333333333,189,0.0,21.985777341834236
Side Part,S,Male,0.5336565089205718,0.0875,186,0.0,19.02360184710108
Side Part,S,Male,0.5654952958748519,0.0958333333333333,190,0.0,21.339770669885336
Side Part,S,Male,0.6389613620184413,0.1083333333333333,203,1.25390625,22.72845275181724
Side Part,S,Male,0.5656049913430797,0.0979166666666666,202,1.49609375,22.49868050668543
Side Part,S,Male,0.5741522607384855,0.1083333333333333,201,1.4453125,25.099888536397152
Side Part,S,Male,0.6995307493637976,0.1333333333333333,202,1.453125,23.786037546094537
Side Part,S,Male,0.688408464362739,0.1083333333333333,202,1.36328125,24.100401606425702
Side Part,S,Male,0.6872642059214248,0.1104166666666666,203,1.4036458333333333,25.45522949586155
Side Part,S,Male,0.6474104387356208,0.0979166666666666,202,0.9700520833333334,24.071894863425527
Side Part,S,Male,0.6719324925178795,0.1083333333333333,201,0.9427083333333334,22.01619396975933
Side Part,S,Male,0.6200640787312579,0.0833333333333333,203,0.5729166666666666,25.21001079106832
Side Part,S,Male,0.6805814386466514,0.1166666666666666,202,0.4713541666666667,25.425097911227155
Side Part,S,Male,1.3686632738831248,0.5166666666666667,222,7.734375,39.465725806451616
Side Part,S,Male,0.6058356635981894,0.1,222,8.119791666666666,39.20238741182854
Side Part,S,Male,0.6180839786671947,0.1083333333333333,216,8.145833333333332,39.41766438914311
Side Part,S,Male,0.616552178614121,0.1041666666666666,216,7.475260416666667,40.11529592621061
Side Part,S,Male,0.6412579588614503,0.1020833333333333,213,7.44921875,40.565192158885736
Side Part,S,Male,0.6479993407804796,0.1041666666666666,212,7.583333333333334,38.8859163004013
Side Part,S,Male,0.6562130222079496,0.1145833333333333,213,7.282552083333334,39.39955710218285
Side Part,S,Male,0.6413847554138699,0.1104166666666666,213,7.321614583333333,38.71499905189305
Side Part,S,Male,0.6502802603154976,0.1208333333333333,213,6.557291666666666,39.273746616832064
Side Part,S,Male,0.6507136615520781,0.11875,214,6.412760416666667,40.706301792252845
Side Part,S,Male,0.5402637025637468,0.125,217,2.095052083333333,16.315077508043288
Side Part,S,Male,0.5610259073346311,0.1375,216,3.1484375,17.64069106283715
Side Part,S,Male,0.505245599117619,0.1270833333333333,214,3.625,15.921072007068178
Side Part,S,Male,0.5261151143796282,0.1291666666666666,213,3.661458333333333,16.584744492731904
Side Part,S,Male,0.5187618551749823,0.1291666666666666,211,3.434895833333333,16.575773665048544
Side Part,S,Male,0.522283052359838,0.1291666666666666,212,3.361979166666667,16.385082004044037
Side Part,S,Male,0.522060344496771,0.1270833333333333,211,3.1197916666666665,16.830659265455097
Side Part,S,Male,0.5362100509689225,0.1375,213,3.4049479166666665,15.782628195544923
Side Part,S,Male,0.5392667545954151,0.1375,212,2.9088541666666665,16.58818202399819
Side Part,S,Male,0.542941508280221,0.1395833333333333,212,2.71484375,15.572665662650602
Side Part,R,Male,0.5464923260255259,0.1395833333333333,188,1.5989583333333337,20.336086585018517
Side Part,R,Male,0.552849848972488,0.15,190,1.5572916666666667,19.360850358917727
Side Part,R,Male,0.5271514753961876,0.1229166666666666,186,1.296875,19.33626661673844
Side Part,R,Male,0.6296868374115085,0.1333333333333333,187,1.3723958333333333,21.77842972897457
Side Part,R,Male,0.6141433373678042,0.125,186,1.4283854166666667,20.652024708304737
Side Part,R,Male,0.5721698699214347,0.1083333333333333,188,1.4609375,19.831973115698517
Side Part,R,Male,0.6034914275087337,0.125,188,1.4596354166666667,21.31967213114754
Side Part,R,Male,0.5537286954261413,0.09375,189,1.2161458333333333,19.800995024875625
Side Part,R,Male,0.5975267099838393,0.1145833333333333,188,0.9713541666666669,19.50737463126844
Side Part,R,Male,0.5747715964852966,0.1125,192,1.1666666666666667,20.384542526993748
Side Part,S,Male,1.0172472467760971,0.1333333333333333,289,24.24609375,19.02030304043884
Side Part,S,Male,0.6133630218687736,0.15,292,23.51692708333333,20.375566056310294
Side Part,S,Male,0.5534732953085739,0.1645833333333333,291,23.02734375,20.018095676778312
Side Part,S,Male,0.5226175924206183,0.175,296,23.35546875,19.78106796116505
Side Part,S,Male,0.5225317426024435,0.175,288,24.80598958333333,19.80546849670377
Side Part,S,Male,0.520275268296233,0.1854166666666666,289,25.838541666666664,20.342706208833462
Side Part,S,Male,0.5305126379776282,0.1833333333333333,293,26.02734375,20.885969815539408
Side Part,S,Male,0.5317482951836496,0.1895833333333333,294,24.82421875,19.84004412575841
Side Part,S,Male,0.5141192965293984,0.18125,295,25.149739583333336,19.868922546647664
Side Part,S,Male,0.5042964108646864,0.16875,291,25.203125,19.832751898214653
Side Part,S,Male,0.4427520462479846,0.1541666666666666,252,3.623697916666667,37.43694380254683
Side Part,S,Male,0.4974103668584628,0.125,251,3.654947916666667,34.760788958698114
Side Part,S,Male,0.5171255917886682,0.1145833333333333,248,2.9674479166666665,34.72014211533206
Side Part,S,Male,0.5207068015140495,0.1125,251,3.15234375,35.4553327734621
Side Part,S,Male,0.585680787072753,0.15625,247,2.579427083333333,33.130519586064906
Side Part,S,Male,0.525569554243342,0.1104166666666666,248,3.067708333333333,34.458724402730375
Side Part,S,Male,0.5374996160083361,0.1125,248,3.220052083333333,34.275846946606734
Side Part,S,Male,0.5210636733554518,0.10625,250,2.94921875,33.22938434335316
Side Part,S,Male,0.5586175589614212,0.1291666666666666,251,3.236979166666667,35.31312292358804
Side Part,S,Male,0.5419609494362938,0.1208333333333333,250,2.71875,36.24993479054724
Side Part,R,Male,0.4385227950251819,0.1375,191,0.0,17.315059959507863
Side Part,R,Male,0.450318825838189,0.1375,192,0.0,18.573416840640224
Side Part,R,Male,0.548505312136803,0.1354166666666666,192,0.0,16.9385715384024
Side Part,R,Male,0.6338585697596704,0.1375,193,0.0,17.020678120723733
Side Part,R,Male,0.716338809240022,0.125,193,0.0,18.32185039370079
Side Part,R,Male,0.6995653732222179,0.11875,194,0.0,19.08137173798601
Side Part,R,Male,0.7351041777644999,0.1125,194,0.0,18.72892153188938
Side Part,R,Male,0.7478440786557583,0.1145833333333333,193,0.0,19.407385124464163
Side Part,R,Male,0.7463114231999537,0.1083333333333333,194,0.0,18.032445923460894
Side Part,R,Male,0.7535531101568137,0.1208333333333333,194,0.0,18.381489841986458
Side Part,R,Male,0.6891234171250517,-0.0833333333333333,236,19.944010416666664,14.740134744947063
Side Part,R,Male,0.7719488296812678,-0.0708333333333333,236,19.682291666666664,15.075598844781698
Side Part,R,Male,0.7314724728794441,-0.05625,235,19.16927083333333,14.27682737169518
Side Part,R,Male,0.688146449221772,-0.0583333333333333,236,19.37630208333333,14.072847682119203
Side Part,R,Male,0.6345908735135557,-0.0416666666666666,235,19.39192708333333,13.83482604202549
Side Part,R,Male,0.7491317819209602,-0.0020833333333333,235,19.423177083333336,15.39677145284622
Side Part,R,Male,0.777879242440288,-0.0041666666666666,237,19.2265625,14.901567007976466
Side Part,R,Male,0.8559789050578945,0.0208333333333333,237,19.697916666666668,14.19687955999551
Side Part,R,Male,0.789920875400763,0.0625,236,19.40234375,14.742822966507177
Side Part,R,Male,0.6360234285558258,0.1208333333333333,236,19.377604166666668,14.924991476304124
Side Part,R,Male,0.531809793527958,0.1458333333333333,194,5.30859375,28.617784152025816
Side Part,R,Male,0.5168201960781682,0.1104166666666666,193,5.06640625,31.854273535149197
Side Part,R,Male,0.5360028786122224,0.09375,193,4.799479166666667,28.6003094015892
Side Part,R,Male,0.6019912514285888,0.0979166666666666,194,4.920572916666666,28.91789224228061
Side Part,R,Male,0.5945204299334234,0.1125,196,4.583333333333333,30.020775623268698
Side Part,R,Male,0.5790685328234757,0.0979166666666666,194,4.641927083333333,27.76363636363636
Side Part,R,Male,0.6212537476473372,0.1208333333333333,194,5.259114583333333,30.600726858120144
Side Part,R,Male,0.5897230520996463,0.10625,194,5.055989583333333,28.29489468047126
Side Part,R,Male,0.5854423637135037,0.1020833333333333,194,5.712239583333333,28.119035837986853
Side Part,R,Male,0.587557037964724,0.1083333333333333,195,5.005208333333333,29.459627329192543
Side Part,S,Male,0.7541531086329457,0.1625,301,26.072916666666668,18.35792230467045
Side Part,S,Male,0.8164980957359089,0.15625,304,25.743489583333336,18.276703258407387
Side Part,S,Male,0.921916962288713,0.1395833333333333,302,25.252604166666664,18.162728900698976
Side Part,S,Male,0.6592068208795309,0.1333333333333333,312,24.360677083333336,18.11859256524579
Side Part,S,Male,0.5485393885214941,0.1520833333333333,303,24.95442708333333,18.31454977401785
Side Part,S,Male,0.706324556111433,0.3416666666666667,325,24.82552083333333,16.959720079347587
Side Part,S,Male,0.8190540628692238,0.4458333333333333,321,24.4140625,15.074525745257452
Side Part,S,Male,0.5096660519403604,0.1604166666666666,304,23.345052083333336,17.90445695989022
Side Part,S,Male,0.8231850904428021,0.4458333333333333,314,23.247395833333336,17.028611364673665
Side Part,S,Male,0.525284274774041,0.1729166666666666,303,22.2734375,17.87530562347188
Side Part,S,Male,0.5849127939480783,0.1625,220,0.1614583333333333,16.133757961783438
Side Part,S,Male,0.7013885174352611,0.1583333333333333,217,0.6106770833333333,15.88949548192771
Side Part,S,Male,0.7303705516338278,0.1583333333333333,217,0.5182291666666666,17.02760946967331
Side Part,S,Male,0.748000369099618,0.1541666666666666,215,0.8346354166666667,17.055651839014057
Side Part,S,Male,0.7309521696361093,0.1479166666666666,214,0.98828125,17.675739181515567
Side Part,S,Male,0.7305428624664616,0.15,213,0.41015625,16.30639466457434
Side Part,S,Male,0.7636788195551103,0.1645833333333333,212,0.3307291666666667,15.290265253735273
Side Part,S,Male,0.7236567393026349,0.14375,214,0.5911458333333334,16.35830236651672
Side Part,S,Male,0.7630744393332013,0.1645833333333333,213,0.3372395833333333,14.918435534591197
Side Part,S,Male,0.734595707892241,0.15,213,0.3880208333333333,15.685354165299024
Side Part,S,Male,0.5464583347941836,0.0833333333333333,213,6.888020833333333,12.10740354535975
Side Part,S,Male,0.5314199413841441,0.13125,215,6.423177083333333,12.466666666666669
Side Part,S,Male,0.553838993213502,0.13125,215,6.921875,13.291744645456436
Side Part,S,Male,0.5662529086351068,0.1354166666666666,215,5.984375,12.76322156930522
Side Part,S,Male,0.5709489277133422,0.1375,213,5.85546875,13.099917252792718
Side Part,S,Male,0.5476008062889364,0.1354166666666666,215,5.807291666666667,11.816513125995703
Side Part,S,Male,0.5313963352229305,0.1333333333333333,214,5.4921875,12.43480032599837
Side Part,S,Male,0.5373409443692638,0.13125,216,6.34765625,13.560513447432765
Side Part,S,Male,0.532597320159005,0.125,214,6.220052083333334,13.480097765363128
Side Part,S,Male,0.54102530979638,0.13125,213,6.561197916666667,13.04270462633452
Side Part,H,Male,0.5103295073834335,0.1416666666666666,234,12.350260416666666,12.857393542349088
Side Part,H,Male,0.5014416569950979,0.1333333333333333,236,11.34375,12.3164265129683
Side Part,H,Male,0.5300551964586444,0.15,234,9.64453125,12.928037545628367
Side Part,H,Male,0.5270923106792559,0.1479166666666666,234,9.260416666666666,12.451287404314543
Side Part,H,Male,0.4977412372689562,0.1416666666666666,236,8.209635416666666,11.385384570664495
Side Part,H,Male,0.5277639454469244,0.1520833333333333,234,7.875,12.540983606557376
Side Part,H,Male,0.5179518605026233,0.1458333333333333,233,8.135416666666668,12.575545851528384
Side Part,H,Male,0.5212028699235859,0.1583333333333333,233,7.65234375,13.613748241912798
Side Part,H,Male,0.530110063164019,0.1395833333333333,228,7.62890625,13.744302082050018
Side Part,H,Male,0.5337330763227097,0.1416666666666666,225,7.278645833333333,13.421052631578949
Side Part,H,Male,0.479434745337642,0.1416666666666666,251,10.174479166666666,11.07703777335984
Side Part,H,Male,0.4623269058098038,0.15625,254,9.4375,10.150968904912125
Side Part,H,Male,0.4660696622385232,0.1520833333333333,255,10.368489583333334,11.590909090909092
Side Part,H,Male,0.469626591270713,0.1604166666666666,255,10.096354166666668,9.1272370679088
Side Part,H,Male,0.4556762720536943,0.1541666666666666,253,9.104166666666668,9.551847972467456
Side Part,H,Male,0.4602357389915613,0.1583333333333333,255,9.315104166666668,9.0691685062546
Side Part,H,Male,0.4636042491974751,0.1583333333333333,255,9.42578125,9.109854123250969
Side Part,H,Male,0.4630872050632008,0.15625,253,9.204427083333332,9.38921651221567
Side Part,H,Male,0.4632858154728473,0.15625,253,8.782552083333334,10.7868860439079
Side Part,H,Male,0.4653499667854134,0.1541666666666666,257,8.428385416666668,10.835237493315184
Undercut,S,Male,0.4626488222394293,0.0375,183,2.8776041666666665,33.712654179990864
Undercut,S,Male,0.4299041231359173,0.025,180,2.5546875,33.13572986815897
Undercut,S,Male,0.4167844844420458,0.0208333333333333,178,2.321614583333333,32.56361017762842
Undercut,S,Male,0.4370153451439585,0.0333333333333333,182,2.430989583333333,34.87261146496815
Undercut,S,Male,0.4403156307085314,0.0354166666666666,181,2.5963541666666665,33.32427111652761
Undercut,S,Male,0.4451503863862918,0.0375,182,2.485677083333333,34.85473068578436
Undercut,S,Male,0.4497431489999029,0.0354166666666666,182,2.7408854166666665,33.3052504189164
Undercut,S,Male,0.4564208849385282,0.04375,182,2.669270833333333,33.70306370259667
Undercut,S,Male,0.4476971139447437,0.0333333333333333,179,2.60546875,34.79983163408475
Undercut,S,Male,0.4495340401281962,0.0375,179,2.5299479166666665,33.99515393386545
Undercut,S,Male,0.5471852031193584,0.1375,233,2.7252604166666665,26.14760716382854
Undercut,S,Male,0.533302014593752,0.1375,212,3.067708333333333,26.974856538810027
Undercut,S,Male,0.6067090173169308,0.2,234,2.692708333333333,25.423014814294746
Undercut,S,Male,0.5205887761562631,0.1395833333333333,211,2.298177083333333,27.817492754700154
Undercut,S,Male,0.5217635303865589,0.14375,224,1.9140625,24.66937485894832
Undercut,S,Male,0.5289142298923613,0.1458333333333333,223,2.165364583333333,28.003678126407447
Undercut,S,Male,0.5010269944089865,0.125,209,1.9309895833333333,27.218776004236325
Undercut,S,Male,0.4936315554163663,0.1229166666666666,209,1.8893229166666667,27.76408314658836
Undercut,S,Male,0.5055392447686426,0.1229166666666666,208,1.9505208333333333,26.71766342141864
Undercut,S,Male,0.4993645282704507,0.1166666666666666,209,1.85546875,27.25732848634852
Undercut,D,Male,0.593711724011512,0.05,207,10.901041666666666,18.621241991128635
Undercut,D,Male,0.5940960908303758,0.0833333333333333,198,11.557291666666666,17.526419267633326
Undercut,D,Male,0.5844644159583455,0.13125,199,10.794270833333334,16.797879177377894
Undercut,D,Male,0.578015671623687,0.1333333333333333,203,9.854166666666666,17.773030184241474
Undercut,D,Male,0.585269352952641,0.1291666666666666,202,10.01171875,16.401256161551917
Undercut,D,Male,0.5428702465047245,0.1145833333333333,200,10.651041666666666,17.185373452488317
Undercut,D,Male,0.5689511782397744,0.1291666666666666,197,10.244791666666666,18.66111387369468
Undercut,D,Male,0.570028707660541,0.1229166666666666,200,9.31640625,19.215928765767995
Undercut,D,Male,0.5764998688454929,0.1208333333333333,199,10.4296875,17.946339017051155
Undercut,D,Male,0.5776831703698928,0.125,199,10.665364583333334,17.38540807914262
Undercut,D,Male,0.46270677987385,0.0604166666666666,182,11.662760416666666,35.929987717143355
Undercut,D,Male,0.5138683032864406,0.0666666666666666,183,11.251302083333334,42.18651211801897
Undercut,D,Male,0.5175000433992869,0.0583333333333333,183,12.0546875,42.74920042643923
Undercut,D,Male,0.5112841455034278,0.05625,182,12.186197916666666,40.63899045750468
Undercut,D,Male,0.5177244113891836,0.0645833333333333,184,12.4609375,41.416409351565946
Undercut,D,Male,0.5275638541199403,0.0770833333333333,185,11.489583333333334,42.31585788561525
Undercut,D,Male,0.495763907888515,0.0520833333333333,184,11.854166666666668,41.88384408368782
Undercut,D,Male,0.5124691886922872,0.0625,183,11.444010416666666,42.114622766088566
Undercut,D,Male,0.514302313757053,0.0604166666666666,182,11.166666666666666,42.26877851877852
Undercut,D,Male,0.5114879247608057,0.0666666666666666,183,10.580729166666666,41.1619530416222
Undercut,D,Male,1.1291677381049203,0.4083333333333333,190,11.358072916666668,17.270015318874467
Undercut,D,Male,0.6068198536077408,0.1104166666666666,191,10.463541666666666,19.10562929793699
Undercut,D,Male,0.6676403430189178,0.1395833333333333,194,11.014322916666666,18.40532981120348
Undercut,D,Male,0.6452985690854609,0.1354166666666666,195,9.592447916666668,17.87466150870406
Undercut,D,Male,0.6161370129597001,0.125,193,9.330729166666666,19.000626811878085
Undercut,D,Male,0.6212418945483319,0.11875,192,8.752604166666666,18.74583663758921
Undercut,D,Male,0.6258211864188993,0.1291666666666666,193,8.154947916666666,16.57720761844798
Undercut,D,Male,0.625935805241637,0.1208333333333333,191,8.428385416666668,18.318383870455627
Undercut,D,Male,0.6248021574313727,0.11875,192,8.64453125,17.834730538922155
Undercut,D,Male,0.6065205434714572,0.1145833333333333,192,8.264322916666666,18.429507931369372
Undercut,R,Male,0.6030590381999782,0.0958333333333333,174,4.854166666666666,19.99116525620757
Undercut,R,Male,0.6361661742209721,0.09375,174,4.873697916666667,19.6961894953656
Undercut,R,Male,0.6548470529284036,0.1020833333333333,174,5.348958333333333,20.367790470883254
Undercut,R,Male,1.3939619289111762,0.4458333333333333,176,5.18359375,19.90496401550101
Undercut,R,Male,0.6542382182239431,0.0979166666666666,174,5.139322916666666,18.947441473119277
Undercut,R,Male,1.319967369300763,0.4291666666666666,174,5.10546875,20.468069329873018
Undercut,R,Male,0.6220293495934679,0.0916666666666666,174,4.32421875,20.563757150765824
Undercut,R,Male,0.656474716482683,0.1041666666666666,176,4.06640625,20.6484375
Undercut,R,Male,1.3710208804577484,0.4541666666666666,177,3.592447916666667,19.825072886297377
Undercut,R,Male,1.36947991004866,0.4479166666666667,176,3.5390625,19.75753780084101
Undercut,R,Male,0.5868184944868748,0.0854166666666666,178,1.984375,19.613640405477504
Undercut,R,Male,0.6276712660835077,0.09375,177,2.424479166666667,21.61796536796537
Undercut,R,Male,0.6535153460327155,0.1125,177,2.569010416666667,20.07892125913232
Undercut,R,Male,1.3523087937904568,0.4479166666666667,175,2.696614583333333,20.139453019225563
Undercut,R,Male,0.6240507426086102,0.0875,176,2.635416666666667,20.001379310344827
Undercut,R,Male,0.5973268957885808,0.0833333333333333,178,1.7968749999999998,20.80226904376013
Undercut,R,Male,0.608929097577423,0.0833333333333333,177,2.1861979166666665,20.34757911820395
Undercut,R,Male,0.6098943510813577,0.0875,177,1.9010416666666663,19.894750985309926
Undercut,R,Male,1.3282131850030747,0.4520833333333333,179,1.3489583333333333,21.151021139376567
Undercut,R,Male,0.6388188020461314,0.1,177,1.6184895833333337,19.571364452423698
Undercut,R,Male,0.5084746296588091,0.10625,196,4.58203125,32.19044170890659
Undercut,R,Male,0.5686355966087413,0.1458333333333333,198,4.173177083333333,30.30260047281324
Undercut,R,Male,0.5261761845955761,0.1270833333333333,197,3.5690104166666665,30.078040068333596
Undercut,R,Male,0.5185944508818181,0.1229166666666666,197,3.860677083333333,33.245354893881675
Undercut,R,Male,0.5393328850023841,0.125,198,3.6497395833333335,33.99867374005305
Undercut,R,Male,0.5243183213797392,0.1270833333333333,197,3.7721354166666665,32.275188323917135
Undercut,R,Male,0.5224800216295369,0.1291666666666666,197,3.7408854166666665,32.28
Undercut,R,Male,0.5446038757077916,0.1395833333333333,197,3.5729166666666665,33.30246189917937
Undercut,R,Male,0.5257691550239975,0.13125,197,3.516927083333333,32.21284446887022
Undercut,R,Male,0.5125036773615506,0.1229166666666666,197,2.872395833333333,32.91426541406805
Undercut,S,Male,0.5015712516072682,0.0020833333333333,190,13.371093749999998,34.582191780821915
Undercut,S,Male,0.5221382486144265,0.0583333333333333,190,13.416666666666666,37.16546762589928
Undercut,S,Male,0.5151794922433509,0.1125,189,13.25390625,36.999571734475374
Undercut,S,Male,0.5190847403489675,0.1104166666666666,189,13.104166666666666,39.20350907669591
Undercut,S,Male,0.6672427175025448,0.1854166666666666,188,13.127604166666668,38.28466193107077
Undercut,S,Male,0.5303057618475431,0.1125,188,13.098958333333332,38.4375
Undercut,S,Male,0.531012788875076,0.1104166666666666,188,13.08203125,36.71431061530416
Undercut,S,Male,0.52307870097138,0.1041666666666666,189,12.96484375,37.59391080617496
Undercut,S,Male,0.5324031460219922,0.1083333333333333,188,13.11328125,37.60131578947368
Undercut,S,Male,0.5210870110948517,0.10625,188,12.819010416666668,37.28229027962716
Undercut,S,Male,0.581884814959892,0.1520833333333333,207,6.149739583333334,21.7175572519084
Undercut,S,Male,0.5994904904857307,0.14375,206,6.23828125,23.187083585705636
Undercut,S,Male,0.5785649244428596,0.1375,206,7.15625,22.56084494106842
Undercut,S,Male,0.5989529193819318,0.15,205,7.19140625,22.337928897839053
Undercut,S,Male,0.6219873470212572,0.1625,205,7.571614583333333,22.425928828970054
Undercut,S,Male,0.573846581837515,0.1333333333333333,204,7.516927083333333,22.8930669800235
Undercut,S,Male,0.6185204120437872,0.1583333333333333,206,7.251302083333333,22.73108584868679
Undercut,S,Male,0.6164214742296429,0.1583333333333333,205,6.416666666666666,23.70617955693743
Undercut,S,Male,0.6220314393968037,0.1520833333333333,202,6.579427083333334,23.06920442780919
Undercut,S,Male,0.6071470573434392,0.15,202,6.510416666666667,23.502865329512893
Undercut,O,Male,0.4663478460780564,-0.0125,213,16.6171875,38.346294773050175
Undercut,O,Male,0.4757762781108364,-0.0020833333333333,213,16.591145833333336,38.06590151795631
Undercut,O,Male,0.58260299084367,-0.0083333333333333,208,16.440104166666668,38.884834663626
Undercut,O,Male,0.6344507112330652,0.0291666666666666,211,16.484375,37.13703343555988
Undercut,O,Male,0.5159365418409327,0.0916666666666666,213,16.5546875,37.852895264996654
Undercut,O,Male,0.5055687102738405,0.1083333333333333,212,16.40234375,38.93115267118694
Undercut,O,Male,0.5000995947346498,0.1145833333333333,209,16.444010416666664,38.03729146221786
Undercut,O,Male,0.5039983637413393,0.125,210,16.33984375,39.01249053747161
Undercut,O,Male,0.4970869153081269,0.1229166666666666,210,16.3359375,38.040479421076434
Undercut,O,Male,0.4980423387532443,0.125,210,16.274739583333332,38.97978497880073
Undercut,O,Male,0.4432144126297241,0.1354166666666666,236,14.111979166666666,20.06045379602732
Undercut,O,Male,0.5654802236964204,0.1645833333333333,237,14.208333333333334,21.375232630272954
Undercut,O,Male,0.6216688104852027,0.1208333333333333,238,14.196614583333334,22.554795585263484
Undercut,O,Male,0.4434621964621368,0.1125,234,13.838541666666668,21.43985322271857
Undercut,O,Male,0.3491352553981757,0.1125,235,13.640625,21.94822888283379
Undercut,O,Male,0.3598132206485633,0.14375,237,13.686197916666668,21.824869482676792
Undercut,O,Male,0.3870880038829178,0.1854166666666666,238,13.970052083333334,21.73183711244794
Undercut,O,Male,0.3834485267359309,0.1916666666666666,240,14.131510416666668,21.8327239488117
Undercut,O,Male,0.3394589171627934,0.15,240,13.799479166666668,20.673017587164452
Undercut,O,Male,0.3450191777004276,0.1458333333333333,236,13.858072916666666,22.356823002592503
Undercut,S,Male,0.5166666666666667,0.1895833333333333,185,0.6067708333333333,22.679388653829548
Undercut,S,Male,0.5660866826231357,0.0729166666666666,187,0.2291666666666666,23.33333333333333
Undercut,S,Male,0.5916261679096041,0.0770833333333333,187,0.1184895833333333,22.5581098339719
Undercut,S,Male,0.5702306952018962,0.0729166666666666,187,0.0,20.649128950363306
Undercut,S,Male,0.5748594112666341,0.0770833333333333,187,0.0,23.008507347254447
Undercut,S,Male,0.5744821408084094,0.0708333333333333,187,0.0,21.91933418693982
Undercut,S,Male,0.5283689865704431,0.0583333333333333,188,0.0,23.07981018119068
Undercut,S,Male,0.5650913779225591,0.0729166666666666,187,0.0,22.09811127254081
Undercut,S,Male,0.5488965746783457,0.0604166666666666,186,0.0,20.55838231423809
Undercut,S,Male,0.5560005501388328,0.0645833333333333,186,0.0,22.62775942986268
Undercut,D,Male,0.6886461233365072,0.0291666666666666,222,14.141927083333334,9.66375906170802
Undercut,D,Male,0.6168006152415884,0.0979166666666666,223,13.365885416666668,9.951923076923077
Undercut,D,Male,0.6151853465970899,0.1166666666666666,223,12.893229166666668,11.056313698393504
Undercut,D,Male,0.6091763031989763,0.1145833333333333,221,11.942708333333334,9.200953558184708
Undercut,D,Male,0.623348136346463,0.11875,223,9.640625,10.222133394243947
Undercut,D,Male,0.9266387867233944,0.3041666666666666,222,10.13671875,9.7589092398619
Undercut,D,Male,0.631859553462366,0.1229166666666666,223,9.028645833333334,9.94790762285119
Undercut,D,Male,0.6251023430221851,0.1104166666666666,219,10.268229166666666,10.39967373572594
Undercut,D,Male,0.6240201656193017,0.1104166666666666,214,11.125,12.16756056963196
Undercut,D,Male,0.6184421540810676,0.1083333333333333,215,9.876302083333334,10.00632911392405
Undercut,D,Male,0.6014420956827737,0.1791666666666666,212,10.040364583333334,25.53438975050573
Undercut,D,Male,0.5670005923630141,0.1520833333333333,211,9.704427083333334,25.338706386451744
Undercut,D,Male,0.5680967376195953,0.1625,212,9.807291666666666,25.971434292197824
Undercut,D,Male,0.5510797603983981,0.1583333333333333,214,7.415364583333334,24.84727536614329
Undercut,D,Male,0.5467143370812801,0.1520833333333333,215,6.9453125,24.31115767417496
Undercut,D,Male,0.5555916287718853,0.15625,215,7.06640625,25.410037941822537
Undercut,D,Male,0.5878207207571792,0.1770833333333333,214,7.203125000000001,23.652272273604364
Undercut,D,Male,0.5729289884505828,0.1708333333333333,214,6.822916666666666,24.44760820045558
Undercut,D,Male,0.5429275282921244,0.1479166666666666,213,6.583333333333333,25.375593129719977
Undercut,D,Male,0.544708394812302,0.1458333333333333,214,4.908854166666667,25.44174952969632
Undercut,D,Male,0.5294149895455947,0.10625,225,14.388020833333334,13.716563485574117
Undercut,D,Male,0.5441188373547188,0.1208333333333333,225,13.619791666666666,13.482445196934592
Undercut,D,Male,0.5309400254519411,0.1125,225,12.9765625,13.257660412868317
Undercut,D,Male,0.559896934803114,0.1333333333333333,226,12.7890625,14.911584476218266
Undercut,D,Male,0.5675841963155118,0.1375,226,12.02734375,13.79780309194467
Undercut,D,Male,0.5324050113762578,0.1041666666666666,224,13.53125,13.710674668121476
Undercut,D,Male,0.5413308883760037,0.1125,220,13.515625,13.430287108275474
Undercut,D,Male,0.5195406090278974,0.1104166666666666,225,10.43359375,13.591408591408593
Undercut,D,Male,0.5519141624570967,0.1229166666666666,224,9.80078125,13.746957192899128
Undercut,D,Male,0.5264365339642014,0.10625,225,9.940104166666666,15.11211959423385
Undercut,S,Male,0.5082486962348188,0.1166666666666666,242,22.99609375,24.178106751357443
Undercut,S,Male,0.5608172147709078,0.1708333333333333,248,22.96223958333333,24.87804878048781
Undercut,S,Male,0.5534106078651465,0.1729166666666666,243,22.709635416666664,26.01802352222392
Undercut,S,Male,0.5472949747532077,0.16875,240,22.873697916666664,26.279408807560827
Undercut,S,Male,0.5263379977518327,0.1541666666666666,246,23.00390625,26.513219901780843
Undercut,S,Male,0.5408854785402768,0.1666666666666666,246,22.34375,27.010931962262266
Undercut,S,Male,0.5381197633921397,0.16875,246,22.09765625,24.46465775699985
Undercut,S,Male,0.5364764985335361,0.1645833333333333,246,22.471354166666664,23.90505665651675
Undercut,S,Male,0.5430275685478568,0.16875,248,22.20703125,26.25688871700667
Undercut,S,Male,0.5227925177657814,0.1583333333333333,247,21.75390625,26.027828310143075
Undercut,S,Male,0.4172658542622386,0.1416666666666666,224,7.548177083333334,24.76381711974837
Undercut,S,Male,0.5005675289533406,0.1229166666666666,226,7.544270833333333,23.80324828593908
Undercut,S,Male,0.5259897911393585,0.1229166666666666,226,5.908854166666667,23.36636419306352
Undercut,S,Male,0.5416487494559669,0.13125,223,6.240885416666667,24.871304645588403
Undercut,S,Male,0.5479769160417878,0.13125,223,5.891927083333334,26.20416478044364
Undercut,S,Male,0.5382042531824098,0.1291666666666666,223,5.619791666666667,23.58307192471432
Undercut,S,Male,0.5280185266066727,0.1208333333333333,225,5.9765625,26.40963310531969
Undercut,S,Male,0.545213575454668,0.1333333333333333,225,5.549479166666667,27.189382110194067
Undercut,S,Male,0.534631911690515,0.1270833333333333,226,5.282552083333333,26.773096699286786
Undercut,S,Male,1.0981334882559957,0.5395833333333333,228,4.192708333333333,23.976769911504423
Undercut,H,Male,0.394684610388028,0.125,167,0.0,38.84805903760615
Undercut,H,Male,0.4903665679801564,0.1229166666666666,166,0.0,37.846083324844656
Undercut,H,Male,0.5780166753167317,0.1145833333333333,165,0.0,38.9343408025013
Undercut,H,Male,0.6426363872130696,0.1166666666666666,165,0.0,39.947501049979
Undercut,H,Male,0.6552155993505261,0.1166666666666666,165,0.0442708333333333,39.33482421468692
Undercut,H,Male,0.6552990156991881,0.11875,165,0.0091145833333333,40.5663633511139
Undercut,H,Male,0.6457034775832232,0.1125,166,0.0,38.11691022964509
Undercut,H,Male,0.6499699103980359,0.1166666666666666,166,0.0,39.005536190280914
Undercut,H,Male,1.344027343827822,0.4541666666666666,167,0.0,38.2751976284585
Undercut,H,Male,1.2853172709882348,0.4229166666666666,171,0.0,37.82404232389536
Undercut,H,Male,0.5294665019388369,0.125,238,13.149739583333334,26.63620597652081
Undercut,H,Male,0.4875871912193478,0.1583333333333333,238,13.60546875,26.637502485583614
Undercut,H,Male,0.5025133560196259,0.1875,240,11.354166666666666,25.83048552453414
Undercut,H,Male,0.4845537756837189,0.15625,238,12.580729166666666,26.88187265424376
Undercut,H,Male,0.5108622830301291,0.1854166666666666,234,13.026041666666666,26.987041036717063
Undercut,H,Male,0.5170746155799265,0.1916666666666666,238,12.515625,26.72170577910681
Undercut,H,Male,0.5172511256695924,0.1958333333333333,236,13.509114583333334,25.893050297458085
Undercut,H,Male,0.4831423948840619,0.1708333333333333,237,12.46875,27.454287411710343
Undercut,H,Male,0.4913220639981206,0.1583333333333333,236,12.88671875,27.0475113122172
Undercut,H,Male,0.5152329546835853,0.1895833333333333,237,12.69921875,26.918142745506643
Textured Quiff,S,Male,0.7020067065102455,0.16875,281,31.613281250000004,8.69262842956267
Textured Quiff,S,Male,0.6704271161031649,0.1791666666666666,282,30.88411458333333,8.923029366306027
Textured Quiff,S,Male,0.6647549607327528,0.175,281,29.397135416666664,7.872758802217199
Textured Quiff,S,Male,0.6685885129731137,0.175,282,29.856770833333336,8.263852486818168
Textured Quiff,S,Male,0.6376487123610419,0.15625,283,28.16145833333333,8.619541080680976
Textured Quiff,S,Male,0.6683223132669344,0.1729166666666666,281,28.013020833333336,8.417950621867458
Textured Quiff,S,Male,0.6692213531057657,0.16875,279,27.986979166666664,8.652839882028351
Textured Quiff,S,Male,0.6513677036934068,0.1625,281,27.80208333333333,8.033195410946023
Textured Quiff,S,Male,0.6510558563477238,0.15625,281,28.197916666666668,9.182497133471752
Textured Quiff,S,Male,0.6785500726951718,0.1791666666666666,280,29.022135416666668,8.876331029329348
Textured Quiff,R,Male,1.172393865078149,0.4916666666666666,239,17.016927083333332,17.616449407668465
Textured Quiff,R,Male,0.638650524068546,0.1645833333333333,238,17.307291666666664,16.55604311336429
Textured Quiff,R,Male,0.6878109729929213,0.1708333333333333,239,16.91015625,17.995674116798845
Textured Quiff,R,Male,0.6759503843211255,0.1708333333333333,240,17.407552083333332,16.504888851746614
Textured Quiff,R,Male,0.6858510918888723,0.16875,238,17.1875,17.74996839843256
Textured Quiff,R,Male,0.9728004380827492,0.3770833333333333,239,14.415364583333334,17.38317757009346
Textured Quiff,R,Male,0.9618752464972372,0.3645833333333333,235,16.7109375,18.969787253852243
Textured Quiff,R,Male,0.6690588741772804,0.15625,236,16.817708333333332,18.32294236375869
Textured Quiff,R,Male,1.1697965199490503,0.51875,238,16.450520833333336,17.51
Textured Quiff,R,Male,1.0528287775818606,0.4416666666666666,238,16.190104166666668,18.098051052086927
Textured Quiff,S,Male,0.7406883359184613,0.1916666666666666,264,20.924479166666668,11.009958109796427
Textured Quiff,S,Male,1.0446414897125085,0.6125,270,19.369791666666668,11.45786674132139
Textured Quiff,S,Male,0.6342983192320856,0.2208333333333333,268,20.78645833333333,12.48116078545033
Textured Quiff,S,Male,0.5905293209278761,0.2083333333333333,268,20.48177083333333,11.40968369479069
Textured Quiff,S,Male,1.057106354140464,0.6104166666666667,269,23.1640625,11.94010889292196
Textured Quiff,S,Male,1.0550418475169103,0.60625,268,22.209635416666668,11.939374533034476
Textured Quiff,S,Male,1.0444812216296842,0.6083333333333333,268,22.0859375,12.099332812832706
Textured Quiff,S,Male,1.0337069962956609,0.6104166666666667,266,22.338541666666668,11.570401769259124
Textured Quiff,S,Male,0.5916343405806388,0.2041666666666666,268,23.234375,12.008180109805078
Textured Quiff,O,Male,0.910612887510522,0.125,227,7.363281250000001,10.500695768695564
Textured Quiff,O,Male,0.8776636126297438,0.11875,225,4.399739583333333,10.107404866205732
Textured Quiff,O,Male,0.9089278371095773,0.125,224,4.194010416666667,10.252883292773252
Textured Quiff,O,Male,0.8960430700770238,0.1229166666666666,221,3.962239583333333,10.87568058076225
Textured Quiff,O,Male,0.8976349034786418,0.11875,221,2.91796875,10.600334718998004
Textured Quiff,O,Male,0.8910470357482786,0.11875,221,2.717447916666667,10.864036517769808
Textured Quiff,O,Male,0.888587385475261,0.1145833333333333,222,2.3046875,10.163551401869158
Textured Quiff,O,Male,0.9156897772545848,0.1229166666666666,221,2.3307291666666665,10.48002401484554
Textured Quiff,O,Male,0.8878365905655885,0.1104166666666666,219,2.216145833333333,10.9011137360783
Textured Quiff,O,Male,0.8958737157442958,0.1145833333333333,217,1.9661458333333333,10.978784956605592
Textured Quiff,S,Male,1.9269929036521145,0.4270833333333333,308,25.75,26.000493766201703
Textured Quiff,S,Male,0.6613184673030199,0.20625,304,25.62239583333333,26.36952422172072
Textured Quiff,S,Male,0.4914330438089883,0.19375,308,26.134114583333336,26.693535813402352
Textured Quiff,S,Male,0.4927487999157942,0.2041666666666666,306,25.72005208333333,27.004683109584764
Textured Quiff,S,Male,0.5337466033991745,0.2645833333333333,308,25.162760416666668,26.453454377596557
Textured Quiff,S,Male,0.4786896691731541,0.2,305,26.26953125,26.168820982619064
Textured Quiff,S,Male,0.7960782459754058,0.5,310,25.59375,26.605407622412923
Textured Quiff,S,Male,0.5233345673589843,0.2479166666666666,309,24.74609375,27.40956497228225
Textured Quiff,S,Male,0.8636011647614363,0.55625,298,25.18359375,26.827295942495034
Textured Quiff,S,Male,0.4800360615635334,0.1895833333333333,298,23.915364583333336,26.48803226659614
Textured Quiff,S,Male,0.4799648011961653,0.2625,302,17.640625,13.590181149908112
Textured Quiff,S,Male,0.4824480633873366,0.2666666666666666,302,17.0625,13.729080085364483
Textured Quiff,S,Male,0.4563351368457451,0.2416666666666666,303,16.8125,14.080801695608525
Textured Quiff,S,Male,0.4909055430688071,0.2666666666666666,302,15.915364583333332,14.107656770675552
Textured Quiff,S,Male,0.4801956505394198,0.2541666666666666,301,14.67578125,13.137281188953157
Textured Quiff,S,Male,0.8393728652574433,0.6458333333333334,299,14.694010416666666,13.859224226705823
Textured Quiff,S,Male,0.4880444209978658,0.2645833333333333,300,13.3671875,14.229954555957791
Textured Quiff,S,Male,0.4889437030850856,0.2666666666666666,299,13.416666666666666,15.18055608968196
Textured Quiff,S,Male,0.4795480033024205,0.2520833333333333,299,13.243489583333334,14.583268843832224
Textured Quiff,S,Male,0.47444674073855,0.2479166666666666,300,13.962239583333332,14.776782281012077
Textured Quiff,S,Male,0.3868732672600898,0.08125,282,21.55598958333333,27.028846153846157
Textured Quiff,S,Male,0.4269495188954647,0.0895833333333333,283,20.5859375,26.42055284302795
Textured Quiff,S,Male,0.4098866579095063,0.06875,283,20.442708333333336,26.74968437966257
Textured Quiff,S,Male,0.4103669124367783,0.0666666666666666,280,20.421875,26.59350922250759
Textured Quiff,S,Male,0.4303073682163437,0.0875,280,20.204427083333336,25.940671656412867
Textured Quiff,S,Male,0.4198912136574533,0.0666666666666666,288,19.97395833333333,27.10036962237549
Textured Quiff,S,Male,0.4800089270521419,0.1145833333333333,282,19.92317708333333,26.178818317228732
Textured Quiff,S,Male,0.4700211670207806,0.1166666666666666,283,19.7890625,26.32957521922332
Textured Quiff,S,Male,0.4385014800924545,0.0875,279,19.44921875,25.31275496328529
Textured Quiff,S,Male,0.4746245122676856,0.11875,279,19.080729166666664,26.17256383831444
Textured Quiff,R,Male,0.5203990010323624,0.1666666666666666,317,8.48046875,24.167127326331308
Textured Quiff,R,Male,0.5154190354003492,0.1354166666666666,321,8.075520833333332,24.516270224583437
Textured Quiff,R,Male,0.4410186567999047,0.1291666666666666,322,7.58203125,24.770667567816652
Textured Quiff,R,Male,0.4020762390743937,0.1458333333333333,319,7.447916666666667,24.8342689120556
Textured Quiff,R,Male,0.3861847070026434,0.1375,327,8.166666666666666,23.71739335153969
Textured Quiff,R,Male,0.3738076992683338,0.15,316,8.380208333333334,24.26699594173719
Textured Quiff,R,Male,0.3798453905878901,0.15,330,7.415364583333334,24.36783526414751
Textured Quiff,R,Male,0.3743794211089003,0.1520833333333333,334,6.692708333333333,24.21215257694298
Textured Quiff,R,Male,0.3898778878709012,0.15,331,6.5625,23.558886047872832
Textured Quiff,R,Male,0.3711926055110394,0.14375,325,6.880208333333333,23.95893472390353
Textured Quiff,R,Male,0.2858770432613091,0.0583333333333333,243,8.036458333333334,14.343417483830589
Textured Quiff,R,Male,0.775,0.2375,254,8.09765625,15.241823462558404
Textured Quiff,R,Male,0.6475926223844691,0.09375,254,7.709635416666667,14.32514085082061
Textured Quiff,R,Male,0.6256611888341401,0.0875,243,7.434895833333334,14.208870054126631
Textured Quiff,R,Male,0.6289612734727597,0.0875,242,7.278645833333333,14.891456138123653
Textured Quiff,R,Male,0.6868697950469875,0.1229166666666666,262,7.553385416666666,15.04508399209486
Textured Quiff,R,Male,0.7251876372547239,0.1395833333333333,267,7.6328125,14.92688065435618
Textured Quiff,R,Male,0.7049132658631424,0.1291666666666666,263,7.713541666666666,15.536046655912644
Textured Quiff,R,Male,0.7208093946870647,0.1416666666666666,267,7.115885416666666,14.91209476309227
Textured Quiff,R,Male,0.6961074526347861,0.1229166666666666,261,6.989583333333334,14.363617156137757
Textured Quiff,H,Male,0.5790135558104527,0.0270833333333333,209,13.076822916666666,12.460481746330448
Textured Quiff,H,Male,0.6927770472845017,0.0458333333333333,207,13.6171875,12.389617587289855
Textured Quiff,H,Male,0.755232372752378,0.1166666666666666,209,11.279947916666666,11.459410059246188
Textured Quiff,H,Male,0.750611086321007,0.1416666666666666,212,9.536458333333334,12.291602866417591
Textured Quiff,H,Male,0.7533643853933871,0.1395833333333333,213,9.825520833333332,11.831501831501832
Textured Quiff,H,Male,0.7572477974312435,0.1395833333333333,214,7.196614583333333,11.162644469728724
Textured Quiff,H,Male,0.752279801044164,0.1395833333333333,210,4.243489583333333,10.56444199301342
Textured Quiff,H,Male,0.7568013571282005,0.1354166666666666,207,2.86328125,11.77239965204424
Textured Quiff,H,Male,0.7476362838991819,0.1229166666666666,203,2.329427083333333,11.87568157033806
Textured Quiff,H,Male,0.8015037071368479,0.13125,203,3.4205729166666665,12.25607353906763
Textured Quiff,H,Male,0.6703311072827857,0.075,267,22.23567708333333,10.295132234572634
Textured Quiff,H,Male,0.603378558147039,0.0833333333333333,269,20.928385416666668,10.794615859804273
Textured Quiff,H,Male,0.5996880242460884,0.0916666666666666,256,16.493489583333336,7.35764385200944
Textured Quiff,H,Male,0.5875944876991985,0.0833333333333333,250,13.708333333333334,8.83032616238723
Textured Quiff,H,Male,0.5942660494815618,0.0916666666666666,258,15.243489583333334,10.811877215274526
Textured Quiff,H,Male,0.5936860045525301,0.0916666666666666,271,13.432291666666666,12.209944751381215
Textured Quiff,H,Male,0.601209190507341,0.0854166666666666,267,12.486979166666666,11.441931560435226
Textured Quiff,H,Male,0.587101790143578,0.0833333333333333,258,13.759114583333334,11.699462420123744
Textured Quiff,H,Male,0.5960580334111361,0.0791666666666666,266,12.895833333333334,11.411836609962313
Textured Quiff,H,Male,0.5885510123098198,0.0875,264,11.298177083333332,12.869286744240636
Textured Quiff,H,Male,0.6985711167434373,0.01875,202,9.420572916666666,13.361597563507996
Textured Quiff,H,Male,0.8063163728748952,0.0416666666666666,203,9.088541666666666,11.97058209889422
Textured Quiff,H,Male,0.8630741513101051,0.0708333333333333,201,8.649739583333334,12.502684131415077
Textured Quiff,H,Male,0.7896042168698484,0.1,198,9.259114583333334,11.574074074074074
Textured Quiff,H,Male,0.77382488879713,0.1333333333333333,197,10.4296875,12.990178113318184
Textured Quiff,H,Male,0.7695097029442399,0.1333333333333333,194,10.341145833333334,12.214443625644805
Textured Quiff,H,Male,0.7511725419806945,0.1291666666666666,198,10.248697916666668,12.67126770795496
Textured Quiff,H,Male,0.7406622507639459,0.1229166666666666,193,10.610677083333334,12.463746779536253
Textured Quiff,H,Male,0.7485306614988345,0.1166666666666666,189,12.213541666666666,12.204325816843074
Textured Quiff,H,Male,0.7336131099489975,0.1145833333333333,191,11.776041666666668,12.594036697247706
Textured Quiff,O,Male,0.8102144318152891,0.16875,205,2.821614583333333,12.671113689095128
Textured Quiff,O,Male,0.8116264984642395,0.1354166666666666,201,2.62109375,13.249134043526569
Textured Quiff,O,Male,0.7427989876260854,0.1229166666666666,204,3.0703125,12.845802025481868
Textured Quiff,O,Male,0.7893792079973079,0.14375,202,1.62890625,12.130954714761812
Textured Quiff,O,Male,0.7345347598576238,0.1208333333333333,201,0.7734375,12.292828685258964
Textured Quiff,O,Male,0.7447853848553209,0.125,201,1.30859375,11.748244734202608
Textured Quiff,O,Male,0.736802199688777,0.1229166666666666,200,1.5260416666666667,11.884359680343833
Textured Quiff,O,Male,0.7524773973595651,0.1229166666666666,198,2.296875,12.092244619063887
Textured Quiff,O,Male,0.7669762756513341,0.1291666666666666,199,0.9192708333333334,12.948486670675486
Textured Quiff,O,Male,0.7547965711925071,0.1291666666666666,198,1.2018229166666667,11.845453923513716
Textured Quiff,D,Male,0.7400021184996124,0.1395833333333333,219,7.764322916666666,11.668560832635483
Textured Quiff,D,Male,0.7654206467660378,0.1416666666666666,211,8.403645833333332,11.220614828209763
Textured Quiff,D,Male,0.7927965234134188,0.1604166666666666,217,7.165364583333334,11.31036305956997
Textured Quiff,D,Male,0.7588958057458219,0.14375,216,6.983072916666666,11.167330203814844
Textured Quiff,D,Male,0.7473660260834267,0.1458333333333333,213,5.3515625,10.96725395977932
Textured Quiff,D,Male,0.7589536223681193,0.14375,216,5.053385416666667,11.294616562610438
Textured Quiff,D,Male,0.7315461877877009,0.13125,212,5.055989583333333,10.48410535876476
Textured Quiff,D,Male,0.7595102531137381,0.1458333333333333,211,4.615885416666667,11.068808729918157
Textured Quiff,D,Male,0.7641108462325942,0.1375,211,3.5143229166666665,11.22062423500612
Textured Quiff,D,Male,0.7718818874831046,0.1354166666666666,209,3.66015625,11.42364161124357
Textured Quiff,D,Male,0.7520909319307618,0.1291666666666666,201,2.294270833333333,11.74847652849394
Textured Quiff,D,Male,0.7864905593901892,0.1333333333333333,201,2.6640625,11.625983457736536
Textured Quiff,D,Male,0.7985484797654846,0.1333333333333333,201,2.645833333333333,12.664756446991404
Textured Quiff,D,Male,0.7851533301753914,0.1270833333333333,198,3.1015625,13.283429040196882
Textured Quiff,D,Male,0.8003030164388752,0.1270833333333333,198,1.9270833333333333,12.967570874974506
Textured Quiff,D,Male,0.7561876739949278,0.11875,202,0.7369791666666667,11.814737830226631
Textured Quiff,D,Male,0.7973197297256249,0.1354166666666666,199,0.5950520833333334,12.58856411637931
Textured Quiff,D,Male,0.8129758167502729,0.1354166666666666,197,0.7434895833333334,11.68235294117647
Textured Quiff,D,Male,0.7942879113721875,0.1291666666666666,198,0.29296875,12.337582236842104
Textured Quiff,D,Male,0.7805579636029105,0.11875,197,0.4908854166666666,13.369137252193134
Textured Quiff,D,Male,1.2234470285964378,0.2291666666666666,323,35.921875,24.692787411520143
Textured Quiff,D,Male,0.5504681070509876,0.20625,322,36.69791666666667,25.31029484163886
Textured Quiff,D,Male,0.5410069370841412,0.2229166666666666,322,36.57682291666667,26.004300427303605
Textured Quiff,D,Male,0.522015115175025,0.2229166666666666,323,35.27604166666667,25.7058710456942
Textured Quiff,D,Male,0.5073341676899688,0.2125,325,35.815104166666664,24.693527186888065
Textured Quiff,D,Male,0.5363710682211402,0.2270833333333333,324,32.598958333333336,25.309872560943365
Textured Quiff,D,Male,0.5308758727627252,0.2208333333333333,324,32.40625,26.72461752433936
Textured Quiff,D,Male,0.5460601697943288,0.2354166666666666,320,33.26692708333333,27.094802906848717
Textured Quiff,D,Male,0.5722790276447518,0.2645833333333333,319,32.126302083333336,27.32950727130991
Textured Quiff,D,Male,0.5485112502906373,0.2375,317,32.61588541666667,26.49231153547241
Textured Quiff,H,Male,0.5885454195748595,0.2604166666666667,311,32.684895833333336,14.680718605478477
Textured Quiff,H,Male,0.6354390789218315,0.2333333333333333,309,32.264322916666664,15.752778109690524
Textured Quiff,H,Male,0.6758312050978255,0.2395833333333333,312,31.51302083333333,15.548319140729312
Textured Quiff,H,Male,0.6859443162778428,0.24375,309,31.907552083333336,15.644735262336416
Textured Quiff,H,Male,0.6871489206331698,0.23125,308,31.81770833333333,16.00269688797309
Textured Quiff,H,Male,0.668118322520569,0.23125,306,32.12760416666667,15.424109187505724
Textured Quiff,H,Male,0.6664506364548723,0.2270833333333333,308,32.19921875,15.089222424261102
Textured Quiff,H,Male,0.671589452743138,0.23125,306,31.932291666666668,14.965441016220929
Textured Quiff,H,Male,0.6713297485497565,0.2291666666666666,302,31.65364583333333,15.674178641514212
Textured Quiff,H,Male,0.6816212036078393,0.2229166666666666,307,31.608072916666668,14.37628769432478
Textured Quiff,H,Male,0.7253099702629145,0.25625,297,21.84114583333333,18.995676754240108
Textured Quiff,H,Male,0.800588560584489,0.2770833333333333,291,21.68098958333333,18.502407152682256
Textured Quiff,H,Male,0.7515456517188892,0.2479166666666666,289,21.97005208333333,19.167808688502124
Textured Quiff,H,Male,0.8208268918613782,0.29375,299,22.104166666666668,19.796928501203517
Textured Quiff,H,Male,0.7504913532061317,0.2479166666666666,289,22.38671875,18.70241018015837
Textured Quiff,H,Male,0.8039652781202319,0.2770833333333333,295,21.864583333333336,18.970921450151057
Textured Quiff,H,Male,0.7271541049903205,0.2166666666666666,287,21.330729166666668,18.691616766467067
Textured Quiff,H,Male,0.712706244958564,0.2229166666666666,285,21.37239583333333,18.011419709572817
Textured Quiff,H,Male,0.7361979253909665,0.2208333333333333,290,21.12890625,19.294460020584165
Textured Quiff,H,Male,0.9311233463775452,0.3604166666666666,299,20.662760416666668,19.94842222748334
Textured Quiff,R,Male,0.5842557399019195,0.15625,208,2.703125,10.579306855552744
Textured Quiff,R,Male,0.6265417711682724,0.1416666666666666,204,2.2096354166666665,11.977750309023486
Textured Quiff,R,Male,0.786899808466394,0.1125,202,2.1015625,12.40457760576538
Textured Quiff,R,Male,0.9083481931498046,0.1229166666666666,199,1.88671875,11.744676508606029
Textured Quiff,R,Male,0.8878957159497678,0.1020833333333333,198,2.296875,11.677181541078896
Textured Quiff,R,Male,0.8792078116446504,0.1083333333333333,198,1.97265625,11.823330753535496
Textured Quiff,R,Male,0.882503384949079,0.1083333333333333,198,1.9427083333333333,12.563967012053288
Textured Quiff,R,Male,0.8754361308939159,0.0979166666666666,196,2.302083333333333,12.229195385619969
Textured Quiff,R,Male,0.9091508584595944,0.1083333333333333,195,2.454427083333333,13.402692778457771
Textured Quiff,R,Male,0.92505843276169,0.1083333333333333,192,2.559895833333333,11.853870106761564
Textured Quiff,R,Male,0.7775269395578523,0.0979166666666666,181,3.274739583333333,24.6957490572506
Textured Quiff,R,Male,0.801489204639919,0.11875,180,3.5703125,24.855907780979827
Textured Quiff,R,Male,0.8068883701653886,0.11875,179,3.5976562500000004,25.406225947147867
Textured Quiff,R,Male,0.8160284342127997,0.1229166666666666,180,3.501302083333333,24.57335710646969
Textured Quiff,R,Male,0.7739946899041097,0.1125,184,2.927083333333333,23.17604581673307
Textured Quiff,R,Male,0.7911783384177676,0.1229166666666666,182,3.00390625,22.94219796576532
Textured Quiff,R,Male,0.8126353535478962,0.1270833333333333,183,2.9453125,21.673640167364017
Textured Quiff,R,Male,0.8158757333458017,0.1270833333333333,184,2.8932291666666665,22.54350845657325
Textured Quiff,R,Male,0.9739830951663898,0.1833333333333333,183,2.5182291666666665,20.88479565825179
Textured Quiff,R,Male,0.8153191632343594,0.1270833333333333,184,2.313802083333333,19.3519548633185
Bro Flow,H,Male,1.0197623434575949,0.2958333333333333,279,7.298177083333333,27.434035378335206
Bro Flow,H,Male,1.01648614254134,0.2916666666666667,276,8.83203125,30.064291704196044
Bro Flow,H,Male,1.029629264293263,0.2916666666666667,271,8.828125,28.571698648265432
Bro Flow,H,Male,1.0574323394862637,0.2979166666666666,269,9.805989583333332,30.73271130625686
Bro Flow,H,Male,1.028473450347916,0.2833333333333333,269,8.986979166666668,30.0232573483324
Bro Flow,H,Male,0.993636987559416,0.275,267,8.48046875,24.03876891685088
Bro Flow,H,Male,1.0503989223016958,0.28125,265,9.345052083333332,30.52659896428812
Bro Flow,H,Male,1.0091221956206196,0.2791666666666667,266,8.811197916666668,30.56720367083096
Bro Flow,H,Male,1.056370202396314,0.2854166666666666,267,9.15234375,31.36202073391476
Bro Flow,H,Male,1.0744807737468525,0.2916666666666667,269,9.12890625,31.820426708810743
Bro Flow,H,Male,1.0176361935380378,0.3,297,12.17578125,16.38491220221452
Bro Flow,H,Male,0.9134389150825174,0.3125,308,8.40234375,25.82834904797973
Bro Flow,H,Male,0.9879557895352952,0.3458333333333333,303,8.84375,25.45643317124458
Bro Flow,H,Male,0.9173563610364396,0.325,304,8.498697916666668,23.3433791674515
Bro Flow,H,Male,0.9000133102177578,0.3125,296,8.71875,24.29036226930964
Bro Flow,H,Male,0.9269835291771964,0.3145833333333333,297,9.1640625,23.57629041406693
Bro Flow,H,Male,0.9905858881589952,0.3270833333333333,295,10.03515625,25.92841384772033
Bro Flow,H,Male,0.9434906279358384,0.3166666666666666,296,9.821614583333334,26.93266516092603
Bro Flow,H,Male,0.9248028528898288,0.3166666666666666,295,10.084635416666666,26.34332720895273
Bro Flow,H,Male,0.9135631971908198,0.3020833333333333,295,10.075520833333334,25.05856138947609
Bro Flow,S,Male,0.9428932143133608,0.4604166666666666,347,19.772135416666668,27.74551328068916
Bro Flow,S,Male,0.900484188003887,0.46875,348,19.576822916666668,27.83214378867996
Bro Flow,S,Male,0.948749577032079,0.525,350,18.869791666666664,26.025940888794388
Bro Flow,S,Male,0.8803917754451259,0.4708333333333333,348,19.061197916666668,26.53354594568865
Bro Flow,S,Male,0.8738721267586077,0.4708333333333333,347,19.56640625,26.47044040210627
Bro Flow,S,Male,0.861948608133071,0.4666666666666667,347,19.200520833333336,27.29855072463768
Bro Flow,S,Male,0.8765009277056549,0.4729166666666666,346,18.53125,27.661624609119336
Bro Flow,S,Male,0.8670839595270493,0.4708333333333333,347,17.82421875,26.74974823766365
Bro Flow,S,Male,0.8836301639870392,0.4729166666666666,346,18.64453125,26.886690257817577
Bro Flow,S,Male,0.9864087387979728,0.5625,348,18.571614583333336,27.17707594038325
Bro Flow,S,Male,0.8801893011811275,0.5875,363,25.17708333333333,23.9094636375857
Bro Flow,S,Male,0.9577982120914834,0.5979166666666667,367,24.455729166666668,24.06627649831349
Bro Flow,S,Male,0.9547657885405136,0.5833333333333334,379,25.674479166666668,23.556171952205556
Bro Flow,S,Male,0.8559071714687185,0.49375,364,25.541666666666668,22.74612171837709
Bro Flow,S,Male,0.8449734875574793,0.4916666666666666,362,25.90625,23.878780961077503
Bro Flow,S,Male,0.8400576135069147,0.4895833333333333,363,25.963541666666668,23.13738019169329
Bro Flow,S,Male,0.8356874003484219,0.49375,384,26.468750000000004,24.32979717832221
Bro Flow,S,Male,0.8365120913823132,0.4916666666666666,386,26.73828125,23.05577818693816
Bro Flow,S,Male,0.9079232104048692,0.55625,389,26.80208333333333,24.03839916974768
Bro Flow,S,Male,0.835787865037538,0.4916666666666666,386,26.951822916666668,23.59180639660713
Bro Flow,S,Male,0.9574631162911535,0.51875,318,0.0169270833333333,15.97756115504874
Bro Flow,S,Male,1.0617731254210334,0.4729166666666666,320,0.0065104166666666,15.847548988521783
Bro Flow,S,Male,1.1243849811989275,0.4854166666666666,315,0.0416666666666666,15.136080870917574
Bro Flow,S,Male,1.1011576410880644,0.4583333333333333,313,0.16796875,15.04786026775435
Bro Flow,S,Male,1.132364310351141,0.48125,353,0.6002604166666666,16.045440896807126
Bro Flow,S,Male,1.1215298835096077,0.48125,313,0.43359375,15.9445891847239
Bro Flow,S,Male,1.0885182765416008,0.4520833333333333,390,0.4674479166666667,13.53312629399586
Bro Flow,S,Male,1.1456357052520707,0.4729166666666666,309,0.9075520833333331,14.917983294756969
Bro Flow,S,Male,1.154639822863878,0.46875,305,0.26953125,15.419760137064534
Bro Flow,S,Male,1.1660205209047665,0.4666666666666667,302,0.3411458333333333,16.6317647462042
Bro Flow,R,Male,0.8452579055620147,0.33125,335,18.21875,16.576160401555477
Bro Flow,R,Male,0.8956149980457128,0.3604166666666666,331,19.354166666666668,14.416139511027524
Bro Flow,R,Male,0.8468745654602622,0.3333333333333333,333,18.8828125,15.05802142757757
Bro Flow,R,Male,0.9164106858823712,0.38125,334,18.52864583333333,16.656744670928095
Bro Flow,R,Male,0.8844408849578692,0.3583333333333333,333,16.763020833333332,13.96849078814093
Bro Flow,R,Male,0.6725602680050559,0.2083333333333333,352,16.571614583333332,15.236366569861245
Bro Flow,R,Male,0.6632922214859666,0.2125,336,16.096354166666664,16.98752446183953
Bro Flow,R,Male,0.8518041226865816,0.3583333333333333,343,16.69921875,13.6427531436135
Bro Flow,R,Male,0.646871979215628,0.2083333333333333,333,15.721354166666668,16.1700772574973
Bro Flow,R,Male,0.8890398883216843,0.3833333333333333,331,16.967447916666668,18.536264154017434
Bro Flow,H,Male,0.8469352111207187,0.3854166666666667,414,13.346354166666666,4.896487522925582
Bro Flow,H,Male,0.8799666391091389,0.375,338,12.127604166666666,5.674092882299942
Bro Flow,H,Male,0.9003235132061085,0.4041666666666667,423,11.372395833333334,5.32850022655188
Bro Flow,H,Male,0.898505359098261,0.4020833333333333,342,11.24609375,5.340457523359468
Bro Flow,H,Male,0.8952947803032268,0.4041666666666667,336,11.013020833333332,4.7601853113503205
Bro Flow,H,Male,0.8862927249599205,0.3854166666666667,337,11.6328125,5.0370878013383855
Bro Flow,H,Male,0.8967555978652446,0.4083333333333333,336,11.713541666666668,5.273323710799108
Bro Flow,H,Male,0.9115253534984704,0.41875,338,11.3125,5.2984762551945845
Bro Flow,H,Male,0.8957602811380936,0.3979166666666666,339,10.782552083333332,5.305938892767008
Bro Flow,H,Male,0.9307867393272736,0.425,337,9.701822916666666,5.508738993627541
Bro Flow,S,Male,0.8824065773169,0.4020833333333333,329,8.430989583333332,5.285347188885438
Bro Flow,S,Male,1.01395715160004,0.5041666666666667,331,8.372395833333334,5.456032891424735
Bro Flow,S,Male,0.8800746776221569,0.3916666666666666,328,8.674479166666666,5.02827424553179
Bro Flow,S,Male,0.8878023943703893,0.3875,330,8.950520833333334,5.5607476635514015
Bro Flow,S,Male,0.8954096191871779,0.3979166666666666,327,8.522135416666666,5.665667430788221
Bro Flow,S,Male,0.8964709085727501,0.38125,318,9.102864583333334,5.598941702399416
Bro Flow,S,Male,0.914415604363859,0.375,316,9.708333333333332,5.855520387264941
Bro Flow,S,Male,0.9110561020951508,0.3833333333333333,310,8.611979166666666,6.366899618805591
Bro Flow,S,Male,0.9229515874676236,0.3875,313,8.662760416666666,5.476357379556462
Bro Flow,S,Male,1.109907537947067,0.5083333333333333,313,8.24609375,6.358039967827755
Bro Flow,S,Male,0.9099458064074322,0.3041666666666666,278,13.989583333333332,21.451024832479305
Bro Flow,S,Male,0.9776956263132452,0.3104166666666667,282,11.970052083333334,19.488697524219592
Bro Flow,S,Male,0.9953441687852154,0.3041666666666666,279,12.12109375,18.471164669271005
Bro Flow,S,Male,1.0043857824505151,0.3041666666666666,279,12.798177083333334,19.49023108201924
Bro Flow,S,Male,0.9920742167697896,0.3020833333333333,278,12.338541666666666,18.06843808216492
Bro Flow,S,Male,1.0071009027274092,0.30625,280,11.365885416666668,20.842964298361395
Bro Flow,S,Male,0.962460701742587,0.3125,289,7.955729166666667,15.139742959045629
Bro Flow,S,Male,0.9525778685478964,0.3208333333333333,285,10.55859375,18.48974021084337
Bro Flow,S,Male,0.9569924323427512,0.3041666666666666,286,12.932291666666668,15.841604118851189
Bro Flow,S,Male,0.9715455397772214,0.3104166666666667,282,13.372395833333334,18.735655998979983
Bro Flow,S,Male,0.9497919625273492,0.3,285,13.68359375,20.3559787529426
Bro Flow,S,Male,1.00381915266345,0.3,284,13.830729166666666,23.198396853303137
Bro Flow,S,Male,0.939875261549202,0.30625,287,13.27734375,21.59904855937528
Bro Flow,S,Male,0.9858637490682116,0.3104166666666667,286,13.171875,23.42452383769076
Bro Flow,S,Male,0.9835611342516144,0.3083333333333333,287,11.881510416666668,19.50930253064104
Bro Flow,S,Male,0.9895471513556284,0.3208333333333333,294,7.899739583333333,23.75681836684849
Bro Flow,S,Male,0.9886128972652964,0.3020833333333333,284,7.920572916666667,22.39654401906748
Bro Flow,S,Male,0.9958722037678238,0.31875,286,8.377604166666666,22.52465078060805
Bro Flow,S,Male,0.9876115787917058,0.3125,289,7.77734375,22.43469495091164
Bro Flow,S,Male,0.96533107249902,0.3104166666666667,287,7.041666666666667,23.38506049447659
Bro Flow,S,Male,0.9479751395003998,0.3208333333333333,305,19.66927083333333,20.07412398921833
Bro Flow,S,Male,0.9641471318121364,0.33125,300,20.68880208333333,20.4189051251746
Bro Flow,S,Male,0.9739555725450308,0.3270833333333333,295,20.596354166666668,19.97791136586048
Bro Flow,S,Male,0.9589129549351424,0.3166666666666666,295,20.420572916666664,19.791435165398752
Bro Flow,S,Male,1.0054215144544376,0.3104166666666667,292,20.82942708333333,19.33684672815108
Bro Flow,S,Male,0.9663856107131972,0.3166666666666666,291,20.63020833333333,19.3532674291626
Bro Flow,S,Male,0.9754494385254424,0.31875,289,19.959635416666664,18.564540272899997
Bro Flow,S,Male,0.9704060249003504,0.325,294,19.4921875,19.25946595689877
Bro Flow,S,Male,1.01313603793088,0.3166666666666666,292,20.791666666666668,19.915394492794977
Bro Flow,S,Male,0.9859410568485693,0.3229166666666667,291,20.069010416666664,19.62605980751604
Bro Flow,O,Male,1.009385259855844,0.4291666666666666,317,21.1796875,25.82000402033139
Bro Flow,O,Male,0.9403954980954312,0.4291666666666666,317,21.029947916666668,27.85104323816572
Bro Flow,O,Male,0.9599431804835052,0.4270833333333333,314,19.979166666666668,29.493635860542334
Bro Flow,O,Male,0.9433102832412368,0.4270833333333333,312,19.716145833333336,28.945378027605287
Bro Flow,O,Male,0.944227224490871,0.4291666666666666,317,19.33333333333333,28.50349307513176
Bro Flow,O,Male,0.9445008064788027,0.4270833333333333,314,19.58984375,28.21053288017212
Bro Flow,O,Male,1.1248513972167795,0.5520833333333334,320,20.3828125,28.02378372045341
Bro Flow,O,Male,1.1144632263196037,0.5604166666666667,329,20.48828125,29.231992435963555
Bro Flow,O,Male,0.938495554692064,0.425,313,20.796875,27.81372183950847
Bro Flow,O,Male,1.0848430639034974,0.5333333333333333,316,20.678385416666668,28.209858366950325
Bro Flow,O,Male,0.9354603637493804,0.4354166666666667,316,20.6484375,29.16189553422003
Bro Flow,O,Male,1.0141225583734594,0.4875,316,20.18359375,28.87822132390096
Bro Flow,O,Male,1.0483772093811137,0.51875,322,18.8046875,29.703121898658804
Bro Flow,O,Male,0.923254580299288,0.4375,322,18.803385416666664,29.1432817553982
Bro Flow,O,Male,0.995959485542437,0.4791666666666667,331,16.774739583333336,29.02090224706285
Bro Flow,O,Male,1.0151292987267568,0.50625,331,16.311197916666668,28.338014207830827
Bro Flow,O,Male,0.9858402763295324,0.4854166666666666,331,15.466145833333334,27.93746924044403
Bro Flow,O,Male,1.0313130332964304,0.5166666666666667,328,14.1171875,28.678068744296656
Bro Flow,O,Male,1.001062849094808,0.5,330,12.080729166666666,28.00839358430981
Bro Flow,O,Male,1.1180319396774665,0.5666666666666667,322,12.826822916666666,28.894701691896707
Bro Flow,O,Male,0.8718500616197697,0.26875,234,7.977864583333333,18.47950750548153
Bro Flow,S,Male,1.1250149728340526,0.5125,333,12.653645833333332,11.246041934103552
Bro Flow,S,Male,1.1044414511230176,0.5020833333333333,325,12.721354166666668,9.33927054254157
Bro Flow,S,Male,1.0643251651810035,0.4875,322,14.53515625,12.254262788365097
Bro Flow,S,Male,1.1103993951389175,0.4833333333333333,319,14.46484375,11.372368538258264
Bro Flow,S,Male,1.1301951910010135,0.4854166666666666,316,14.359375,11.378772112382936
Bro Flow,S,Male,1.1098844617379455,0.4791666666666667,321,11.345052083333334,12.470582741875234
Bro Flow,S,Male,1.128774299445826,0.4833333333333333,315,12.653645833333332,11.36634064291054
Bro Flow,S,Male,1.1296142846519848,0.4770833333333333,311,11.213541666666666,11.889980353634575
Bro Flow,S,Male,1.1520412682780818,0.4875,313,10.2109375,12.830033800096572
Bro Flow,S,Male,1.1578674889159517,0.4875,313,7.641927083333333,12.30754219923895
Bro Flow,S,Male,0.9342724934537684,0.4333333333333333,294,1.0169270833333337,18.348848537331204
Bro Flow,S,Male,1.1740728037496224,0.5125,298,0.7903645833333334,20.44168294438162
Bro Flow,S,Male,0.9549223433538628,0.3479166666666666,293,0.8268229166666666,17.65119112073633
Bro Flow,S,Male,1.0297663590571573,0.3479166666666666,295,1.3828125,19.6478986204684
Bro Flow,S,Male,1.0159690091917315,0.34375,297,0.3059895833333333,19.620081411126183
Bro Flow,S,Male,1.0226765156650823,0.3479166666666666,296,1.1666666666666667,20.18848236692643
Bro Flow,S,Male,1.0201367971049102,0.3458333333333333,296,1.0989583333333337,20.00369032870285
Bro Flow,S,Male,1.017424580549185,0.3479166666666666,297,1.3450520833333333,19.828769836030947
Bro Flow,S,Male,1.149392640143273,0.4416666666666666,302,1.1940104166666667,19.04585893089296
Bro Flow,S,Male,1.0245603234388003,0.34375,295,2.21484375,18.668373364786618
Bro Flow,S,Male,1.0575677045977552,0.3333333333333333,289,4.151041666666667,18.64351736197852
Bro Flow,S,Male,1.0336656600491334,0.33125,289,3.048177083333333,20.527475268102087
Bro Flow,S,Male,1.0146335717897452,0.3229166666666667,290,3.44921875,20.29945855893378
Bro Flow,S,Male,1.020805555342333,0.34375,293,2.8229166666666665,20.513803262589335
Bro Flow,S,Male,1.0241442004037138,0.3458333333333333,292,2.21484375,19.916897506925206
Bro Flow,S,Male,1.1927075065838826,0.4229166666666666,293,2.16796875,18.513528167868568
Bro Flow,S,Male,1.1681810453666857,0.44375,297,0.39453125,19.852077269118816
Bro Flow,S,Male,1.0318345793358972,0.3479166666666666,298,0.3372395833333333,19.329150195006765
Bro Flow,S,Male,1.1627425345556572,0.4375,298,0.1028645833333333,19.71372031662269
Bro Flow,S,Male,1.0126921309616506,0.3416666666666667,300,0.0807291666666666,17.581404421326397
Bro Flow,R,Male,0.9883322584800668,0.3375,308,4.709635416666667,16.204210688671242
Bro Flow,R,Male,0.9680452032909388,0.3458333333333333,306,4.62109375,16.513494648673802
Bro Flow,R,Male,0.9877780350152032,0.3395833333333333,301,4.420572916666667,15.217194570135746
Bro Flow,R,Male,0.9804075094893286,0.3395833333333333,302,4.3125,17.310794461621185
Bro Flow,R,Male,1.0049847233883735,0.3395833333333333,298,4.643229166666667,17.47201695283634
Bro Flow,R,Male,0.9971868416109222,0.3375,300,4.28515625,17.049075410550397
Bro Flow,R,Male,0.9975789402590538,0.3375,299,4.334635416666666,17.247212349765324
Bro Flow,R,Male,1.0136901451037923,0.3375,299,3.46484375,15.515546963106171
Bro Flow,R,Male,0.9778810607988814,0.3145833333333333,301,1.81640625,18.30561246495579
Bro Flow,R,Male,0.9842653269972866,0.3291666666666666,302,2.4791666666666665,18.43283183239357
Bro Flow,R,Male,1.0108898802263708,0.3333333333333333,297,1.5078125,15.689295898223294
Bro Flow,R,Male,0.9984117312690066,0.3166666666666666,301,0.0611979166666666,17.73721445158503
Bro Flow,R,Male,1.014994845627943,0.33125,296,0.4075520833333333,19.638872258204973
Bro Flow,R,Male,1.0111004435230404,0.3270833333333333,297,0.1640625,18.53403982016699
Bro Flow,R,Male,0.994048114874634,0.3333333333333333,298,0.0,19.245680167290335
Bro Flow,R,Male,1.0037073965306724,0.3375,297,0.0,19.253438932888702
Bro Flow,R,Male,1.006923271068234,0.33125,295,0.0,19.614844202000164
Bro Flow,R,Male,1.0210237373962512,0.34375,299,0.0,20.411010659829984
Bro Flow,R,Male,1.002445450100814,0.33125,297,0.0026041666666666,18.871072063817174
Bro Flow,R,Male,1.011446008273937,0.3291666666666666,295,0.0,19.80748305013811
Bro Flow,D,Male,0.9178209911250664,0.1020833333333333,262,17.119791666666668,21.20184270163837
Bro Flow,D,Male,1.088479337748797,0.1583333333333333,265,16.561197916666668,22.16353424065673
Bro Flow,D,Male,0.9744182373558908,0.1625,263,16.341145833333336,20.8065043011143
Bro Flow,D,Male,1.01981094942635,0.2208333333333333,266,15.507812500000002,21.261314024065594
Bro Flow,D,Male,1.0471907678475172,0.2833333333333333,267,16.798177083333332,22.502666571855222
Bro Flow,D,Male,1.069073260216301,0.2979166666666666,268,15.058593749999998,19.618106139438087
Bro Flow,D,Male,1.0396097177344072,0.2854166666666666,268,15.216145833333334,20.587509002983847
Bro Flow,D,Male,1.0633440418168716,0.3041666666666666,270,14.169270833333334,19.315373942917542
Bro Flow,D,Male,1.0762325132274555,0.3083333333333333,268,15.162760416666668,21.57477211979988
Bro Flow,D,Male,1.0347382848473896,0.28125,269,14.8203125,22.196132135341863
Bro Flow,D,Male,0.9849450938637048,0.2916666666666667,269,11.166666666666666,21.62115759236636
Bro Flow,D,Male,1.0243904930118852,0.2916666666666667,272,12.447916666666666,21.134568600659847
Bro Flow,D,Male,1.0346219473833924,0.2875,271,12.669270833333332,22.787663107947804
Bro Flow,D,Male,1.0250785154464717,0.2875,270,12.358072916666666,21.646367913510627
Bro Flow,D,Male,1.0721154820171053,0.3083333333333333,270,11.010416666666668,21.744521827756078
Bro Flow,D,Male,1.043345944533161,0.2916666666666667,269,8.891927083333332,20.3678586107686
Bro Flow,D,Male,1.0042854981388647,0.29375,274,8.5859375,20.46164891307977
Bro Flow,D,Male,1.0422636048171685,0.3,277,6.766927083333334,21.606455103924628
Bro Flow,D,Male,1.0300080392232434,0.3,272,7.673177083333334,19.66925876902713
Bro Flow,D,Male,1.032892097871594,0.2854166666666666,272,7.428385416666666,21.717032967032967
Medium Wavy,S,Male,1.2589769608074817,0.5020833333333333,367,16.252604166666668,15.828277476800029
Medium Wavy,S,Male,1.1905167015830844,0.525,375,15.253906249999998,16.62521277826439
Medium Wavy,S,Male,1.163693666198142,0.5145833333333333,376,15.266927083333334,15.010931858084604
Medium Wavy,S,Male,1.1968573817395185,0.5208333333333334,372,15.263020833333332,15.666319187571457
Medium Wavy,S,Male,1.1764704659498475,0.5166666666666667,374,14.7421875,15.160120537310384
Medium Wavy,S,Male,1.2126478070062023,0.5166666666666667,363,14.71875,15.09441902056704
Medium Wavy,S,Male,1.1928839942100231,0.5145833333333333,367,14.661458333333332,12.854120596890182
Medium Wavy,S,Male,1.212680689977346,0.5229166666666667,371,14.020833333333332,14.41775111309759
Medium Wavy,S,Male,1.1961402770888634,0.5229166666666667,363,13.330729166666666,14.93343155876662
Medium Wavy,S,Male,1.1435329512171124,0.4604166666666666,363,13.15234375,14.281600484995453
Medium Wavy,S,Male,1.096226499319425,0.48125,356,15.721354166666668,17.61479272867173
Medium Wavy,S,Male,1.1544777717859265,0.4791666666666667,354,15.760416666666666,17.86524903994956
Medium Wavy,S,Male,1.2057639349570952,0.4645833333333333,356,15.800781250000002,18.153352067442796
Medium Wavy,S,Male,1.1792550465418403,0.4229166666666666,346,15.183593749999998,16.87772708254468
Medium Wavy,S,Male,1.1863652961848796,0.4291666666666666,353,15.09765625,17.261029411764707
Medium Wavy,S,Male,1.1993362243226482,0.4375,350,15.329427083333332,16.33287764866712
Medium Wavy,S,Male,1.1953074158100492,0.4375,343,15.341145833333334,18.78302642113691
Medium Wavy,S,Male,1.2008473780293978,0.425,353,15.123697916666668,17.111126611794248
Medium Wavy,S,Male,1.1948060270379224,0.4270833333333333,350,15.333333333333332,17.80019373715009
Medium Wavy,S,Male,1.2510986402015103,0.4770833333333333,345,14.908854166666666,13.90408943807002
Medium Wavy,H,Male,1.1587040371937276,0.4770833333333333,349,17.830729166666668,13.154781821402562
Medium Wavy,H,Male,1.1771802063601864,0.4708333333333333,336,17.833333333333336,16.092111709946106
Medium Wavy,H,Male,1.2465816096885334,0.4458333333333333,338,16.584635416666664,14.971348145169395
Medium Wavy,H,Male,1.2986842041703728,0.425,339,16.186197916666668,15.418989317495388
Medium Wavy,H,Male,1.3326360582339858,0.4354166666666667,339,15.6796875,13.9631192047448
Medium Wavy,H,Male,1.3041960496359175,0.425,337,15.299479166666666,14.147610868530514
Medium Wavy,H,Male,1.3367112145078794,0.45,333,15.29296875,15.493325654579486
Medium Wavy,H,Male,1.3719394293675455,0.4541666666666666,331,14.751302083333334,15.911321343174968
Medium Wavy,H,Male,1.3420790495456971,0.4375,339,15.561197916666666,14.975659988766148
Medium Wavy,H,Male,1.3326448803304085,0.44375,337,15.565104166666666,15.369544011124717
Medium Wavy,H,Male,1.3393015150879666,0.45625,350,15.3359375,15.12588116817724
Medium Wavy,H,Male,1.3292302812804284,0.45,342,15.476562499999998,15.564801770980075
Medium Wavy,H,Male,1.3343197364672026,0.4520833333333333,351,14.450520833333332,14.612405428125376
Medium Wavy,H,Male,1.3423457964031311,0.45625,346,14.783854166666666,15.751628729992762
Medium Wavy,H,Male,1.3441315565930338,0.45625,346,14.880208333333334,13.967461564470256
Medium Wavy,H,Male,1.4015370849039002,0.50625,345,14.548177083333332,14.088397790055248
Medium Wavy,H,Male,1.4289437150684157,0.5208333333333334,343,13.940104166666668,14.044422604422603
Medium Wavy,H,Male,1.3265498923015968,0.4604166666666666,345,14.282552083333332,14.399103953502452
Medium Wavy,H,Male,1.3238388891751225,0.4583333333333333,343,14.877604166666666,14.56863101733964
Medium Wavy,H,Male,1.3346003524473506,0.4583333333333333,336,14.743489583333332,13.590311041047718
Medium Wavy,H,Male,1.33101911852489,0.46875,331,13.511718750000002,13.294279807029636
Medium Wavy,H,Male,1.2998964829861726,0.4541666666666666,335,13.532552083333332,13.01873288523774
Medium Wavy,H,Male,1.3129755722601069,0.4583333333333333,333,12.545572916666666,14.845344719850033
Medium Wavy,H,Male,1.3107528609908534,0.4604166666666666,330,12.46875,14.016316383236536
Medium Wavy,H,Male,1.321690422696416,0.46875,332,12.8203125,15.301150462440784
Medium Wavy,H,Male,1.3164155517417415,0.4666666666666667,340,12.971354166666666,16.148457098570294
Medium Wavy,H,Male,1.322001229374112,0.46875,334,13.001302083333332,15.892838879911636
Medium Wavy,H,Male,1.272996288560626,0.425,334,13.071614583333332,16.166933255780137
Medium Wavy,H,Male,1.3494781309903623,0.4604166666666666,335,12.873697916666666,16.740743761213505
Medium Wavy,H,Male,1.3180711082817294,0.4625,339,12.901041666666666,15.779040326066818
Medium Wavy,O,Male,1.2058846146548403,0.4354166666666667,383,7.404947916666667,8.665315816572273
Medium Wavy,O,Male,1.1237268433358003,0.425,376,7.21484375,8.706638840318123
Medium Wavy,O,Male,1.082565165330612,0.4395833333333333,383,7.830729166666667,8.22935141138055
Medium Wavy,O,Male,1.0394531677788537,0.4479166666666667,382,5.76953125,7.552005702806039
Medium Wavy,O,Male,1.0510711622777735,0.4479166666666667,386,6.673177083333333,7.763304767391618
Medium Wavy,O,Male,1.0491644487184393,0.44375,386,6.371093749999999,7.182000965095705
Medium Wavy,O,Male,1.045166330582771,0.45,383,6.466145833333334,8.099536998622613
Medium Wavy,O,Male,1.0295983604524217,0.4479166666666667,384,6.43359375,7.420264537060144
Medium Wavy,O,Male,1.0166906953967672,0.44375,382,6.135416666666667,7.827563183949974
Medium Wavy,O,Male,1.016611181927416,0.44375,383,5.373697916666666,7.767848126830254
Medium Wavy,O,Male,0.820159519845345,0.40625,368,11.0,10.517054832202458
Medium Wavy,O,Male,0.8967366033885232,0.40625,363,11.713541666666668,10.226031638799752
Medium Wavy,O,Male,1.0355669086566492,0.4020833333333333,360,10.567708333333334,10.17780172413793
Medium Wavy,O,Male,1.0439884840884706,0.4020833333333333,364,10.17578125,10.216082215721288
Medium Wavy,O,Male,1.097362857636024,0.4020833333333333,371,9.080729166666666,11.26782576528253
Medium Wavy,O,Male,1.099641337602272,0.4083333333333333,371,8.130208333333332,11.194891726818437
Medium Wavy,O,Male,1.09199107876366,0.4020833333333333,359,7.688802083333333,10.320270848737207
Medium Wavy,O,Male,1.091242144077829,0.4041666666666667,360,7.846354166666666,10.980108708222504
Medium Wavy,O,Male,1.0907100180641718,0.4020833333333333,365,7.850260416666667,10.449663277181068
Medium Wavy,O,Male,1.0765123182179688,0.4020833333333333,359,7.106770833333333,10.733117483811286
Medium Wavy,D,Male,1.1784392908824133,0.43125,335,4.8515625,14.913669064748202
Medium Wavy,D,Male,1.240769185221067,0.4458333333333333,336,5.158854166666667,18.551460448790277
Medium Wavy,D,Male,1.1989907906681423,0.425,340,4.721354166666666,18.321765155374425
Medium Wavy,D,Male,1.2064786657840765,0.4083333333333333,330,5.30859375,19.69775665819428
Medium Wavy,D,Male,1.1999701533078992,0.41875,331,6.881510416666667,19.943980904047137
Medium Wavy,D,Male,1.249533851393047,0.4479166666666667,331,5.3359375,19.048056693610896
Medium Wavy,D,Male,1.1942712033591207,0.4208333333333333,340,6.053385416666666,19.29270840133168
Medium Wavy,D,Male,1.2256707478769369,0.4395833333333333,337,6.174479166666667,19.180842960517964
Medium Wavy,D,Male,1.2101663451177482,0.4208333333333333,331,6.033854166666667,18.969526060011592
Medium Wavy,D,Male,1.2216995916064168,0.4229166666666666,334,6.127604166666667,19.04195186575403
Medium Wavy,D,Male,1.2115143790310048,0.41875,331,5.958333333333334,19.17092263431388
Medium Wavy,D,Male,1.2458326385713456,0.44375,325,5.3984375,19.201634325334293
Medium Wavy,D,Male,1.2177244793735986,0.4291666666666666,342,4.834635416666667,19.78683057608056
Medium Wavy,D,Male,1.2158956778260803,0.41875,327,6.201822916666667,20.342677759971902
Medium Wavy,D,Male,1.2054971919854862,0.4145833333333333,333,5.610677083333333,20.36993863681351
Medium Wavy,D,Male,1.1794174594861635,0.4145833333333333,334,5.196614583333333,20.37616562206547
Medium Wavy,D,Male,1.216906701076158,0.4145833333333333,331,5.850260416666667,20.15253827203941
Medium Wavy,D,Male,1.2128020390519274,0.4270833333333333,337,5.083333333333333,18.47672098072326
Medium Wavy,D,Male,1.2246446207951585,0.4229166666666666,333,5.169270833333333,20.189713784406184
Medium Wavy,D,Male,1.2292508078540587,0.4270833333333333,329,5.450520833333333,19.22358247422681
Medium Wavy,D,Male,1.2223524050538457,0.41875,330,6.828125,19.36826517826632
Medium Wavy,D,Male,1.2745464159479347,0.4229166666666666,333,6.842447916666666,19.86159553906649
Medium Wavy,D,Male,1.2565001286450803,0.4166666666666667,330,5.973958333333333,19.89774934308237
Medium Wavy,D,Male,1.2367040312330375,0.4020833333333333,317,6.289062500000001,19.933680555555554
Medium Wavy,D,Male,1.225980482437474,0.4145833333333333,321,4.6953125,19.74990855888808
Medium Wavy,D,Male,1.248969843257174,0.4020833333333333,324,5.755208333333333,19.07233361180729
Medium Wavy,D,Male,1.217388900197179,0.4125,318,4.598958333333333,19.17525419856049
Medium Wavy,D,Male,1.2708995131581644,0.425,332,4.623697916666666,20.104853407735757
Medium Wavy,D,Male,1.2603053583040311,0.425,333,4.657552083333334,19.813354659938277
Medium Wavy,D,Male,1.2440661428827542,0.4208333333333333,329,4.322916666666667,18.87173533198455
Medium Wavy,R,Male,1.22556774885661,0.5291666666666667,403,21.571614583333336,11.422436575052854
Medium Wavy,R,Male,1.162326252892795,0.5354166666666667,403,20.858072916666668,11.891153190186731
Medium Wavy,R,Male,1.1642498234008571,0.5333333333333333,398,20.7734375,12.435056056877222
Medium Wavy,R,Male,1.176412747107923,0.53125,398,20.647135416666668,12.869736443501967
Medium Wavy,R,Male,1.159498354523548,0.53125,391,21.022135416666668,12.386083035536265
Medium Wavy,R,Male,1.1788213594688892,0.5375,386,19.80598958333333,12.913378559232084
Medium Wavy,R,Male,1.1722504790232111,0.5354166666666667,393,19.319010416666664,12.025069121576744
Medium Wavy,R,Male,1.1588519984669772,0.5291666666666667,388,19.33333333333333,12.622848963412716
Medium Wavy,R,Male,1.2074151168400886,0.53125,386,19.764322916666664,12.540918319537717
Medium Wavy,R,Male,1.17159550702141,0.5354166666666667,390,19.213541666666668,13.247062115277
Medium Wavy,R,Male,1.2205659123511714,0.5291666666666667,390,20.3828125,14.653541115903716
Medium Wavy,R,Male,1.2065519043831745,0.5270833333333333,389,20.12109375,14.71032628846867
Medium Wavy,R,Male,1.1876882675175977,0.5270833333333333,387,19.73567708333333,13.900353544006103
Medium Wavy,R,Male,1.1953030412084815,0.5145833333333333,391,19.243489583333336,13.756208061527923
Medium Wavy,R,Male,1.1825358308343432,0.5208333333333334,386,18.684895833333336,14.063925133012416
Medium Wavy,R,Male,1.216056908758774,0.5291666666666667,386,18.611979166666668,13.669776119402986
Medium Wavy,R,Male,1.144195646127094,0.4958333333333333,386,18.174479166666664,14.62780041540486
Medium Wavy,R,Male,1.1845366604184775,0.5208333333333334,384,17.223958333333332,13.595194231807644
Medium Wavy,R,Male,1.1576351846407795,0.4958333333333333,382,17.42578125,14.089604313694394
Medium Wavy,R,Male,1.2212537761204942,0.5145833333333333,370,17.006510416666668,13.98870912556821
Medium Wavy,S,Male,1.155629960854201,0.4875,365,10.04296875,15.986984619828146
Medium Wavy,S,Male,1.2231417689096873,0.49375,366,11.071614583333334,16.482182865678013
Medium Wavy,S,Male,1.1963817934098362,0.46875,363,11.091145833333334,16.33972617430471
Medium Wavy,S,Male,1.162120569603715,0.4729166666666666,369,10.454427083333332,16.197090778486128
Medium Wavy,S,Male,1.1694646671749678,0.4708333333333333,365,9.5859375,15.94331703044018
Medium Wavy,S,Male,1.1886222647278697,0.4729166666666666,367,9.66015625,16.666935787717314
Medium Wavy,S,Male,1.1867926362103656,0.4729166666666666,365,9.942708333333334,15.773053859867106
Medium Wavy,S,Male,1.1931626273219087,0.4729166666666666,357,9.454427083333334,16.466430131004365
Medium Wavy,S,Male,1.1685897592277898,0.46875,371,9.197916666666666,16.00763358778626
Medium Wavy,S,Male,1.189269161623329,0.4854166666666666,368,9.326822916666666,16.304520853231455
Medium Wavy,S,Male,1.1756890209561286,0.4645833333333333,361,8.989583333333332,16.19572572459682
Medium Wavy,S,Male,1.1663995395610436,0.4625,365,8.923177083333334,17.12054275796781
Medium Wavy,S,Male,1.1992186019519602,0.4604166666666666,359,9.971354166666666,17.543707283917986
Medium Wavy,S,Male,1.2194060929485613,0.4541666666666666,356,10.610677083333334,17.436469683614337
Medium Wavy,S,Male,1.2239274639983526,0.45625,354,10.337239583333334,17.49425919951417
Medium Wavy,S,Male,1.2022893529070933,0.4625,359,10.850260416666666,17.70773799518126
Medium Wavy,S,Male,1.1866184047339632,0.4583333333333333,356,10.899739583333332,17.839486141864548
Medium Wavy,S,Male,1.200102472426784,0.4479166666666667,360,11.920572916666666,17.34260657451504
Medium Wavy,S,Male,1.238538118693456,0.45625,350,12.44140625,17.076309553624753
Medium Wavy,S,Male,1.220100642359239,0.4541666666666666,347,12.589843749999998,16.296209912536444
Medium Wavy,S,Male,1.221261073236772,0.4520833333333333,347,11.651041666666668,17.04465265798965
Medium Wavy,S,Male,1.2257720795612557,0.44375,344,12.216145833333334,17.130792811203943
Medium Wavy,S,Male,1.2571272373812576,0.45625,350,11.717447916666666,17.676365795724465
Medium Wavy,S,Male,1.2219886731498144,0.44375,340,12.328125,18.008618281929536
Medium Wavy,S,Male,1.250210483924706,0.4458333333333333,340,12.618489583333334,17.918643050135096
Medium Wavy,S,Male,1.2298429446329844,0.4375,346,12.037760416666666,17.964774951076322
Medium Wavy,S,Male,1.2312236527323777,0.4416666666666666,344,12.13671875,16.1343949690638
Medium Wavy,S,Male,1.2619405067074692,0.45625,350,11.265625,17.704942059289078
Medium Wavy,S,Male,1.2542395635386123,0.4416666666666666,345,11.213541666666666,17.020128032750698
Medium Wavy,S,Male,1.278169984602944,0.55,351,11.209635416666666,16.009033853176113
Medium Wavy,S,Male,1.2062690006741497,0.45625,359,14.315104166666668,16.66408368849283
Medium Wavy,S,Male,1.23066004350049,0.4625,351,14.057291666666666,16.271469871322488
Medium Wavy,S,Male,1.2834398077125804,0.525,358,12.859375,16.275097999521506
Medium Wavy,S,Male,1.2361926780879728,0.48125,357,12.848958333333332,17.086585838454297
Medium Wavy,S,Male,1.2243300241146289,0.45625,350,14.877604166666666,16.083423005040494
Medium Wavy,S,Male,1.26019053184464,0.4645833333333333,344,14.555989583333334,16.77579975392187
Medium Wavy,S,Male,1.2245778341767284,0.4604166666666666,380,14.298177083333332,16.346531224748933
Medium Wavy,S,Male,1.25409504309374,0.4479166666666667,350,16.087239583333332,14.978517196052657
Medium Wavy,S,Male,1.361294528792509,0.5270833333333333,348,16.229166666666668,16.29505424005599
Medium Wavy,S,Male,1.2102726227687777,0.5041666666666667,382,17.904947916666668,12.349896641228494
Medium Wavy,S,Male,1.2580973887883322,0.5020833333333333,383,17.279947916666664,12.562758880381574
Medium Wavy,S,Male,1.2553873265996447,0.5229166666666667,390,16.533854166666668,13.032666656480618
Medium Wavy,S,Male,1.247758013029292,0.5229166666666667,391,16.98046875,13.245687938482275
Medium Wavy,S,Male,1.2209579708073546,0.5166666666666667,386,16.907552083333332,12.688597233548228
Medium Wavy,S,Male,1.2388472593350204,0.50625,386,16.197916666666668,13.768270239851557
Medium Wavy,S,Male,1.2062067399536451,0.5041666666666667,390,15.610677083333332,13.390025122142934
Medium Wavy,S,Male,1.2133585181483235,0.5104166666666666,384,16.649739583333336,13.31454130363882
Medium Wavy,S,Male,1.199142242963101,0.5083333333333333,391,15.171875000000002,13.300310592267325
Medium Wavy,S,Male,1.189047612501073,0.4729166666666666,383,15.266927083333334,13.422739700197983
Medium Wavy,S,Male,1.1794419742459554,0.48125,385,12.02734375,14.002689592238603
Medium Wavy,S,Male,1.2541613372906313,0.50625,377,12.325520833333334,12.961227504487187
Medium Wavy,S,Male,1.2383916420117276,0.4979166666666667,380,11.94140625,13.609596774193548
Medium Wavy,S,Male,1.1968039308386311,0.4729166666666666,383,11.705729166666666,13.564738731551657
Medium Wavy,S,Male,1.233001079946951,0.50625,377,10.921875,14.198067557442558
Medium Wavy,S,Male,1.2189228627960416,0.4791666666666667,369,11.630208333333334,14.182024243618804
Medium Wavy,S,Male,1.256939183806068,0.5104166666666666,372,11.796875,14.632047052072874
Medium Wavy,S,Male,1.2116266055583418,0.4875,375,11.436197916666666,14.26172678153042
Medium Wavy,S,Male,1.2363694271035537,0.50625,376,11.873697916666668,13.818444709876156
Medium Wavy,S,Male,1.191872053615845,0.4979166666666667,387,9.822916666666668,13.140679482827784
Medium Wavy,D,Male,1.0811751739526672,0.5666666666666667,415,31.059895833333336,9.736078420883706
Medium Wavy,D,Male,1.080480159857205,0.5708333333333333,421,28.97395833333333,9.450928917609048
Medium Wavy,D,Male,1.0873491779476987,0.5729166666666666,422,28.19270833333333,9.432285721869777
Medium Wavy,D,Male,1.0686043751965426,0.5729166666666666,420,26.986979166666668,9.835728952772074
Medium Wavy,D,Male,1.0546241251756496,0.575,423,26.947916666666664,9.655913833544526
Medium Wavy,D,Male,1.0495383958238504,0.5791666666666667,421,26.860677083333336,10.309844476511143
Medium Wavy,D,Male,1.0785561099540124,0.5708333333333333,421,26.9453125,10.377120890774124
Medium Wavy,D,Male,1.048144282752974,0.5541666666666667,419,27.033854166666664,9.701030366549157
Medium Wavy,D,Male,1.0905162722551351,0.5645833333333333,411,25.438802083333336,10.253108645313274
Medium Wavy,D,Male,1.071061922984716,0.5729166666666666,420,24.67578125,10.245902740462116
Medium Wavy,D,Male,1.064244517885209,0.53125,393,19.358072916666664,13.345485010415723
Medium Wavy,D,Male,1.102975348530873,0.5458333333333333,395,17.712239583333332,12.45861384365064
Medium Wavy,D,Male,1.1247586545693318,0.54375,397,17.686197916666664,12.343885775926648
Medium Wavy,D,Male,1.1084124221359424,0.5395833333333333,390,17.513020833333336,12.951936708281886
Medium Wavy,D,Male,1.1409505975582406,0.54375,400,17.083333333333332,13.207379824960052
Medium Wavy,D,Male,1.1102885817798795,0.5416666666666666,398,17.231770833333336,13.406672718344025
Medium Wavy,D,Male,1.115965963982511,0.5416666666666666,394,15.561197916666666,12.839836985728788
Medium Wavy,D,Male,1.1113742194008231,0.5291666666666667,396,15.248697916666668,13.399723744597424
Medium Wavy,D,Male,1.1309281027560012,0.5333333333333333,393,14.888020833333334,14.41506253480427
Medium Wavy,D,Male,1.1200740803998717,0.5375,400,14.182291666666666,14.134109464771695
Long Wavy,S,Male,1.1126960982949772,0.5916666666666667,381,16.009114583333332,19.484384207424867
Long Wavy,S,Male,1.058982961056785,0.6166666666666667,393,16.479166666666668,17.936677883144693
Long Wavy,S,Male,1.0348838415763746,0.6166666666666667,386,17.0,19.71777689473304
Long Wavy,S,Male,1.032277656270768,0.6229166666666667,391,17.0078125,19.564189248366585
Long Wavy,S,Male,1.019320601517216,0.625,394,16.748697916666664,17.779567988668557
Long Wavy,S,Male,1.029220768162801,0.625,376,16.897135416666668,18.315217391304348
Long Wavy,S,Male,1.0265920104987556,0.63125,379,16.8359375,17.568498595580053
Long Wavy,S,Male,1.0223312759808427,0.6354166666666666,385,16.270833333333336,18.40689449910711
Long Wavy,S,Male,1.0185626299866917,0.63125,391,16.220052083333332,19.36900581730517
Long Wavy,S,Male,1.0160661887268914,0.6375,396,16.009114583333332,19.337337081523128
Long Wavy,S,Male,1.084591494835066,0.4770833333333333,270,11.194010416666666,35.423720374427404
Long Wavy,S,Male,1.3123800250128443,0.4791666666666667,267,10.90625,36.38235952540855
Long Wavy,S,Male,1.5577066664311692,0.4708333333333333,267,11.204427083333334,35.57481268447741
Long Wavy,S,Male,1.621901211009185,0.4875,268,10.6015625,36.15443069003555
Long Wavy,S,Male,1.6525049665649467,0.4645833333333333,268,10.151041666666668,34.56025619003215
Long Wavy,S,Male,1.6194712807087035,0.4583333333333333,285,9.455729166666666,32.00624820453893
Long Wavy,S,Male,1.774535332306855,0.51875,275,8.924479166666668,32.490794758990056
Long Wavy,S,Male,1.835313343032112,0.5354166666666667,279,9.276041666666666,33.6221128086308
Long Wavy,S,Male,1.7250773434984483,0.5020833333333333,275,7.959635416666666,32.976999855345
Long Wavy,S,Male,1.601367173406031,0.4666666666666667,287,6.295572916666667,34.37341315133587
Long Wavy,S,Male,1.46870776121033,0.5145833333333333,357,11.559895833333334,22.079251766956585
Long Wavy,S,Male,1.4432679875485597,0.50625,344,11.69140625,22.62228484637766
Long Wavy,S,Male,1.4299104273255991,0.5145833333333333,349,9.791666666666666,23.429081035033544
Long Wavy,S,Male,1.425932713468904,0.5145833333333333,350,9.356770833333334,23.052373599540363
Long Wavy,S,Male,1.440685063122581,0.525,360,9.49609375,23.013133374744875
Long Wavy,S,Male,1.4247879988837493,0.5208333333333334,349,9.786458333333334,23.55916691841558
Long Wavy,S,Male,1.4455555506019326,0.5208333333333334,350,9.56640625,23.12154696132597
Long Wavy,S,Male,1.4379724135549194,0.5166666666666667,347,8.609375,23.430639128313548
Long Wavy,S,Male,1.4316746543227892,0.5166666666666667,347,8.569010416666668,23.572291693366772
Long Wavy,S,Male,1.440450890300906,0.51875,348,8.549479166666666,23.18644159988396
Long Wavy,D,Male,1.5590687581439733,0.5708333333333333,340,3.02734375,28.46880116088704
Long Wavy,D,Male,1.621629203638738,0.5854166666666667,329,4.40234375,29.09787667807824
Long Wavy,D,Male,1.4626518187493929,0.5041666666666667,335,3.6822916666666665,28.9077655748858
Long Wavy,D,Male,1.4707692366193896,0.5083333333333333,326,3.7994791666666665,29.5060633237152
Long Wavy,D,Male,1.4660033278446054,0.5020833333333333,332,4.345052083333333,29.44663953142063
Long Wavy,D,Male,1.555871113495083,0.5666666666666667,342,3.54296875,29.752552360933866
Long Wavy,D,Male,1.5761216979525303,0.5604166666666667,333,3.66015625,28.742029548989112
Long Wavy,D,Male,1.4599719149966446,0.5041666666666667,330,3.7109375,29.50602574369592
Long Wavy,D,Male,1.6056832322815209,0.5708333333333333,333,3.625,29.410012939564623
Long Wavy,D,Male,1.5075376394657083,0.55625,341,3.0338541666666665,28.391524721133557
Long Wavy,D,Male,1.5335052262043598,0.46875,316,8.309895833333334,27.81846265673269
Long Wavy,D,Male,1.4945051064309025,0.49375,323,6.532552083333333,30.254324112577592
Long Wavy,D,Male,1.513157510339389,0.4833333333333333,324,8.330729166666668,29.39929076568773
Long Wavy,D,Male,1.5002019211518005,0.4875,327,8.841145833333334,30.13821071771508
Long Wavy,D,Male,1.494252105272085,0.4895833333333333,329,7.890625,29.512386670908224
Long Wavy,D,Male,1.4805463791682014,0.4854166666666666,317,8.639322916666666,29.763015393351857
Long Wavy,D,Male,1.4987927961986074,0.4854166666666666,320,9.27734375,28.689470430661448
Long Wavy,D,Male,1.498102865817723,0.4875,317,8.536458333333332,28.61552419354839
Long Wavy,D,Male,1.5072217836753783,0.48125,309,7.916666666666666,29.27886657363024
Long Wavy,D,Male,1.5011633571722418,0.48125,320,8.890625,28.10169701474049
Long Wavy,D,Male,1.5245658747155042,0.475,309,6.973958333333333,29.40933681056965
Long Wavy,D,Male,1.5306675428235998,0.475,317,7.365885416666666,31.400614950996093
Long Wavy,D,Male,1.5321921122977378,0.4729166666666666,318,6.729166666666667,30.90151531297287
Long Wavy,D,Male,1.5173911895094288,0.48125,313,5.901041666666667,30.72874997409165
Long Wavy,D,Male,1.558378948752489,0.4729166666666666,307,6.930989583333333,30.568458093410108
Long Wavy,D,Male,1.5434402395772056,0.475,310,6.537760416666667,29.850365349994703
Long Wavy,D,Male,1.5496620061408963,0.4770833333333333,318,6.033854166666667,32.34306751528766
Long Wavy,D,Male,1.5247980946426527,0.475,311,6.666666666666667,29.724498354732564
Long Wavy,D,Male,1.5453103280823062,0.48125,312,6.4453125,30.500657783058905
Long Wavy,D,Male,1.5587380452558148,0.4791666666666667,318,6.005208333333333,32.0049768929968
Long Wavy,R,Male,1.3920408671305409,0.5541666666666667,395,20.07552083333333,18.97885360302651
Long Wavy,R,Male,1.3604993432010064,0.5625,400,19.1796875,18.73947145594724
Long Wavy,R,Male,1.3578699394783489,0.5625,396,18.83984375,18.513724615041287
Long Wavy,R,Male,1.352372113158982,0.5604166666666667,391,19.06640625,18.11729745221969
Long Wavy,R,Male,1.3411997099691453,0.5666666666666667,398,17.859375,18.179582613319155
Long Wavy,R,Male,1.333574323380366,0.5645833333333333,399,17.971354166666668,18.62136563876652
Long Wavy,R,Male,1.3436976451602265,0.5604166666666667,401,18.20703125,18.646004358339056
Long Wavy,R,Male,1.3500316978892866,0.5708333333333333,406,17.126302083333332,18.38304917366174
Long Wavy,R,Male,1.3264661979595882,0.575,403,16.41015625,18.45869932190781
Long Wavy,R,Male,1.3236466500624535,0.5729166666666666,433,15.729166666666666,17.43072428758023
Long Wavy,R,Male,1.2455738518931128,0.50625,347,12.675781250000002,23.75303974466145
Long Wavy,R,Male,1.3758793749325426,0.4979166666666667,350,13.826822916666668,23.130940016852502
Long Wavy,R,Male,1.5012069128810206,0.4979166666666667,359,13.89453125,24.34868822452715
Long Wavy,R,Male,1.5290388714093672,0.49375,358,13.326822916666666,24.51884882000156
Long Wavy,R,Male,1.4999566319297524,0.4979166666666667,367,12.21875,23.65969721466892
Long Wavy,R,Male,1.512505140936258,0.5020833333333333,354,12.059895833333334,23.52931854199683
Long Wavy,R,Male,1.484460171234396,0.4979166666666667,372,11.227864583333332,23.21089078318399
Long Wavy,R,Male,1.4937439004864397,0.5041666666666667,379,10.59375,23.625027286618643
Long Wavy,R,Male,1.4773247438866248,0.5041666666666667,354,10.576822916666668,23.61537593136148
Long Wavy,R,Male,1.493042162019922,0.5041666666666667,354,9.653645833333334,23.82973576479345
Long Wavy,R,Male,1.4120261679189383,0.5020833333333333,360,10.263020833333334,23.192475313068904
Long Wavy,R,Male,1.4552426981026716,0.5020833333333333,359,8.826822916666668,23.09941734764924
Long Wavy,R,Male,1.4490740548841097,0.4958333333333333,354,10.583333333333334,23.36716160802891
Long Wavy,R,Male,1.4968946240748475,0.4979166666666667,351,11.950520833333334,24.239705800412324
Long Wavy,R,Male,1.4359576685417337,0.49375,351,9.627604166666668,23.49527399572409
Long Wavy,R,Male,1.4638029976188491,0.5020833333333333,350,7.98828125,23.09647942594461
Long Wavy,R,Male,1.491768883254908,0.4916666666666666,351,7.640624999999999,24.066620402498263
Long Wavy,R,Male,1.4819930799758223,0.4979166666666667,349,8.05859375,24.724418537542565
Long Wavy,R,Male,1.5124670927931902,0.5,344,9.15234375,24.842806619902696
Long Wavy,R,Male,1.4955300419684174,0.49375,352,7.985677083333333,24.99006754072308
Long Wavy,O,Male,1.4994813721039306,0.4770833333333333,344,17.466145833333332,27.33036525531528
Long Wavy,O,Male,1.379121434416716,0.51875,339,15.180989583333334,31.55729321630467
Long Wavy,O,Male,1.3838671698557914,0.5291666666666667,338,15.643229166666666,31.089735407283136
Long Wavy,O,Male,1.3806222913596358,0.53125,339,15.481770833333334,30.54320084242089
Long Wavy,O,Male,1.3862601508260308,0.53125,346,15.381510416666666,31.928313220509686
Long Wavy,O,Male,1.3942848096666995,0.53125,344,14.98046875,31.682933429550783
Long Wavy,O,Male,1.348721959545623,0.53125,343,13.828125,31.88058759597518
Long Wavy,O,Male,1.4749009569014997,0.58125,343,13.397135416666666,30.78636683063949
Long Wavy,O,Male,1.555404577758093,0.6479166666666667,343,12.3046875,28.52247835610723
Long Wavy,O,Male,1.469666884820629,0.6229166666666667,355,10.20703125,28.690271219379145
Long Wavy,O,Male,1.386799463424062,0.5229166666666667,356,14.395833333333332,28.643625490959277
Long Wavy,O,Male,1.4023050765268552,0.5333333333333333,353,13.462239583333332,26.200502662706292
Long Wavy,O,Male,1.356656663714167,0.5229166666666667,351,11.065104166666668,29.305673771709014
Long Wavy,O,Male,1.3863462274386231,0.5270833333333333,343,11.352864583333332,27.740878045217137
Long Wavy,O,Male,1.343220838076001,0.5375,339,9.2890625,29.468604935255318
Long Wavy,O,Male,1.3791750663141726,0.5354166666666667,355,9.453125,29.108331300742183
Long Wavy,O,Male,1.4973335280358069,0.6,360,9.140625,28.913289446615924
Long Wavy,O,Male,1.3870551721891935,0.5375,355,9.365885416666666,28.65323297266217
Long Wavy,O,Male,1.3537785940826843,0.5291666666666667,351,9.908854166666666,28.979412436927515
Long Wavy,O,Male,1.3399567340122145,0.5333333333333333,360,8.7734375,29.593912117360084
Long Wavy,R,Male,1.406709493969818,0.60625,341,20.92578125,25.921674294994837
Long Wavy,R,Male,1.258636610585602,0.55,334,23.143229166666668,25.74704813805631
Long Wavy,R,Male,1.2663900212558532,0.54375,335,23.88020833333333,26.50490449148167
Long Wavy,R,Male,1.2537423061998088,0.55,340,23.708333333333336,27.689987030318974
Long Wavy,R,Male,1.3009113910056909,0.5541666666666667,343,23.01171875,26.981732942341097
Long Wavy,R,Male,1.4539709488569947,0.6625,346,22.721354166666664,27.643362136685
Long Wavy,R,Male,1.2971751987607127,0.5770833333333333,345,22.87890625,28.00889796513748
Long Wavy,R,Male,1.3410594514387235,0.5854166666666667,344,22.7109375,27.686831440984264
Long Wavy,R,Male,1.4243991226588382,0.66875,342,22.66927083333333,27.39696734059098
Long Wavy,R,Male,1.301290794704897,0.5729166666666666,338,22.9921875,26.00590886142224
Long Wavy,R,Male,1.4034287214781798,0.6583333333333333,331,20.0625,27.356883953742592
Long Wavy,R,Male,1.4150925238469467,0.6041666666666666,332,19.88802083333333,27.97639314493247
Long Wavy,R,Male,1.3828310106556865,0.5916666666666667,332,19.307291666666668,27.254462993341697
Long Wavy,R,Male,1.4166860870458198,0.6,332,19.55208333333333,26.96319197340022
Long Wavy,R,Male,1.4102375617700798,0.59375,326,20.15755208333333,27.114213792295985
Long Wavy,R,Male,1.3862605820922471,0.5958333333333333,327,20.345052083333336,27.18129712263425
Long Wavy,R,Male,1.464489921304995,0.6479166666666667,329,19.986979166666664,28.39711914528284
Long Wavy,R,Male,1.4593314789243774,0.6333333333333333,331,19.869791666666668,28.0220317533364
Long Wavy,R,Male,1.475470136438616,0.6354166666666666,334,18.80859375,27.92334951366715
Long Wavy,R,Male,1.446701951962644,0.6333333333333333,331,19.424479166666668,27.46094121676911
Long Wavy,S,Male,1.3690318372010255,0.58125,317,18.046875,32.00059514037104
Long Wavy,S,Male,1.4138442690567408,0.55625,315,17.186197916666668,31.558967230206267
Long Wavy,S,Male,1.3720045365404678,0.5395833333333333,314,17.427083333333336,30.845139327720812
Long Wavy,S,Male,1.4699442892434569,0.625,321,16.90625,30.649513553203207
Long Wavy,S,Male,1.4384518537436386,0.5729166666666666,319,17.475260416666664,31.419867060561295
Long Wavy,S,Male,1.5084222100458922,0.61875,315,17.985677083333336,30.47251559760225
Long Wavy,S,Male,1.59517772342569,0.6791666666666667,314,18.00390625,31.36519223324708
Long Wavy,S,Male,1.3777762967323697,0.5791666666666667,316,17.791666666666668,30.21344113188479
Long Wavy,S,Male,1.5127468756191271,0.6333333333333333,320,17.848958333333336,30.571925847972157
Long Wavy,S,Male,1.4445757772740178,0.5916666666666667,319,16.638020833333332,29.385522397131226
Long Wavy,S,Male,1.3349821669715611,0.56875,319,16.22265625,30.438688295831152
Long Wavy,S,Male,1.4018501945959607,0.6104166666666667,325,15.735677083333332,29.90236131201376
Long Wavy,S,Male,1.311668913951501,0.5479166666666667,324,16.364583333333332,30.29929714955096
Long Wavy,S,Male,1.370238159534796,0.5625,323,16.6171875,29.94556902436154
Long Wavy,S,Male,1.4287309022978265,0.6166666666666667,321,16.075520833333336,28.66620825147348
Long Wavy,S,Male,1.4496360719358383,0.6458333333333334,323,18.14583333333333,29.81062066306862
Long Wavy,S,Male,1.435969419928716,0.6416666666666667,331,18.544270833333336,29.07680153490209
Long Wavy,S,Male,1.4278967483263416,0.6395833333333333,330,18.223958333333336,29.10049674481617
Long Wavy,S,Male,1.4342206369348507,0.6375,329,17.795572916666664,28.15086520692165
Long Wavy,S,Male,1.42840366474999,0.625,324,16.66015625,28.27038113143053
Long Wavy,H,Male,1.034042265924736,0.4229166666666666,275,3.8723958333333335,30.39882661340657
Long Wavy,H,Male,1.2357960092340008,0.4020833333333333,274,4.658854166666666,30.59552533450318
Long Wavy,H,Male,1.4580834936401958,0.3958333333333333,276,4.412760416666667,28.37982168286793
Long Wavy,H,Male,1.47827200110774,0.3875,274,4.680989583333333,28.971651178071905
Long Wavy,H,Male,1.5444403614521975,0.3916666666666666,275,4.442708333333333,30.120741295394986
Long Wavy,H,Male,1.525923688163462,0.3791666666666666,272,4.953125,28.26049471737154
Long Wavy,H,Male,1.579288333248153,0.3895833333333333,272,6.615885416666667,30.122363803079647
Long Wavy,H,Male,1.5673206677285247,0.3833333333333333,270,6.441406249999999,30.114781277898228
Long Wavy,H,Male,1.5534631903527538,0.38125,271,6.171875,30.005248759384145
Long Wavy,H,Male,1.5581636581638227,0.3791666666666666,271,6.354166666666666,30.844005385602905
Long Wavy,H,Male,1.582760150362057,0.39375,269,6.578125,29.83982021612317
Long Wavy,H,Male,1.55082954410578,0.38125,271,5.4765625,29.843512898330804
Long Wavy,H,Male,1.5657013871354075,0.3833333333333333,269,5.350260416666667,28.74234710317716
Long Wavy,H,Male,1.5727800038747148,0.3791666666666666,271,4.4453125,29.96196803389178
Long Wavy,H,Male,1.5590965319026884,0.38125,268,5.092447916666667,30.190050038491147
Long Wavy,H,Male,1.5478425165837335,0.3791666666666666,268,4.635416666666667,30.79772988139268
Long Wavy,H,Male,1.5405074229001765,0.375,269,4.98046875,30.271779718803774
Long Wavy,H,Male,1.580345214919489,0.38125,268,5.046875,30.007691321625437
Long Wavy,H,Male,1.5589041784622104,0.3791666666666666,267,4.782552083333334,28.122656325117784
Long Wavy,H,Male,1.5456373910172592,0.3875,268,5.100260416666667,28.965651077042494
Long Wavy,D,Male,2.0303335122978017,0.5375,356,25.0234375,29.899604426418307
Long Wavy,D,Male,1.4041985172996267,0.55,351,25.151041666666668,32.09119953528899
Long Wavy,D,Male,1.1639890714922856,0.5729166666666666,352,24.412760416666668,31.465261968745185
Long Wavy,D,Male,1.1907031913090085,0.5708333333333333,350,24.42578125,30.57248344199077
Long Wavy,D,Male,1.2369325072921615,0.5979166666666667,355,24.29036458333333,31.994307891332472
Long Wavy,D,Male,1.2338987010729858,0.5770833333333333,350,24.3984375,29.4447303331618
Long Wavy,D,Male,1.2618420713968113,0.5979166666666667,349,24.169270833333336,31.950344503864144
Long Wavy,D,Male,1.4066315181463849,0.66875,355,24.088541666666664,31.657459963511048
Long Wavy,D,Male,1.2344286379902891,0.5770833333333333,349,23.84114583333333,31.32653918537438
Long Wavy,D,Male,1.37884408155635,0.675,351,23.36848958333333,31.01191266259623
Long Wavy,D,Male,1.191085151398762,0.6041666666666666,283,10.75,40.25776727702304
Long Wavy,D,Male,1.3401198573090314,0.5416666666666666,283,10.44921875,38.11192701379617
Long Wavy,D,Male,1.303703723519282,0.5458333333333333,281,10.829427083333334,36.64478869076938
Long Wavy,D,Male,1.4711851470412922,0.6,282,10.239583333333334,39.54178485708052
Long Wavy,D,Male,1.4276629187301264,0.5333333333333333,274,9.911458333333334,39.0352573638798
Long Wavy,D,Male,1.585562874573022,0.6083333333333333,285,10.114583333333334,41.460670100611374
Long Wavy,D,Male,1.6044147763658698,0.6020833333333333,277,10.1796875,40.794947994056464
Long Wavy,D,Male,1.477971620496222,0.5333333333333333,285,10.22265625,40.50911345319281
Long Wavy,D,Male,1.607268229817035,0.5833333333333334,280,10.213541666666668,40.02443562391466
Long Wavy,D,Male,1.589140466118069,0.5729166666666666,283,9.713541666666666,41.85238891073535
Long Wavy,D,Male,1.666806519455272,0.6291666666666667,328,10.080729166666668,38.35652792239125
Long Wavy,D,Male,1.4114354967147638,0.4875,270,10.259114583333332,41.11987259167184
Long Wavy,D,Male,1.6231341587754455,0.6041666666666666,292,10.022135416666666,39.4528814643114
Long Wavy,D,Male,1.4025882883070466,0.4791666666666667,275,10.055989583333332,39.50059405940594
Long Wavy,D,Male,1.722674800524749,0.63125,311,9.946614583333334,39.22350138944025
Long Wavy,D,Male,1.6852151896787697,0.5979166666666667,294,10.0625,39.20843593613472
Long Wavy,D,Male,1.6105495507123475,0.56875,286,10.447916666666666,39.08874780494394
Long Wavy,D,Male,1.4222297297364748,0.4729166666666666,263,10.700520833333334,39.234014393250064
Long Wavy,D,Male,1.4247631383098691,0.4791666666666667,265,10.74609375,40.628459132108766
Long Wavy,D,Male,1.7359207452641383,0.6229166666666667,264,10.924479166666666,41.45336918612391
Pixie Cut,R,Female,0.8451729037792886,0.35,268,15.11328125,10.981461734066114
Pixie Cut,R,Female,0.8363875399293613,0.3541666666666667,268,15.079427083333332,11.412895787870054
Pixie Cut,R,Female,0.8486020783124864,0.3729166666666667,271,14.169270833333334,11.470411835265894
Pixie Cut,R,Female,0.8212626396764018,0.3645833333333333,271,14.442708333333334,10.739589073447217
Pixie Cut,R,Female,0.8245266392936385,0.3708333333333333,279,13.509114583333334,10.893687707641195
Pixie Cut,R,Female,0.8249144878596513,0.375,269,13.337239583333332,10.951961475217288
Pixie Cut,R,Female,0.8216099993694732,0.3625,268,13.307291666666668,10.622000887132543
Pixie Cut,R,Female,0.8364202793299913,0.375,275,13.145833333333334,11.47925891400606
Pixie Cut,R,Female,0.825693165251961,0.3770833333333333,289,12.802083333333334,11.707792207792208
Pixie Cut,R,Female,0.8202430924628816,0.3729166666666667,287,12.321614583333334,10.466161946120442
Pixie Cut,R,Female,0.7941953458603662,0.2791666666666667,256,5.201822916666667,12.639789303079416
Pixie Cut,R,Female,0.7889968942718374,0.25625,255,5.28125,12.888170476277208
Pixie Cut,R,Female,0.8689591578068834,0.30625,251,5.188802083333333,13.638794794080942
Pixie Cut,R,Female,0.7811567442560805,0.2520833333333333,250,4.484375,13.774657534246575
Pixie Cut,R,Female,0.8171785784293858,0.2666666666666666,251,3.9140625,13.330328977016674
Pixie Cut,R,Female,0.8802930303179518,0.3083333333333333,251,3.106770833333333,13.902305159165753
Pixie Cut,R,Female,0.8353887283290674,0.2729166666666666,248,3.28515625,14.271333579608422
Pixie Cut,R,Female,0.8105769147330425,0.25625,246,3.450520833333333,14.476400487942197
Pixie Cut,R,Female,0.8275254396465223,0.2625,249,2.83203125,13.444681245366938
Pixie Cut,R,Female,0.9017188243454232,0.3145833333333333,251,1.8346354166666663,13.357694053563325
Pixie Cut,R,Female,0.7012091325870238,0.1958333333333333,244,0.3502604166666666,8.850855188141391
Pixie Cut,R,Female,0.682378908090708,0.2,245,0.4492187499999999,8.505747126436782
Pixie Cut,R,Female,0.6955887903733383,0.2104166666666666,245,0.2591145833333333,8.501909683217255
Pixie Cut,R,Female,0.6891989045962063,0.20625,247,0.0768229166666666,9.01486659882306
Pixie Cut,R,Female,0.6943357467311653,0.2020833333333333,245,0.7213541666666666,9.158158655583664
Pixie Cut,R,Female,0.6910141877521405,0.2,242,0.8580729166666667,8.726057599559047
Pixie Cut,R,Female,0.6872686869634347,0.20625,243,1.015625,8.96680232292286
Pixie Cut,R,Female,0.6933244658008291,0.2,242,1.1302083333333337,9.103332868498118
Pixie Cut,R,Female,0.6971473202592939,0.2041666666666666,241,1.3268229166666663,8.904346202324822
Pixie Cut,R,Female,0.6844964033350249,0.19375,240,1.5286458333333337,9.166904422253925
Pixie Cut,R,Female,0.6863763870153737,0.1895833333333333,236,3.828125,8.738043585445222
Pixie Cut,R,Female,0.691439225342042,0.19375,236,3.9635416666666665,9.02930402930403
Pixie Cut,R,Female,0.6884398228358886,0.1916666666666666,236,3.65625,9.276818984114533
Pixie Cut,R,Female,0.7167665461207817,0.1916666666666666,233,4.02734375,9.37415713500824
Pixie Cut,R,Female,0.6978807293856453,0.1916666666666666,235,3.80078125,8.89829246500546
Pixie Cut,R,Female,0.7010169162321899,0.19375,236,3.71875,9.353209434609916
Pixie Cut,R,Female,0.6933111743541527,0.1854166666666666,233,3.6770833333333335,8.725514505331018
Pixie Cut,R,Female,0.7016890857205544,0.19375,235,3.138020833333333,10.062524328532502
Pixie Cut,R,Female,0.7078955339937881,0.1916666666666666,238,2.177083333333333,8.854335590956786
Pixie Cut,R,Female,0.7119847792440429,0.19375,237,2.3515625,8.898916967509026
Pixie Cut,D,Female,0.7844040108863118,0.1770833333333333,222,8.760416666666666,8.089123867069487
Pixie Cut,D,Female,0.8032204222393503,0.18125,219,8.514322916666666,8.386375076905868
Pixie Cut,D,Female,0.8274289080718319,0.18125,213,8.575520833333334,8.506043370067543
Pixie Cut,D,Female,0.8187439344303863,0.1791666666666666,212,7.654947916666667,8.961515513126491
Pixie Cut,D,Female,0.8424913832268287,0.1770833333333333,213,6.763020833333333,9.145410427886608
Pixie Cut,D,Female,0.8176412153770612,0.1708333333333333,213,6.188802083333334,8.708995950941846
Pixie Cut,D,Female,0.8137356938360526,0.1770833333333333,214,6.138020833333333,9.703196347031964
Pixie Cut,D,Female,0.8259744185216018,0.1708333333333333,212,5.807291666666667,9.238265246400562
Pixie Cut,D,Female,0.8356111426337018,0.1729166666666666,209,5.91015625,9.648732634657568
Pixie Cut,D,Female,0.9191597980075604,0.2166666666666666,209,5.747395833333333,9.214454045561665
Pixie Cut,D,Female,0.8191354785904011,0.16875,208,5.640625,8.763962194672885
Pixie Cut,D,Female,0.8161366959929771,0.1604166666666666,210,4.809895833333333,8.853414264036418
Pixie Cut,D,Female,0.9085202507724146,0.2104166666666666,211,5.005208333333333,9.117629234591844
Pixie Cut,D,Female,0.8168873760758203,0.16875,211,5.0859375,8.686131386861314
Pixie Cut,D,Female,0.8272808686418285,0.1729166666666666,212,4.381510416666667,8.22775085687271
Pixie Cut,D,Female,0.8053489970066169,0.1666666666666666,213,4.528645833333334,8.942375469924812
Pixie Cut,D,Female,0.9371209129071596,0.2270833333333333,213,4.578125,9.407272513657992
Pixie Cut,D,Female,0.8198733134228025,0.1708333333333333,213,4.7421875,8.85230066736916
Pixie Cut,D,Female,0.8202699562247172,0.175,214,4.884114583333334,8.837004405286343
Pixie Cut,D,Female,0.8171582956789009,0.1729166666666666,213,4.899739583333333,8.899369215351058
Pixie Cut,S,Female,0.8427779284364023,0.2458333333333333,271,5.54296875,7.937449047654339
Pixie Cut,S,Female,0.7483671803757489,0.2229166666666666,272,5.625,7.895914941242306
Pixie Cut,S,Female,0.6565259523149493,0.2229166666666666,273,5.697916666666666,7.672014524435881
Pixie Cut,S,Female,0.6231156376659935,0.2291666666666666,272,5.665364583333334,7.752896903759455
Pixie Cut,S,Female,0.6273504138391203,0.2416666666666666,273,5.6484375,7.96167505179047
Pixie Cut,S,Female,0.6420066928775194,0.2375,273,4.998697916666667,7.935395814376706
Pixie Cut,S,Female,0.6325810885336863,0.2416666666666666,275,5.151041666666667,7.646759847522237
Pixie Cut,S,Female,0.6554674474380349,0.2666666666666666,276,5.061197916666667,8.229061735501512
Pixie Cut,S,Female,0.6256867055851344,0.2458333333333333,275,5.0078125,7.631977498918217
Pixie Cut,S,Female,0.6762666004913316,0.2875,276,5.122395833333333,7.680060379528465
Pixie Cut,S,Female,0.5419850841937605,0.2229166666666666,273,14.631510416666666,8.00701530612245
Pixie Cut,S,Female,0.5782391273916854,0.2354166666666666,273,14.529947916666666,7.689165788284897
Pixie Cut,S,Female,0.5973718917894131,0.225,270,16.45703125,8.057841614906833
Pixie Cut,S,Female,0.6043736343699354,0.2333333333333333,270,16.106770833333332,7.991846040885728
Pixie Cut,S,Female,0.6300617929540864,0.2354166666666666,269,14.851562500000002,7.953445494353538
Pixie Cut,S,Female,0.6105439457922446,0.2291666666666666,270,15.256510416666666,8.01450884312074
Pixie Cut,S,Female,0.6132509169011044,0.23125,270,14.919270833333334,7.850245277917262
Pixie Cut,S,Female,0.6025421375424299,0.23125,273,14.265625000000002,8.041277993881945
Pixie Cut,S,Female,0.6035865208623941,0.23125,271,13.510416666666666,8.36402347796064
Pixie Cut,S,Female,0.6099111887148768,0.2229166666666666,270,14.194010416666666,8.268520655435033
Pixie Cut,R,Female,0.5530913114151729,0.2270833333333333,262,1.6054687500000002,40.176911601575945
Pixie Cut,R,Female,0.6473666854808635,0.19375,262,0.8645833333333334,40.33359764386044
Pixie Cut,R,Female,0.6819985672459908,0.1958333333333333,261,1.2473958333333333,41.13344575173418
Pixie Cut,R,Female,0.7310065334621113,0.1604166666666666,279,3.067708333333333,38.54815995256273
Pixie Cut,R,Female,0.775069955805144,0.1916666666666666,260,2.345052083333333,40.641380618243886
Pixie Cut,R,Female,0.7768194164614273,0.2020833333333333,261,2.752604166666667,38.28675981370592
Pixie Cut,R,Female,0.7690763493803495,0.1958333333333333,265,2.8111979166666665,38.35477271939253
Pixie Cut,R,Female,0.804560741587288,0.2,263,3.2734375000000004,39.10534496767584
Pixie Cut,R,Female,0.7253427926390995,0.2083333333333333,258,1.3450520833333333,39.98018224165407
Pixie Cut,R,Female,0.7425063242492844,0.1791666666666666,259,3.5976562500000004,38.705445257169394
Pixie Cut,R,Female,0.665614923771921,0.2041666666666666,289,7.58984375,36.96374622356496
Pixie Cut,R,Female,0.7468522189270764,0.24375,286,7.390625000000001,35.36246985620292
Pixie Cut,R,Female,0.7342817664828067,0.2479166666666666,289,5.65625,37.14434013359812
Pixie Cut,R,Female,0.6885443843784934,0.2166666666666666,284,5.528645833333334,37.04451610958739
Pixie Cut,R,Female,0.715184909511312,0.2229166666666666,294,5.608072916666667,36.48072933407358
Pixie Cut,R,Female,0.7266461704063792,0.2229166666666666,278,5.071614583333333,35.835180722891565
Pixie Cut,R,Female,0.7156084383810283,0.24375,283,4.279947916666667,38.86672271081221
Pixie Cut,R,Female,0.7641681268735071,0.2479166666666666,277,4.783854166666666,37.119121957435965
Pixie Cut,R,Female,0.6819141366704756,0.2229166666666666,275,3.458333333333333,38.68491168053682
Pixie Cut,R,Female,0.6859983525279711,0.2125,283,3.5533854166666665,37.48853993952989
Pixie Cut,R,Female,0.7795394003189988,0.2895833333333333,241,0.9010416666666666,18.42801757560093
Pixie Cut,R,Female,0.8290511436607393,0.3041666666666666,246,0.70703125,19.32327018539155
Pixie Cut,R,Female,0.8337465559101145,0.2979166666666666,242,0.8671875000000001,17.611415168100077
Pixie Cut,R,Female,0.8479441333193339,0.3020833333333333,243,0.8046875,16.550418895730292
Pixie Cut,R,Female,0.8420687633502617,0.3041666666666666,243,0.4427083333333333,16.138416781503597
Pixie Cut,R,Female,0.842508800742446,0.3020833333333333,245,0.16015625,16.158113037829192
Pixie Cut,R,Female,0.8205519419070973,0.3,245,0.1145833333333333,17.59839596019605
Pixie Cut,R,Female,0.8284277757878517,0.3,246,0.0703125,17.397735849056605
Pixie Cut,R,Female,0.8534113417243997,0.3208333333333333,246,0.0091145833333333,17.788079470198674
Pixie Cut,R,Female,0.8260415301219687,0.3020833333333333,246,0.0,17.51530536060923
Pixie Cut,R,Female,0.8308794940330756,0.2895833333333333,240,0.0,17.59227786924425
Pixie Cut,R,Female,0.8218374392596131,0.2770833333333333,240,0.0,17.077918576435696
Pixie Cut,R,Female,0.8352529844491338,0.2854166666666666,237,0.0,16.985294117647058
Pixie Cut,R,Female,0.8475028851266113,0.2875,233,0.0,18.824094401756312
Pixie Cut,R,Female,0.8472832743805476,0.2854166666666666,235,0.0,18.48128167402321
Pixie Cut,R,Female,0.8400422149103702,0.2895833333333333,237,0.0,18.324580676276728
Pixie Cut,R,Female,0.914834253584448,0.3291666666666666,236,0.0677083333333333,18.51307454929349
Pixie Cut,R,Female,0.8322654070338938,0.2854166666666666,238,0.28125,17.669892530610063
Pixie Cut,R,Female,0.8503652956986643,0.2875,236,0.65234375,18.04380381879446
Pixie Cut,R,Female,0.8520304254242715,0.2833333333333333,236,0.6901041666666666,18.36948102246321
Pixie Cut,R,Female,0.608055801969749,0.15625,241,1.2942708333333337,41.2269747759708
Pixie Cut,R,Female,0.5258447972752684,0.15,241,0.9921875,41.91605227882037
Pixie Cut,R,Female,0.4980222047959257,0.1541666666666666,245,0.9856770833333334,43.70646971447434
Pixie Cut,R,Female,0.4934367387107422,0.1541666666666666,242,0.9635416666666669,44.40915897179935
Pixie Cut,R,Female,0.491502724365722,0.1729166666666666,239,0.7434895833333334,39.51385823991526
Pixie Cut,R,Female,0.4976200663034408,0.175,238,0.7473958333333334,43.47592179504002
Pixie Cut,R,Female,0.5083608135464374,0.1708333333333333,241,0.9518229166666666,42.82739354947939
Pixie Cut,R,Female,0.469900224822849,0.1479166666666666,238,1.0338541666666663,44.39895584076572
Pixie Cut,R,Female,0.5112017550290576,0.1645833333333333,237,1.2408854166666667,43.89398528775422
Pixie Cut,R,Female,0.4995276410361858,0.1583333333333333,238,2.3541666666666665,42.80958094095467
Pixie Cut,R,Female,0.4994833491134109,0.1583333333333333,236,3.4127604166666665,43.07878325060456
Pixie Cut,R,Female,0.5072277166894538,0.15625,236,3.026041666666667,43.94603050449746
Pixie Cut,R,Female,0.5111888432622494,0.1645833333333333,237,2.3125,42.58678368162662
Pixie Cut,R,Female,0.5091557051333502,0.1604166666666666,237,2.200520833333333,43.66633688919477
Pixie Cut,R,Female,0.5097735841895507,0.1520833333333333,236,2.26171875,43.01880688435492
Pixie Cut,R,Female,0.5161722286013302,0.1604166666666666,237,2.3828125,44.127055498458375
Pixie Cut,R,Female,0.5114963272867942,0.1604166666666666,246,2.1510416666666665,43.47346755787415
Pixie Cut,R,Female,0.5253817169091064,0.16875,239,2.052083333333333,43.15793866054664
Pixie Cut,R,Female,0.5127095967657307,0.1604166666666666,240,2.083333333333333,43.60263328297
Pixie Cut,R,Female,0.5076219704034415,0.1666666666666666,237,1.0989583333333337,43.32687736596532
Pixie Cut,S,Female,0.4375030530136656,0.18125,280,17.865885416666664,37.42935635792779
Pixie Cut,S,Female,0.439003118331596,0.2229166666666666,282,17.819010416666668,38.84634650303676
Pixie Cut,S,Female,0.4206047897001422,0.20625,280,17.444010416666668,39.75637501184946
Pixie Cut,S,Female,0.4136919530970634,0.20625,281,17.614583333333332,40.21545623250401
Pixie Cut,S,Female,0.4257331740691372,0.2145833333333333,280,17.309895833333332,38.37251609291911
Pixie Cut,S,Female,0.4033290264847099,0.1895833333333333,286,17.359375,40.820495646349634
Pixie Cut,S,Female,0.4194853975898289,0.2125,286,17.50390625,39.342196706451126
Pixie Cut,S,Female,0.4044908568824955,0.19375,281,17.026041666666668,39.97219342068056
Pixie Cut,S,Female,0.4241246558965991,0.2270833333333333,287,16.421875,40.33579335793358
Pixie Cut,S,Female,0.4163999354829099,0.2125,282,16.221354166666664,39.63938524210721
Pixie Cut,S,Female,0.4083152933681032,0.1979166666666666,286,16.416666666666664,39.77943873807777
Pixie Cut,S,Female,0.4049613323263827,0.1791666666666666,282,16.981770833333336,40.86984136819928
Pixie Cut,S,Female,0.4040302535384708,0.1916666666666666,285,16.509114583333336,40.72423398328691
Pixie Cut,S,Female,0.4032157528197678,0.1895833333333333,281,16.4296875,39.95601402542108
Pixie Cut,S,Female,0.4185056675243835,0.19375,281,16.567708333333332,40.848009725382624
Pixie Cut,S,Female,0.4083269226974068,0.1854166666666666,283,16.442708333333332,40.23948760790866
Pixie Cut,S,Female,0.4136587394435176,0.1875,282,16.623697916666664,40.09626013264554
Pixie Cut,S,Female,0.4139025380137979,0.1875,283,16.47265625,40.79206842923795
Pixie Cut,S,Female,0.4118683750412646,0.1895833333333333,281,16.57421875,40.52679991269371
Pixie Cut,S,Female,0.4079946622187003,0.18125,281,16.028645833333332,40.454740389033546
Pixie Cut,R,Female,0.6458333333333334,0.3020833333333333,188,0.0,26.015681763138776
Pixie Cut,R,Female,0.8567249759744662,0.125,190,0.0,22.04812802292948
Pixie Cut,R,Female,0.8527422150787385,0.1291666666666666,189,0.0,22.844136926438456
Pixie Cut,R,Female,0.8927305610822268,0.1333333333333333,189,0.0,23.924869690252237
Pixie Cut,R,Female,0.8668931202183963,0.1333333333333333,185,0.0,17.04887448005872
Pixie Cut,R,Female,0.8660074233621871,0.13125,186,0.0,23.348573518653986
Pixie Cut,R,Female,0.8794831295527015,0.1291666666666666,185,0.0,22.38452942637199
Pixie Cut,R,Female,0.8798286440774147,0.1270833333333333,183,0.0,20.791520321123933
Pixie Cut,R,Female,0.8949599437150981,0.1333333333333333,182,0.0,24.96769383697813
Pixie Cut,R,Female,0.8590204839315577,0.1208333333333333,180,0.0,24.375122173714733
Pixie Cut,R,Female,0.9585001108998064,0.11875,197,1.7734375,16.854041794913332
Pixie Cut,R,Female,1.011452685058596,0.1479166666666666,196,1.8763020833333333,15.423834930313587
Pixie Cut,R,Female,1.1361196344287223,0.125,198,2.020833333333333,17.134160090191656
Pixie Cut,R,Female,1.0939732009411218,0.125,196,2.046875,18.74120406567631
Pixie Cut,R,Female,0.944613434593348,0.175,193,2.03125,14.28148230954111
Pixie Cut,R,Female,0.7934923094222593,0.1104166666666666,188,2.546875,11.3624417632302
Pixie Cut,R,Female,0.8216725141455602,0.1229166666666666,190,2.22265625,14.948484130743724
Pixie Cut,R,Female,0.8321035461713235,0.11875,185,2.208333333333333,19.6844277218109
Pixie Cut,R,Female,0.8683775813887054,0.1166666666666666,187,3.005208333333333,19.83684863523573
Pixie Cut,R,Female,1.2430529907018222,0.2625,187,2.5390625,21.137730005465475
Pixie Cut,O,Female,1.3797750413793688,0.2270833333333333,237,8.95703125,10.77436183345944
Pixie Cut,O,Female,1.3564816700660172,0.2208333333333333,235,9.072916666666666,11.206442342234462
Pixie Cut,O,Female,0.997717988278914,0.2354166666666666,236,8.735677083333334,8.256614715476623
Pixie Cut,O,Female,0.792606225794818,0.1979166666666666,242,7.540364583333334,6.737302909386743
Pixie Cut,O,Female,0.834709684669603,0.2520833333333333,245,7.8671875,10.55891074786634
Pixie Cut,O,Female,0.7469808304768891,0.1895833333333333,240,8.3828125,11.548525938904548
Pixie Cut,O,Female,0.8226423613056527,0.2416666666666666,240,8.265625,9.141454503938808
Pixie Cut,O,Female,0.8000590939073932,0.2041666666666666,240,9.639322916666666,11.826144762053728
Pixie Cut,O,Female,0.7720544508811487,0.1958333333333333,236,9.774739583333334,12.477642832038114
Pixie Cut,O,Female,0.7612952516888278,0.1895833333333333,237,9.755208333333334,11.985446158740258
Pixie Cut,H,Female,0.8135839839211096,0.33125,270,7.2421875,12.130966952264382
Pixie Cut,H,Female,0.8422018091648947,0.3541666666666667,268,7.216145833333333,12.217031979877827
Pixie Cut,H,Female,0.8601961719091835,0.3708333333333333,268,6.662760416666667,11.49895178197065
Pixie Cut,H,Female,0.8589735272611739,0.3666666666666666,261,5.990885416666666,11.34860362567369
Pixie Cut,H,Female,0.8048814657837817,0.3333333333333333,287,5.5390625,12.083179751812262
Pixie Cut,H,Female,0.8132669052706121,0.3291666666666666,284,5.333333333333334,12.539596981507588
Pixie Cut,H,Female,0.8610324165099281,0.35625,276,5.401041666666666,13.054354154537137
Pixie Cut,H,Female,0.8568303574657695,0.3479166666666666,259,4.638020833333333,11.45781328007988
Pixie Cut,H,Female,0.8840295478984551,0.3645833333333333,262,4.3828125,12.725445867872391
Pixie Cut,H,Female,0.8911502389300441,0.3645833333333333,258,3.916666666666667,12.289029098003404
French Bob,R,Female,1.3217151105599725,0.4145833333333333,259,0.0,8.212605317868476
French Bob,R,Female,1.3087377246683192,0.43125,261,0.0,6.9140206921155904
French Bob,R,Female,1.2777849660995964,0.4291666666666666,259,0.0,7.458527357392317
French Bob,R,Female,1.3075140719620204,0.4270833333333333,259,0.0,7.372369624885636
French Bob,R,Female,1.31045019134477,0.43125,259,0.0,7.446812379532313
French Bob,R,Female,1.2886632763324368,0.43125,261,0.0,7.489162632757749
French Bob,R,Female,1.2823839462979396,0.43125,259,0.0,7.021039741734387
French Bob,R,Female,1.3042815183272003,0.425,259,0.0,7.967574147853032
French Bob,R,Female,1.3034420521843233,0.43125,261,0.0,7.538679450860754
French Bob,R,Female,1.3027832539163344,0.4354166666666667,260,0.0,7.46965085049239
French Bob,R,Female,1.2895602988522916,0.4416666666666666,264,0.0,7.245334642907254
French Bob,R,Female,1.4862948923013497,0.5291666666666667,265,0.0,7.744325346784363
French Bob,R,Female,1.2990179838849183,0.4395833333333333,261,0.0,7.9374624173181
French Bob,R,Female,1.2882721993639743,0.4375,262,0.0,7.659314160076598
French Bob,R,Female,1.3092287019536053,0.4375,260,0.0,8.235272962669928
French Bob,R,Female,1.303603861689197,0.4375,262,0.0,7.679481322697403
French Bob,R,Female,1.3100007175507042,0.4395833333333333,262,0.0,7.44360502234518
French Bob,R,Female,1.2705439690770517,0.4375,264,0.0,7.253750353806962
French Bob,R,Female,1.2706697171232513,0.4354166666666667,262,0.0,6.880778327241454
French Bob,R,Female,1.2965586301440213,0.44375,263,0.0,7.464640067553304
French Bob,S,Female,1.1050076904062458,0.3770833333333333,262,0.0,19.803534527958547
French Bob,S,Female,1.1028024264747651,0.4041666666666667,267,0.0,17.452048823016565
French Bob,S,Female,1.0884451994922586,0.3729166666666667,268,0.0,21.4589247825957
French Bob,S,Female,1.0985379109029136,0.3770833333333333,265,0.0,18.938204929283284
French Bob,S,Female,1.09032232860609,0.3833333333333333,267,0.0,13.178099991140773
French Bob,S,Female,1.0932245250392822,0.3833333333333333,271,0.0,20.75223021582734
French Bob,S,Female,1.081662311591432,0.3854166666666667,271,0.0,21.406759306913703
French Bob,S,Female,1.087936046665587,0.3854166666666667,269,0.0,19.068375821894104
French Bob,S,Female,1.0689626240365824,0.3833333333333333,272,0.0,21.31611083650743
French Bob,S,Female,1.0768005007661574,0.3833333333333333,270,0.0,21.311644233000692
French Bob,S,Female,1.2364116778521912,0.2645833333333333,259,0.0,16.860929498534574
French Bob,S,Female,1.2421249944903283,0.31875,258,0.0,17.861721754901655
French Bob,S,Female,1.1207038413022463,0.3604166666666666,258,0.0,19.16896551724138
French Bob,S,Female,1.1057206456127435,0.3729166666666667,261,0.0,17.943298639933595
French Bob,S,Female,1.1109905284819932,0.3729166666666667,259,0.0,19.248764985368616
French Bob,S,Female,1.0959175249954298,0.3729166666666667,261,0.0,18.8363268403744
French Bob,S,Female,1.0973935664531544,0.3770833333333333,263,0.0,18.36712194524408
French Bob,S,Female,1.090137218075402,0.375,261,0.0,19.17869085954917
French Bob,S,Female,1.0953191125982722,0.3770833333333333,260,0.0,18.60559708524405
French Bob,S,Female,1.0857775749110985,0.3770833333333333,258,0.0,16.14620243413958
French Bob,R,Female,1.1293000621466682,0.35,303,6.907552083333333,13.180456490727533
French Bob,R,Female,0.942432444267734,0.4145833333333333,304,6.540364583333333,12.510763209393346
French Bob,R,Female,0.9185430147801162,0.4458333333333333,305,5.622395833333333,12.837815677271236
French Bob,R,Female,0.9269590204509212,0.44375,302,5.0234375,12.967515774713718
French Bob,R,Female,0.9215957773501288,0.4416666666666666,305,4.533854166666667,13.661357112606463
French Bob,R,Female,0.9312652449902032,0.4416666666666666,301,4.555989583333334,14.548779917726252
French Bob,R,Female,0.9451848019663668,0.4333333333333333,300,4.505208333333333,12.68713581353653
French Bob,R,Female,0.9539103971261133,0.4270833333333333,289,4.12109375,11.034158772652388
French Bob,R,Female,0.979969134152465,0.4166666666666667,287,3.766927083333333,15.179140447181684
French Bob,R,Female,0.9658475304823504,0.4208333333333333,289,3.3203125,15.154086645824028
French Bob,R,Female,0.9670678893715964,0.425,298,2.981770833333333,15.468631323104969
French Bob,R,Female,0.9716110226961924,0.4270833333333333,294,3.118489583333333,15.091546799027553
French Bob,R,Female,0.9600779958026708,0.4229166666666666,293,2.959635416666667,15.923294369317748
French Bob,R,Female,0.9694662494394206,0.4229166666666666,289,2.778645833333333,14.92943703021936
French Bob,R,Female,0.99046046548317,0.4208333333333333,285,2.837239583333333,15.833675301359325
French Bob,R,Female,0.982343643893189,0.4208333333333333,283,2.59765625,16.42593643586833
French Bob,R,Female,0.9675593597664583,0.425,290,2.546875,16.079884353918683
French Bob,R,Female,0.9733942334700926,0.425,295,1.9635416666666663,15.172632809125783
French Bob,R,Female,0.9773241755780272,0.4270833333333333,294,2.1861979166666665,14.907889769724424
French Bob,R,Female,0.9704389333179452,0.4229166666666666,290,2.5338541666666665,15.606393580865255
French Bob,R,Female,0.8654323721736388,0.4791666666666667,350,10.408854166666668,17.64744087030255
French Bob,R,Female,0.8869999069224324,0.5125,350,10.592447916666666,21.63780232905345
French Bob,R,Female,0.8583826173389738,0.50625,345,10.19140625,22.029332428232017
French Bob,R,Female,0.867715865154053,0.4895833333333333,341,10.40625,20.52928927116342
French Bob,R,Female,0.8850485719582485,0.5,341,10.428385416666666,22.3286277616724
French Bob,R,Female,0.9072851849893564,0.5229166666666667,345,10.006510416666666,19.829302987197725
French Bob,R,Female,0.8336951500137403,0.4541666666666666,342,10.061197916666668,22.79739254518724
French Bob,R,Female,0.8517116293316065,0.5041666666666667,362,10.440104166666666,20.77207380784764
French Bob,R,Female,0.8809083371230781,0.5125,346,10.177083333333334,21.57942388352026
French Bob,R,Female,0.8759380509280252,0.5125,346,10.473958333333332,20.78587782098339
French Bob,R,Female,0.8706058236607853,0.5020833333333333,345,10.240885416666666,20.64173163949621
French Bob,R,Female,0.8965603498488856,0.5020833333333333,340,10.23046875,20.922503153622557
French Bob,R,Female,0.8994017932255655,0.5041666666666667,338,9.8125,21.209643219323315
French Bob,R,Female,0.8701159568774414,0.50625,344,10.205729166666666,19.92514070269384
French Bob,R,Female,0.8762430942364572,0.5104166666666666,343,10.09375,20.567058096415327
French Bob,R,Female,0.8742894638909193,0.5229166666666667,344,10.403645833333334,20.996431185944363
French Bob,R,Female,0.8836990053275692,0.5083333333333333,339,10.477864583333334,19.101770640689946
French Bob,R,Female,0.8922335592829882,0.5083333333333333,343,10.403645833333334,21.57731361653605
French Bob,R,Female,0.904205179558874,0.5020833333333333,343,10.403645833333334,21.415111466124465
French Bob,R,Female,0.8987895656216454,0.5020833333333333,339,10.421875,21.724271059308013
French Bob,R,Female,0.7382393339508048,0.35625,285,6.154947916666666,16.979434447300772
French Bob,R,Female,0.8624540955446569,0.3895833333333333,289,6.380208333333333,16.55964750436978
French Bob,R,Female,1.0573052323941283,0.3729166666666667,286,6.108072916666667,15.682251122974533
French Bob,R,Female,1.103513693931017,0.36875,304,5.192708333333333,15.214639321074964
French Bob,R,Female,1.094608557273891,0.36875,302,5.1171875,14.660714285714286
French Bob,R,Female,1.1102901237599752,0.3666666666666666,306,5.16796875,14.29651514446564
French Bob,R,Female,1.110919252424277,0.36875,301,5.8125,15.08886173989212
French Bob,R,Female,1.1065119393759109,0.3645833333333333,300,4.877604166666667,14.307436335906086
French Bob,R,Female,1.1211032743296845,0.3604166666666666,288,5.1484375,14.603287812178468
French Bob,R,Female,1.1071540616740485,0.3645833333333333,301,4.743489583333333,16.132580675074184
French Bob,R,Female,1.1318787115396347,0.3645833333333333,305,5.64453125,15.672667873175548
French Bob,R,Female,1.1181393651175533,0.3645833333333333,300,5.04296875,15.127566894835097
French Bob,R,Female,1.1008272249135542,0.36875,309,4.802083333333333,15.235410687440208
French Bob,R,Female,1.1226802647103484,0.3666666666666666,310,5.147135416666666,15.58990514436059
French Bob,R,Female,1.0990798598313647,0.36875,298,4.884114583333334,15.227662842171831
French Bob,R,Female,1.1113053345408728,0.3708333333333333,300,4.5546875,15.146112722000725
French Bob,R,Female,1.1013545304104664,0.36875,308,4.790364583333333,14.688221709006928
French Bob,R,Female,1.1236574191181663,0.3666666666666666,299,5.209635416666666,15.53386472646384
French Bob,R,Female,1.1061002268583762,0.36875,310,4.822916666666666,13.705374656728129
French Bob,R,Female,1.1128625134490857,0.3666666666666666,299,4.690104166666666,14.449163213443532
French Bob,S,Female,1.1848733854802285,0.2708333333333333,287,13.712239583333332,15.42325939541469
French Bob,S,Female,1.157763589792705,0.3229166666666667,297,13.765625,14.758782600233554
French Bob,S,Female,1.1318028802154272,0.34375,293,13.576822916666668,15.316446348127908
French Bob,S,Female,1.1195089863846526,0.3479166666666666,298,13.278645833333332,15.145983616579043
French Bob,S,Female,1.118721682410225,0.3479166666666666,286,13.261718750000002,15.894054372651588
French Bob,S,Female,1.134921190007418,0.3458333333333333,293,13.59765625,15.267275419545904
French Bob,S,Female,1.114512884121949,0.3479166666666666,284,13.907552083333332,15.219722925666616
French Bob,S,Female,1.119792079410738,0.3458333333333333,295,13.489583333333332,15.254336529312743
French Bob,S,Female,1.102680488980443,0.3520833333333333,298,13.022135416666666,14.913144180660105
French Bob,S,Female,1.0738990073897152,0.3541666666666667,301,13.39453125,13.947761733722247
French Bob,S,Female,1.1199873171333392,0.3458333333333333,281,13.71484375,16.096387956515205
French Bob,S,Female,1.11381339864681,0.35,282,13.25,15.47380499962984
French Bob,S,Female,1.0929708415636068,0.3479166666666666,284,12.115885416666666,15.545698469868745
French Bob,S,Female,1.124807186361611,0.35,285,12.528645833333332,15.366716705983272
French Bob,S,Female,1.0967707971212668,0.3541666666666667,294,11.731770833333334,14.81262091862326
French Bob,S,Female,1.1003291135564202,0.35625,289,11.553385416666668,14.981596796222137
French Bob,S,Female,1.1069071158749415,0.3541666666666667,289,11.287760416666668,15.693960171296188
French Bob,S,Female,1.1077713264953453,0.35,284,10.522135416666668,14.6837081186332
French Bob,S,Female,1.102273257961923,0.3541666666666667,286,10.653645833333334,15.693048279767805
French Bob,S,Female,1.1072043422772473,0.35625,299,10.602864583333334,15.174026946107784
French Bob,S,Female,1.1370535524945262,0.3166666666666666,305,0.0,15.642271484968116
French Bob,S,Female,1.1139741199054198,0.325,313,0.0,16.489270386266096
French Bob,S,Female,1.106211516853819,0.3291666666666666,313,0.0,15.736054528361016
French Bob,S,Female,1.0923848166877077,0.33125,313,0.0,16.489700349898712
French Bob,S,Female,1.1170003937225643,0.3291666666666666,316,0.0,16.193897940362742
French Bob,S,Female,1.1048266323205806,0.3270833333333333,314,0.0,15.62947562947563
French Bob,S,Female,1.1081507412985072,0.325,313,0.0,16.168826110663932
French Bob,S,Female,1.1132516735775937,0.325,311,0.0,15.27674547323476
French Bob,S,Female,1.1501077788089669,0.3270833333333333,315,0.0,15.307125619204877
French Bob,S,Female,1.1165726453032572,0.3229166666666667,315,0.0,16.39927947263529
French Bob,H,Female,1.3444197691169584,0.1916666666666666,297,1.1536458333333333,15.183565676681964
French Bob,H,Female,1.4323049867805098,0.1979166666666666,299,1.2994791666666667,13.82012274181001
French Bob,H,Female,1.4690767333077286,0.2270833333333333,299,0.9270833333333334,14.105276574050473
French Bob,H,Female,1.2564488930146556,0.28125,299,0.47265625,13.564845482560989
French Bob,H,Female,1.1803842786779737,0.3145833333333333,300,0.4869791666666666,14.515219525880209
French Bob,H,Female,1.2290720005018254,0.3104166666666667,294,0.8203125,12.369605547276542
French Bob,H,Female,1.226980360808387,0.3104166666666667,291,0.671875,13.88936170212766
French Bob,H,Female,1.1991486589578475,0.3104166666666667,293,0.3971354166666666,14.044605995332974
French Bob,H,Female,1.1927004732820212,0.3104166666666667,292,0.3854166666666667,14.19572001783326
French Bob,H,Female,1.1928481751806788,0.3083333333333333,292,0.3567708333333333,14.931190650109569
French Bob,H,Female,1.1844653063753483,0.3125,299,0.0,14.458654084926744
French Bob,H,Female,1.214068696347799,0.3145833333333333,297,0.0,14.281429572529785
French Bob,H,Female,1.186909610819564,0.3125,299,0.0,12.18814551296764
French Bob,H,Female,1.1827169021109432,0.3145833333333333,300,0.0,13.795152091254751
French Bob,H,Female,1.1766618425855104,0.3125,297,0.0,14.668366620131629
French Bob,H,Female,1.1761645342418212,0.3125,299,0.0,12.967087813364516
French Bob,H,Female,1.177136522504149,0.3125,298,0.0,13.742820402914704
French Bob,H,Female,1.2391612716612008,0.3291666666666666,296,0.0,14.685709324535509
French Bob,H,Female,1.1619186163629451,0.3145833333333333,297,0.0,13.970810410193552
French Bob,H,Female,1.1944423796799082,0.3125,297,0.0,14.043583881108887
French Bob,R,Female,1.1166755959087655,0.3270833333333333,311,0.375,13.832820649993312
French Bob,R,Female,1.1097661596709256,0.33125,309,0.4375,12.93082124010554
French Bob,R,Female,1.1049135571726596,0.3354166666666666,311,0.36328125,12.996038163001293
French Bob,R,Female,1.1047201893981584,0.33125,309,0.3541666666666666,13.21618988335273
French Bob,R,Female,1.124427548344766,0.3333333333333333,309,0.33203125,12.755118426334803
French Bob,R,Female,1.1135642300517496,0.33125,309,0.2942708333333333,12.853322528363046
French Bob,R,Female,1.116208834522208,0.33125,309,0.078125,12.55825483391175
French Bob,R,Female,1.1265947166106889,0.33125,308,0.4361979166666667,13.07373046875
French Bob,R,Female,1.0867607867542726,0.33125,309,0.0,12.21923604757548
French Bob,R,Female,1.1106254674283844,0.3333333333333333,312,0.0,12.469951603467532
French Bob,R,Female,0.8726850291015988,0.36875,364,15.35546875,5.810927687737374
French Bob,R,Female,0.8257677632395942,0.3979166666666666,359,14.906249999999998,5.602051393965846
French Bob,R,Female,0.8399869845410698,0.4,372,14.180989583333334,5.688537941291031
French Bob,R,Female,0.8193102882814043,0.3979166666666666,364,14.389322916666666,5.9027555421618665
French Bob,R,Female,0.8177452294021478,0.3916666666666666,367,12.252604166666666,5.959681736786723
French Bob,R,Female,0.8239667985751883,0.4,369,11.930989583333334,5.909049699914779
French Bob,R,Female,0.8184771264042728,0.3958333333333333,366,12.507812500000002,5.666770482192584
French Bob,R,Female,0.8280109236670106,0.3979166666666666,368,11.869791666666666,5.501204557393084
French Bob,R,Female,0.8204588969210985,0.3958333333333333,365,11.087239583333334,5.660267328199052
French Bob,R,Female,0.8215659016361735,0.39375,367,10.091145833333332,5.6724622858603935
French Bob,R,Female,1.0626107319991842,0.4625,332,16.087239583333332,4.633370985960949
French Bob,R,Female,1.0942001714127405,0.4625,333,15.4296875,4.552334223017788
French Bob,R,Female,1.1082131461021782,0.4583333333333333,331,14.970052083333332,4.922651933701657
French Bob,R,Female,1.1090862330252766,0.4604166666666666,330,14.783854166666666,5.015831091278955
French Bob,R,Female,1.103723205441239,0.4604166666666666,322,13.895833333333332,4.8009999504975
French Bob,R,Female,1.0767474828459742,0.4645833333333333,324,12.907552083333334,4.732496590244853
French Bob,R,Female,1.11411916922155,0.4604166666666666,320,13.080729166666666,4.701358668571239
French Bob,R,Female,1.1105746628418476,0.45625,320,13.264322916666666,4.84863968370971
French Bob,R,Female,1.1210208383743028,0.4541666666666666,316,12.9140625,4.68809267517556
French Bob,R,Female,1.1193246607013214,0.4520833333333333,320,13.12890625,5.211804384485666
French Bob,D,Female,1.108475260334301,0.3291666666666666,319,28.947916666666668,4.817627320074102
French Bob,D,Female,1.222655357875517,0.3625,315,28.12630208333333,4.558301988178399
French Bob,D,Female,1.1145048800195467,0.425,315,27.736979166666664,4.931808025739565
French Bob,D,Female,1.1198938272772307,0.4229166666666666,309,25.809895833333336,4.929357647445375
French Bob,D,Female,1.1234577055816326,0.4145833333333333,309,26.12109375,4.693860527193861
French Bob,D,Female,1.1512818875752606,0.425,302,25.51171875,4.503300487898211
French Bob,D,Female,1.1427948257759826,0.4166666666666667,307,24.86067708333333,4.679250958862902
French Bob,D,Female,1.1519974796700962,0.41875,308,24.71875,4.916312556827671
French Bob,D,Female,1.132140224711978,0.41875,308,24.22005208333333,4.8575490633363065
French Bob,D,Female,1.1415140269825936,0.425,309,23.463541666666668,4.966613643089672
French Bob,D,Female,0.7830190654861936,0.51875,279,0.0,28.064810089669752
French Bob,D,Female,0.7583788948515473,0.5583333333333333,289,0.0,27.602242507007837
French Bob,D,Female,0.7814022944672835,0.58125,282,0.0,26.091370558375637
French Bob,D,Female,0.7688863397990796,0.5895833333333333,279,0.0,27.55242016976556
French Bob,D,Female,0.8061014290818292,0.5958333333333333,279,0.0,23.063702341303376
French Bob,D,Female,0.756990456205196,0.6,277,0.0,27.53584705257568
French Bob,D,Female,0.7233037855807574,0.6,274,0.0,29.81776765375854
French Bob,D,Female,1.0958333333333334,0.56875,279,0.0,29.813384321223708
French Bob,D,Female,1.128678763459842,0.3645833333333333,275,0.0,28.98748445273632
French Bob,D,Female,1.1358114517421285,0.36875,273,0.0,28.871410090556274
Classic Bob,R,Female,1.2787652975036763,0.4625,273,1.8802083333333333,5.957212236239813
Classic Bob,R,Female,1.221191089700445,0.4645833333333333,275,1.4049479166666667,5.817677729040801
Classic Bob,R,Female,1.1916200074744028,0.4708333333333333,274,1.0546875,5.883176173265578
Classic Bob,R,Female,1.250215234438036,0.4708333333333333,272,1.7825520833333337,5.819306860435412
Classic Bob,R,Female,1.2298660762039475,0.46875,274,1.484375,5.641686767029859
Classic Bob,R,Female,1.2408741150214575,0.4625,272,2.0729166666666665,5.914178063075635
Classic Bob,R,Female,1.21796113709583,0.4729166666666666,273,1.6536458333333333,6.042752442996743
Classic Bob,R,Female,1.2624633065351774,0.4895833333333333,273,2.0390625,5.76111914278425
Classic Bob,R,Female,1.2398548409858368,0.4604166666666666,271,2.796875,5.640287977794483
Classic Bob,R,Female,1.2207324150216443,0.4625,272,3.1119791666666665,6.29239910869027
Classic Bob,R,Female,1.3244364680765035,0.6083333333333333,354,18.712239583333336,8.512664121426576
Classic Bob,R,Female,1.10687645953151,0.6291666666666667,355,19.59375,9.233486063382973
Classic Bob,R,Female,1.0854234342344409,0.63125,351,17.7890625,8.942114791799188
Classic Bob,R,Female,1.076333093484251,0.63125,348,18.18359375,9.004937304075234
Classic Bob,R,Female,1.0812513970791242,0.6375,358,17.708333333333336,8.30361358557084
Classic Bob,R,Female,1.0827461877938842,0.6354166666666666,355,17.14453125,8.998656881086008
Classic Bob,R,Female,1.077735113063404,0.6333333333333333,355,18.940104166666664,9.567396778638283
Classic Bob,R,Female,1.0752839453278715,0.6354166666666666,351,18.83984375,9.231988768121658
Classic Bob,R,Female,1.0579097540236035,0.6395833333333333,391,18.18489583333333,8.63100869830612
Classic Bob,R,Female,1.0750757102245658,0.6333333333333333,351,17.86328125,9.547754433307633
Classic Bob,R,Female,1.2372664467158914,0.6625,354,14.903645833333334,2.7371987320329403
Classic Bob,R,Female,1.299368746461212,0.675,352,14.536458333333332,2.3265160765160764
Classic Bob,R,Female,1.315782039915232,0.6708333333333333,353,14.850260416666666,2.291499701594339
Classic Bob,R,Female,1.3233961929303428,0.66875,356,14.58203125,2.061808586217396
Classic Bob,R,Female,1.294051176346114,0.66875,355,14.986979166666666,2.4014483145494414
Classic Bob,R,Female,1.3217091464078328,0.675,352,14.143229166666666,2.293483968224394
Classic Bob,R,Female,1.3040337000015452,0.6895833333333333,353,13.141927083333332,2.0771156735102654
Classic Bob,R,Female,1.3092937215452456,0.6854166666666667,365,12.037760416666666,1.904949132550253
Classic Bob,R,Female,1.2867033487688768,0.6770833333333334,371,11.811197916666668,2.2782732261858096
Classic Bob,R,Female,1.293584966337266,0.6875,364,11.092447916666668,2.174566304983432
Classic Bob,R,Female,1.475776800396504,0.70625,317,20.70442708333333,4.605293048614266
Classic Bob,R,Female,1.479612554685266,0.7229166666666667,315,22.1875,5.19559902200489
Classic Bob,R,Female,1.425954836958716,0.70625,317,19.975260416666664,5.1243488166702935
Classic Bob,R,Female,1.4767959738856686,0.7125,315,20.90625,5.183747478100978
Classic Bob,R,Female,1.4511456503613207,0.71875,316,21.240885416666664,5.390618943015894
Classic Bob,R,Female,1.5006579476561173,0.7270833333333333,314,21.93880208333333,5.791475027531256
Classic Bob,R,Female,1.5097960181225512,0.7354166666666667,311,22.424479166666668,4.920027033115566
Classic Bob,R,Female,1.5060361541135958,0.7416666666666667,313,23.631510416666668,5.114566179497736
Classic Bob,R,Female,1.487816412709072,0.7270833333333333,315,22.678385416666664,5.203677839851024
Classic Bob,R,Female,1.437267374996126,0.7291666666666666,315,22.44140625,5.516866368936538
Classic Bob,S,Female,1.2721851166775122,0.4583333333333333,272,4.822916666666666,6.065482020428152
Classic Bob,S,Female,1.2401757332611694,0.4625,270,5.23828125,6.43895595987077
Classic Bob,S,Female,1.2938484200395592,0.53125,273,3.654947916666667,5.962560185953843
Classic Bob,S,Female,1.205251724562854,0.475,275,3.5000000000000004,6.064781870928896
Classic Bob,S,Female,1.1717134011220736,0.4791666666666667,276,2.6875,6.210671623431648
Classic Bob,S,Female,1.1902040254095925,0.4833333333333333,276,2.61328125,5.775055253895059
Classic Bob,S,Female,1.1905042022912904,0.48125,275,2.3046875,5.969596809440559
Classic Bob,S,Female,1.1786935652066546,0.475,274,2.450520833333333,6.186834649134872
Classic Bob,S,Female,1.2215773437774142,0.4854166666666666,274,1.8346354166666663,6.227913002729002
Classic Bob,S,Female,1.1876726460157552,0.4729166666666666,274,1.2825520833333333,6.327178303519908
Classic Bob,S,Female,1.1883972620907215,0.4729166666666666,274,0.9739583333333331,6.090742061098009
Classic Bob,S,Female,1.2010644143085645,0.4729166666666666,275,0.2434895833333333,6.201686865378316
Classic Bob,S,Female,1.1914429483540812,0.4708333333333333,273,0.0,6.271125692702158
Classic Bob,S,Female,1.2190294806663204,0.4729166666666666,274,0.0,6.039970392301998
Classic Bob,S,Female,1.2069299647640168,0.46875,274,0.0,5.813286713286713
Classic Bob,S,Female,1.2256920320038889,0.46875,273,0.0,5.86958339138916
Classic Bob,S,Female,1.2104832062021522,0.475,275,0.0,5.92145305003427
Classic Bob,S,Female,1.2063246739500264,0.4708333333333333,275,0.0,5.987684729064039
Classic Bob,S,Female,1.177375929264292,0.4729166666666666,277,0.0,6.050940798531436
Classic Bob,S,Female,1.193195028012385,0.4770833333333333,277,0.0,5.9391744527316295
Classic Bob,O,Female,1.427659323429939,0.4354166666666667,292,10.263020833333334,5.490751362202467
Classic Bob,O,Female,1.2048047762564105,0.4854166666666666,291,10.673177083333334,5.570669729380518
Classic Bob,O,Female,1.1563232497625775,0.5020833333333333,291,10.606770833333332,5.696548418024928
Classic Bob,O,Female,1.0963967382723852,0.50625,295,9.739583333333334,5.6126845856430805
Classic Bob,O,Female,1.2340992418944867,0.5833333333333334,295,9.717447916666666,5.921865241829158
Classic Bob,O,Female,1.1182838346585258,0.50625,297,9.307291666666668,5.72655997039641
Classic Bob,O,Female,1.288663909550546,0.6375,299,8.631510416666668,5.636283426089317
Classic Bob,O,Female,1.1355706527369334,0.5104166666666666,298,9.305989583333334,5.68974986841202
Classic Bob,O,Female,1.1056402977550197,0.5104166666666666,297,9.178385416666666,5.716152100666988
Classic Bob,O,Female,1.2072678595669897,0.5708333333333333,296,8.770833333333334,5.755522490557399
Classic Bob,O,Female,1.3210523091912765,0.64375,298,9.092447916666666,5.721487941136394
Classic Bob,O,Female,1.2617604021320818,0.6416666666666667,299,8.62109375,5.462010221465077
Classic Bob,O,Female,1.127226240517798,0.5125,296,8.822916666666666,5.410017526058482
Classic Bob,O,Female,1.1261849493244582,0.51875,297,8.865885416666666,5.659368459787033
Classic Bob,O,Female,1.1385039201935592,0.5166666666666667,297,8.684895833333334,5.588911332451069
Classic Bob,O,Female,1.1313633475042708,0.5166666666666667,296,8.544270833333334,5.660357664741493
Classic Bob,O,Female,1.2882287220803694,0.61875,297,8.14453125,5.485616827743036
Classic Bob,O,Female,1.1584412874999903,0.5541666666666667,296,8.013020833333332,5.648475120385233
Classic Bob,O,Female,1.11566677931293,0.5166666666666667,297,7.930989583333334,5.567074007963751
Classic Bob,O,Female,1.11449392262575,0.51875,297,7.825520833333334,5.511978361669243
Classic Bob,S,Male,1.3458782867064722,0.4104166666666666,252,0.0,7.645259422004394
Classic Bob,S,Male,1.457787309197946,0.4916666666666666,249,0.0,8.692307692307692
Classic Bob,S,Male,1.2506863087237157,0.425,253,0.0,7.081713333551148
Classic Bob,S,Male,1.2622139999347466,0.425,251,0.0,8.213229183978727
Classic Bob,S,Male,1.3863656031205014,0.48125,253,0.0,9.526806064810229
Classic Bob,S,Male,1.4400090820597655,0.48125,251,0.0,7.752054519943877
Classic Bob,S,Male,1.2808331249488836,0.4333333333333333,249,0.0,6.365336028297119
Classic Bob,S,Male,1.2858203674950048,0.4291666666666666,250,0.0,8.880213580495669
Classic Bob,S,Male,1.3004264008141446,0.41875,247,0.0,8.605855235998348
Classic Bob,S,Male,1.2747466195413948,0.425,248,0.0,9.54051724137931
Classic Bob,S,Male,1.300689939888325,0.375,241,0.0,9.75536278175021
Classic Bob,S,Male,1.2855456782337311,0.4083333333333333,244,0.0,8.982159194876488
Classic Bob,S,Male,1.3273900687963935,0.4291666666666666,245,0.0,8.804187968345122
Classic Bob,S,Male,1.3174976511248369,0.4125,244,0.0,8.92263518333571
Classic Bob,S,Male,1.3079653917102143,0.4104166666666666,244,0.0,9.442424890409496
Classic Bob,S,Male,1.3245536925539834,0.4083333333333333,241,0.0,9.218096519620325
Classic Bob,S,Male,1.3053152746535683,0.4083333333333333,243,0.0,9.849471988544837
Classic Bob,S,Male,1.3092622178324906,0.4125,244,0.0,10.199634093844168
Classic Bob,S,Male,1.3289112306667132,0.4041666666666667,241,0.0,10.435778149305808
Classic Bob,S,Male,1.3381144281725952,0.4208333333333333,242,0.0,10.295947901591896
Classic Bob,S,Female,1.450167336362389,0.4625,250,8.184895833333334,5.831745167438061
Classic Bob,S,Female,1.2896834823414132,0.4375,253,7.751302083333334,5.320972886762361
Classic Bob,S,Female,1.3013530237134352,0.4375,253,7.798177083333334,5.6517464338088255
Classic Bob,S,Female,1.2927166566196795,0.44375,256,6.376302083333334,6.103327495621716
Classic Bob,S,Female,1.2853843988137164,0.4416666666666666,256,6.0546875,6.156151729559748
Classic Bob,S,Female,1.290898110677026,0.4354166666666667,256,7.274739583333334,6.183574095114429
Classic Bob,S,Female,1.2773104801949149,0.4375,254,7.259114583333333,6.337929888685828
Classic Bob,S,Female,1.2853369628865978,0.4333333333333333,251,7.815104166666667,6.804484577922078
Classic Bob,S,Female,1.295772653415212,0.4375,252,7.606770833333333,6.471646105751454
Classic Bob,S,Female,1.3243401539476325,0.4354166666666667,250,7.734375,6.4184856753069575
Classic Bob,H,Female,1.3766330076259568,0.3708333333333333,213,4.549479166666667,12.021824365817942
Classic Bob,H,Female,1.497534338441226,0.3895833333333333,216,4.5546875,8.56303837118246
Classic Bob,H,Female,1.6908120826879225,0.4416666666666666,217,4.25,10.598993744900737
Classic Bob,H,Female,1.4979866384583471,0.3833333333333333,219,3.6796875,8.63094698685999
Classic Bob,H,Female,1.468856347795401,0.375,218,2.243489583333333,9.0937791809329
Classic Bob,H,Female,1.473714102024103,0.3770833333333333,222,1.3033854166666663,10.390053739758612
Classic Bob,H,Female,1.4549544446731026,0.3770833333333333,218,1.3971354166666667,8.32501325322495
Classic Bob,H,Female,1.458932787917388,0.3770833333333333,220,1.46484375,9.89029255319149
Classic Bob,H,Female,1.4739577120052367,0.3770833333333333,219,0.8255208333333333,9.548458149779735
Classic Bob,H,Female,1.492636984475597,0.3770833333333333,220,0.96875,9.161069376933275
Classic Bob,H,Female,1.612771319283275,0.4479166666666667,231,0.0,11.469173414575485
Classic Bob,H,Female,1.916578370927826,0.4166666666666667,232,0.0,13.735934881493897
Classic Bob,H,Female,1.6811383498335892,0.3875,229,0.0,11.776567200585411
Classic Bob,H,Female,1.7188021306653782,0.4541666666666666,226,0.0,12.452842052313883
Classic Bob,H,Female,1.394301557612773,0.39375,227,0.0,12.081290000831189
Classic Bob,H,Female,1.41025484711139,0.3916666666666666,227,0.0,11.714082503556188
Classic Bob,H,Female,1.4281011042843963,0.39375,226,0.0,10.43942233960978
Classic Bob,H,Female,1.3715969079387234,0.3854166666666667,223,0.0,11.468105684266057
Classic Bob,H,Female,1.4430571066618527,0.4,224,0.0,12.08752129471891
Classic Bob,H,Female,1.417764034006566,0.3833333333333333,221,0.0,12.779397050506809
Classic Bob,R,Female,1.3551557833754444,0.4229166666666666,254,0.0,9.36734693877551
Classic Bob,R,Female,1.2741138309137785,0.4229166666666666,251,0.0,9.108091221493284
Classic Bob,R,Female,1.3050240927359922,0.4333333333333333,254,0.0,8.665410480491213
Classic Bob,R,Female,1.2814135115686165,0.4291666666666666,253,0.0,9.431586113002044
Classic Bob,R,Female,1.2919025607431576,0.4270833333333333,252,0.0,7.985541543748177
Classic Bob,R,Female,1.3479114240927883,0.4479166666666667,254,0.0,9.442901032814747
Classic Bob,R,Female,1.3355797560934557,0.44375,252,0.0,8.253647476340694
Classic Bob,R,Female,1.3259794676989292,0.4375,251,0.0,8.57015516672169
Classic Bob,R,Female,1.300396905445496,0.4270833333333333,251,0.0,9.172847414199987
Classic Bob,R,Female,1.2967695342104877,0.4270833333333333,252,0.0,9.43318430203676
Classic Bob,O,Female,0.9303876875623718,0.28125,220,0.1653645833333333,11.281680746998664
Classic Bob,O,Female,1.060489257266515,0.3166666666666666,222,0.0,11.489696122947956
Classic Bob,O,Female,1.3199420279292582,0.3708333333333333,223,0.0,8.347648889083658
Classic Bob,O,Female,1.4416644691138656,0.3833333333333333,220,0.0,9.427895566847733
Classic Bob,O,Female,1.4345200777369649,0.3708333333333333,220,0.0,11.40473866359038
Classic Bob,O,Female,1.4596778651442526,0.3875,221,0.0,10.52614336259992
Classic Bob,O,Female,1.4322296981480194,0.3833333333333333,223,0.0,11.528088437715072
Classic Bob,O,Female,1.4231236404283711,0.3791666666666666,222,0.0,10.78405272116266
Classic Bob,O,Female,1.4075772010363328,0.3770833333333333,223,0.0,10.99566630552546
Classic Bob,O,Female,1.434960063707233,0.375,225,0.0,11.385244808111354
Classic Bob,O,Female,1.3673242997609665,0.375,222,0.0,9.35177374239666
Classic Bob,O,Female,1.4102111511060686,0.3833333333333333,224,0.0,9.693140794223826
Classic Bob,O,Female,1.591568775237459,0.4583333333333333,225,0.0,11.102875966045865
Classic Bob,O,Female,1.4041155824181828,0.3833333333333333,227,0.0,12.12233255863089
Classic Bob,O,Female,1.4117389086608858,0.3875,225,0.0,9.854295445944242
Classic Bob,O,Female,1.4220819569775711,0.3875,226,0.0,11.91200434546442
Classic Bob,O,Female,1.4047759248889076,0.3833333333333333,225,0.0,11.351453696301595
Classic Bob,O,Female,1.447420554665681,0.4020833333333333,226,0.0,11.412526257126936
Classic Bob,O,Female,1.3965137385953927,0.3833333333333333,227,0.0,9.34882819231432
Classic Bob,O,Female,1.4011085633513416,0.3875,227,0.0,11.034461462450594
Classic Bob,D,Female,1.1374382007717876,0.3666666666666666,215,0.0,10.15385702841525
Classic Bob,D,Female,1.4648824025068117,0.3708333333333333,211,0.0,9.04826714625966
Classic Bob,D,Female,1.4683028986746296,0.3625,209,0.0,9.997052321296978
Classic Bob,D,Female,1.499592367021069,0.3604166666666666,211,0.0,12.761713650210336
Classic Bob,D,Female,1.4902732170727162,0.3625,210,0.0,12.466389635785871
Classic Bob,D,Female,1.5412376383145518,0.3583333333333333,207,0.0,14.031678722873536
Classic Bob,D,Female,1.528023851643811,0.3604166666666666,207,0.0,13.141625434771958
Classic Bob,D,Female,1.5587417487888522,0.3625,209,0.0,13.56844355896788
Classic Bob,D,Female,1.5261069416002055,0.3625,209,0.0,14.530338389731622
Classic Bob,D,Female,1.517152909110001,0.3645833333333333,210,0.0,13.944160724609752
Classic Bob,D,Female,1.4999546441256797,0.36875,212,0.0,14.798250564334086
Classic Bob,D,Female,1.484249696270585,0.3666666666666666,211,0.0,12.91427630960218
Classic Bob,D,Female,1.5299426902296414,0.3666666666666666,212,0.0,11.924763116956584
Classic Bob,D,Female,1.692564123928542,0.4333333333333333,211,0.0,14.003692657292998
Classic Bob,D,Female,1.5112685417592866,0.3708333333333333,213,0.0,12.357673849628306
Classic Bob,D,Female,1.5216338360216368,0.36875,212,0.0,13.2441118513653
Classic Bob,D,Female,1.49708000545423,0.375,213,0.0,12.726367006487488
Classic Bob,D,Female,1.5285580982206333,0.3729166666666667,214,0.0,13.798496380174496
Classic Bob,D,Female,1.4821155114343307,0.3770833333333333,217,0.0,14.425918395011522
Classic Bob,D,Female,1.574479676493291,0.4479166666666667,223,0.0,9.180129754484163
Classic Bob,D,Female,1.3606591261935426,0.4083333333333333,239,0.0,11.882871536523927
Classic Bob,D,Female,1.364917412088171,0.41875,239,0.0,11.97954873846838
Classic Bob,D,Female,1.375793614666344,0.4145833333333333,234,0.0,12.885010266940451
Classic Bob,D,Female,1.4011771775355528,0.4041666666666667,228,0.0,12.889019496574926
Classic Bob,D,Female,1.400748983367671,0.4,228,0.0,12.569775357385977
Classic Bob,D,Female,1.4394308308112844,0.4125,227,0.0,13.365147409714078
Classic Bob,D,Female,1.446953886097914,0.4,227,0.0,13.610043297050137
Classic Bob,D,Female,1.4311809468729753,0.4041666666666667,227,0.0,13.302378164493076
Classic Bob,D,Female,1.452899638502737,0.3958333333333333,225,0.0,13.5955378747488
Classic Bob,D,Female,1.4405514517197178,0.3958333333333333,227,0.0,14.50896336710834
Classic Bob,D,Female,1.437056330270153,0.3166666666666666,234,1.05859375,10.62989857076994
Classic Bob,D,Female,1.47612269296305,0.3916666666666666,235,0.0872395833333333,9.43640602449765
Classic Bob,D,Female,1.5644308131092626,0.4583333333333333,232,0.0924479166666666,10.057892339230127
Classic Bob,D,Female,1.4059042762455425,0.4770833333333333,234,0.3828125,9.41611111111111
Classic Bob,D,Female,1.3333457231195749,0.4270833333333333,233,0.015625,9.660742833773284
Classic Bob,D,Female,1.3622106633421172,0.43125,237,0.0,9.895742832319725
Classic Bob,D,Female,1.394175716810096,0.425,237,0.0,8.28446909667195
Classic Bob,D,Female,1.4149541983781613,0.4270833333333333,238,0.0,9.826483027871165
Classic Bob,D,Female,1.5167263427142257,0.4770833333333333,239,0.0,9.625067531064287
Classic Bob,D,Female,1.3957335227158842,0.4291666666666666,240,0.0,9.889446171234813
Classic Bob,D,Female,1.1578782904316265,0.4208333333333333,239,0.2630208333333333,9.58590308370044
Classic Bob,D,Female,1.3386283150522094,0.4208333333333333,238,0.0,9.090825989981353
Classic Bob,D,Female,1.4011132084885,0.4125,238,0.0208333333333333,9.076656996206204
Classic Bob,D,Female,1.394962292216428,0.4166666666666667,236,0.2669270833333333,9.143734364339322
Classic Bob,D,Female,1.4318325550869289,0.4083333333333333,233,0.2955729166666667,9.908582741353207
Classic Bob,D,Female,1.4275547542304896,0.40625,232,0.546875,10.008902996051717
Classic Bob,D,Female,1.3888407311578037,0.4104166666666666,232,0.4244791666666667,10.070201902993734
Classic Bob,D,Female,1.4367754235613297,0.4041666666666667,232,0.8046875,9.935978252304784
Classic Bob,D,Female,1.4436021047022958,0.425,232,0.25390625,10.613449293368536
Classic Bob,D,Female,1.4389359897582124,0.4104166666666666,232,0.3828125,10.216235102294345
Long Bob,S,Female,1.9841823681239188,0.54375,256,14.960937499999998,6.676737160120846
Long Bob,S,Female,1.9394928704403485,0.5541666666666667,259,13.01171875,6.515620321389361
Long Bob,S,Female,1.940630995442342,0.5458333333333333,254,12.5703125,6.5287131767004265
Long Bob,S,Female,1.9461309928619084,0.5354166666666667,250,13.384114583333334,6.75307720999627
Long Bob,S,Female,1.9862270850029704,0.5333333333333333,249,13.768229166666668,7.3998316955317875
Long Bob,S,Female,1.9702754312069268,0.5354166666666667,250,13.770833333333332,6.692618779058571
Long Bob,S,Female,1.9545527826778857,0.5375,250,13.429687500000002,6.764514024787998
Long Bob,S,Female,1.920750273984612,0.5458333333333333,252,11.290364583333332,6.675745716099006
Long Bob,S,Female,1.9691888730670992,0.54375,253,10.067708333333334,6.802937480364436
Long Bob,S,Female,1.9269904176770793,0.54375,251,9.796875,7.0612089556156326
Long Bob,S,Female,1.9036110458451345,0.5416666666666666,252,7.493489583333333,6.837113183552352
Long Bob,S,Female,1.9548836796764042,0.5458333333333333,253,6.963541666666667,8.125673721572236
Long Bob,S,Female,1.9563980831855987,0.5479166666666667,252,7.17578125,7.7628342458144886
Long Bob,S,Female,1.9619509963681452,0.55,251,6.977864583333333,8.065003178639543
Long Bob,S,Female,1.9897531306453327,0.5354166666666667,247,7.826822916666666,7.926989875709935
Long Bob,S,Female,1.9805333662237758,0.5395833333333333,247,7.37109375,7.808780891895624
Long Bob,S,Female,1.968661063211413,0.5354166666666667,247,6.677083333333334,8.361682957461912
Long Bob,S,Female,1.9966396497556196,0.5416666666666666,248,6.541666666666666,8.232713090111318
Long Bob,S,Female,1.9924045996897513,0.5395833333333333,248,6.265625,8.231642426392337
Long Bob,S,Female,1.9952677882099232,0.5416666666666666,249,5.807291666666667,8.386291482375926
Long Bob,R,Female,1.9353205886781688,0.48541666666666666,244,1.6119791666666667,8.591429059245348
Long Bob,R,Female,2.2306927172045263,0.4791666666666667,243,1.5364583333333333,9.036062211587764
Long Bob,R,Female,2.1695360425782244,0.4708333333333333,239,2.067708333333333,8.998857845721314
Long Bob,R,Female,2.1034480689156547,0.475,237,1.91796875,8.98153081157876
Long Bob,R,Female,2.2680601735115267,0.46458333333333335,237,2.036458333333333,8.614864864864865
Long Bob,R,Female,2.2249944344366352,0.46458333333333335,237,1.9388020833333333,9.430563887222556
Long Bob,R,Female,2.2493054346083516,0.45625,234,2.3841145833333335,8.333179765963328
Long Bob,R,Female,2.1726497668855784,0.4625,237,1.328125,8.300278568400653
Long Bob,R,Female,2.218976036106876,0.4666666666666667,241,0.8111979166666666,8.859211183225161
Long Bob,R,Female,2.2366084997731246,0.47291666666666665,242,0.5559895833333334,9.051543694400838
Long Bob,R,Female,2.286908757224797,0.5458333333333333,295,0.6627604166666667,5.9121044900551825
Long Bob,R,Female,1.9769501097938416,0.5354166666666667,285,0.8216145833333334,5.891304347826087
Long Bob,R,Female,1.891979628542673,0.5375,277,0.0,6.016344229486324
Long Bob,R,Female,1.8796773045237127,0.525,274,0.0,6.719978190740152
Long Bob,R,Female,1.940512555657252,0.525,276,0.0,6.899198008849558
Long Bob,R,Female,1.9364693011204055,0.5229166666666667,275,0.0,7.292692939244663
Long Bob,R,Female,1.9192073446642994,0.525,274,0.0,6.813678751656938
Long Bob,R,Female,1.9962418177169625,0.5354166666666667,272,0.0,6.86285981745846
Long Bob,R,Female,1.9983439897774282,0.5354166666666667,270,0.0,6.749047193337411
Long Bob,R,Female,2.0407477813933204,0.5354166666666667,269,0.0,7.197189461670154
Long Bob,D,Female,1.7145891519557843,0.5479166666666667,286,10.881510416666666,3.854842380789803
Long Bob,D,Female,1.55669965550701,0.6,285,8.194010416666666,3.9945125887669466
Long Bob,D,Female,1.5291576411036096,0.60625,284,8.37890625,4.1146905999055265
Long Bob,D,Female,1.4797122046920348,0.6104166666666667,282,7.90234375,3.8443942552698633
Long Bob,D,Female,1.5051225089404239,0.60625,286,6.511718750000001,3.966858302333446
Long Bob,D,Female,1.4752904376546814,0.6083333333333333,286,6.470052083333333,4.368921143199162
Long Bob,D,Female,1.5195319852346854,0.5979166666666667,283,6.595052083333333,3.8851377646326277
Long Bob,D,Female,1.5101254352213929,0.59375,279,7.140625,4.259145920120037
Long Bob,D,Female,1.5144315079955217,0.5958333333333333,280,6.99609375,4.0399239543726235
Long Bob,D,Female,1.546030784066088,0.5979166666666667,279,6.401041666666667,4.119418747922004
Long Bob,D,Female,1.5144266973444565,0.5979166666666667,282,5.0234375,4.128975470092084
Long Bob,D,Female,1.5042510618803757,0.6,281,5.005208333333333,3.8885630498533725
Long Bob,D,Female,1.5221820352719377,0.5958333333333333,279,5.154947916666667,3.900970257346376
Long Bob,D,Female,1.5361813775384499,0.59375,280,5.369791666666666,4.077224872836244
Long Bob,D,Female,1.515409359786497,0.5979166666666667,279,5.075520833333334,3.7520159283225487
Long Bob,D,Female,1.5855869187640408,0.6041666666666666,280,4.979166666666666,4.195843753721567
Long Bob,D,Female,1.5227884565530538,0.5916666666666667,279,5.208333333333334,4.180410536307546
Long Bob,D,Female,1.5682729787667145,0.6041666666666666,280,4.61328125,4.362332179515397
Long Bob,D,Female,1.556636793657716,0.6041666666666666,278,4.84375,4.236718224613315
Long Bob,D,Female,1.518201249812477,0.60625,279,4.661458333333333,3.8452380952380953
Long Bob,D,Female,1.4137246019354899,0.5895833333333333,276,1.1471354166666665,3.847113328581611
Long Bob,D,Female,1.4164598553039027,0.5541666666666667,285,0.12630208333333331,3.5853757459876006
Long Bob,D,Female,1.3369780168026164,0.5583333333333333,284,0.11067708333333333,3.567134268537074
Long Bob,D,Female,1.4085175998134172,0.56875,282,0.5559895833333334,3.4688171210743244
Long Bob,D,Female,1.4256743503474938,0.5895833333333333,283,1.6080729166666665,4.259065285289861
Long Bob,D,Female,1.458832551403395,0.6,280,2.4153645833333335,3.961184521000472
Long Bob,D,Female,1.4785142129636262,0.6083333333333333,281,3.015625,3.87308919379147
Long Bob,D,Female,1.5178905734387236,0.6166666666666667,276,3.3502604166666665,3.961553550411926
Long Bob,D,Female,1.5034834595694389,0.6020833333333333,280,2.424479166666667,4.192974873779542
Long Bob,D,Female,1.5113783759473374,0.6041666666666666,278,2.4947916666666665,3.8537139470564994
Long Bob,S,Female,1.386720330912802,0.63125,299,8.897135416666666,4.188783873330311
Long Bob,S,Female,1.4133597458584901,0.6395833333333333,296,10.981770833333334,4.159920627952307
Long Bob,S,Female,1.4566683214738854,0.6354166666666666,292,10.889322916666666,4.04997543980934
Long Bob,S,Female,1.4722575831085438,0.6333333333333333,293,10.7265625,3.892988929889299
Long Bob,S,Female,1.475231828600016,0.63125,291,10.28125,4.264152641526415
Long Bob,S,Female,1.488867031867542,0.63125,293,10.298177083333334,4.455522569568639
Long Bob,S,Female,1.4478187476458764,0.6333333333333333,291,10.177083333333334,4.037233171370858
Long Bob,S,Female,1.4681315320635613,0.6333333333333333,292,10.127604166666666,4.020704941074711
Long Bob,S,Female,1.4839482016768515,0.6375,296,8.625,3.6445991180064823
Long Bob,S,Female,1.4768312769373872,0.6270833333333333,294,8.533854166666668,4.1893545426736
Long Bob,S,Female,1.4425372187932672,0.6291666666666667,292,6.09375,4.090202732874877
Long Bob,S,Female,1.476654634323983,0.6270833333333333,292,6.441406249999999,4.214080201402625
Long Bob,S,Female,1.4559426363097079,0.6354166666666666,293,6.520833333333333,3.9682156831216164
Long Bob,S,Female,1.45023196602938,0.6354166666666666,292,5.825520833333334,3.84257330701103
Long Bob,S,Female,1.5024827927107092,0.6354166666666666,285,7.045572916666666,3.958873691478047
Long Bob,S,Female,1.4725601585801662,0.6229166666666667,285,7.009114583333333,3.9163402728202357
Long Bob,S,Female,1.4875029348432307,0.6375,293,7.977864583333333,4.15534538145403
Long Bob,S,Female,1.468936965880823,0.6395833333333333,292,7.233072916666666,4.342834310069259
Long Bob,S,Female,1.4847912015854194,0.6354166666666666,292,6.881510416666667,4.304221616972477
Long Bob,S,Female,1.4688624035459255,0.63125,291,6.760416666666667,4.267918742813339
Long Bob,S,Female,1.7950899174558395,0.5979166666666667,319,20.865885416666664,4.44755804643715
Long Bob,S,Female,1.587924543648006,0.6375,320,22.119791666666664,4.949390800617071
Long Bob,S,Female,1.5671035144867191,0.6541666666666667,318,20.774739583333332,5.174732071976713
Long Bob,S,Female,1.6111661165636593,0.6416666666666667,311,20.24609375,4.854460945097328
Long Bob,S,Female,1.6186675912597135,0.6458333333333334,311,20.21875,4.839094950567315
Long Bob,S,Female,1.6037350763884626,0.6395833333333333,311,19.891927083333332,4.868925252857495
Long Bob,S,Female,1.62710393763371,0.6375,310,19.709635416666664,5.017228464419476
Long Bob,S,Female,1.5611762232952315,0.6354166666666666,306,19.852864583333332,4.74389949263107
Long Bob,S,Female,1.6363455104168243,0.63125,301,18.828125,4.822218710493047
Long Bob,S,Female,1.620688127763014,0.61875,302,18.536458333333332,5.170305208389208
Long Bob,S,Female,1.6386417380121292,0.6104166666666667,297,16.502604166666668,5.178023724178708
Long Bob,S,Female,1.6595179362744796,0.6041666666666666,296,14.76953125,5.328315452451834
Long Bob,S,Female,1.681881503934837,0.6,289,15.23046875,5.2457142857142856
Long Bob,S,Female,1.7050726316251084,0.6,290,14.368489583333332,5.196513652628155
Long Bob,S,Female,1.687085363094805,0.6020833333333333,294,14.873697916666668,5.547860127225506
Long Bob,S,Female,1.6548553778137203,0.6041666666666666,290,12.673177083333334,5.015577493337338
Long Bob,S,Female,1.6555802055670525,0.59375,290,13.911458333333334,5.595327360985043
Long Bob,S,Female,1.6819677342305104,0.6041666666666666,294,13.373697916666666,5.395917818223751
Long Bob,S,Female,1.6710619234073734,0.6,289,11.239583333333334,4.989776614243947
Long Bob,S,Female,1.6810451763050722,0.5958333333333333,287,11.282552083333334,5.2353455818022745
Long Bob,H,Female,1.6461215560806846,0.5958333333333333,269,3.18359375,4.714439655172414
Long Bob,H,Female,1.6189283243362182,0.59375,270,2.9817708333333335,4.763283343904086
Long Bob,H,Female,1.5780078766998036,0.6145833333333334,271,2.6940104166666665,4.632443912900033
Long Bob,H,Female,1.6324885113169174,0.6041666666666666,268,4.065104166666666,4.9162998391602475
Long Bob,H,Female,1.6167527079091988,0.6041666666666666,266,4.186197916666667,4.636561758861611
Long Bob,H,Female,1.6608854223480753,0.6104166666666667,267,4.319010416666667,5.0061283573888975
Long Bob,H,Female,1.5894911549652198,0.6104166666666667,268,3.4856770833333335,4.577545195052331
Long Bob,H,Female,1.5904597762845458,0.6104166666666667,272,2.6966145833333335,4.433931781004503
Long Bob,H,Female,1.5951876131737446,0.6145833333333334,273,3.1927083333333335,4.51679990260926
Long Bob,H,Female,1.567739204397182,0.6104166666666667,272,2.7434895833333335,4.234288515348951
Long Bob,H,Female,1.419391631665974,0.53125,296,14.558593750000002,3.4220183486238533
Long Bob,H,Female,1.3721699033377848,0.5770833333333333,285,15.36328125,4.052671784170517
Long Bob,H,Female,1.4709884292531443,0.6270833333333333,287,14.048177083333332,4.246503975870579
Long Bob,H,Female,1.6046996479820426,0.6229166666666667,295,14.662760416666668,3.928867129846287
Long Bob,H,Female,1.7008568082703617,0.6270833333333333,293,14.657552083333334,4.0297498918841
Long Bob,H,Female,1.7038503063773407,0.6125,297,14.265625000000002,3.7934341971912553
Long Bob,H,Female,1.710779706623145,0.6104166666666667,299,14.26171875,3.8587875811644023
Long Bob,H,Female,1.712113820865916,0.60625,315,14.44140625,4.376937272678409
Long Bob,H,Female,1.6861684803306107,0.6083333333333333,312,14.912760416666668,4.685295565155575
Long Bob,H,Female,1.6967471258508016,0.6083333333333333,311,14.96484375,4.512904927335892
Long Bob,H,Female,1.7086982527271206,0.6208333333333333,318,13.147135416666666,5.105466994017774
Long Bob,H,Female,1.7002295673957792,0.61875,316,13.063802083333334,4.656230870135548
Long Bob,H,Female,1.665691966873181,0.61875,317,12.295572916666666,4.960521292472148
Long Bob,H,Female,1.6915025116902636,0.6166666666666667,317,12.950520833333334,4.823220008360039
Long Bob,H,Female,1.7139027120893198,0.6229166666666667,317,12.755208333333334,4.738557546891025
Long Bob,H,Female,1.6748263783240132,0.6166666666666667,318,12.260416666666666,4.693469259942243
Long Bob,H,Female,1.6810793919857692,0.6208333333333333,318,11.817708333333334,4.88504051779486
Long Bob,H,Female,1.700109283662585,0.6166666666666667,315,11.85546875,4.825001755248192
Long Bob,H,Female,1.6762552450600285,0.6229166666666667,317,11.1484375,4.563906647954675
Long Bob,H,Female,1.6546262195057115,0.6229166666666667,316,10.635416666666666,4.602536263354469
Long Bob,O,Female,1.4888078466779966,0.6,298,2.065104166666667,8.752964192553948
Long Bob,O,Female,1.548410296297796,0.5833333333333334,300,4.30859375,6.375248257330893
Long Bob,O,Female,1.7248151053481298,0.5791666666666667,301,4.00390625,6.580160910518053
Long Bob,O,Female,1.7695305074882934,0.5791666666666667,299,4.1875,7.0816674506114765
Long Bob,O,Female,1.8019611752584315,0.5833333333333334,297,5.526041666666667,7.291892638097304
Long Bob,O,Female,1.8048545019557038,0.5729166666666666,296,5.44140625,6.043121526151841
Long Bob,O,Female,1.8915454391575257,0.59375,296,5.364583333333333,6.486706948640483
Long Bob,O,Female,1.9135481360540851,0.5958333333333333,294,5.08984375,6.003213029947864
Long Bob,O,Female,1.8309835445994627,0.575,295,4.713541666666667,5.731270358306189
Long Bob,O,Female,1.8373687692155922,0.5729166666666666,297,4.729166666666667,5.268871446155088
Long Bob,O,Female,1.7417652597965187,0.6125,323,10.552083333333332,4.566839907983301
Long Bob,O,Female,1.6346276909008102,0.6291666666666667,328,9.93359375,4.363914071738273
Long Bob,O,Female,1.6205748901477772,0.625,323,9.346354166666666,3.714804186360567
Long Bob,O,Female,1.6421364347956855,0.6229166666666667,322,8.516927083333334,4.3743736943118705
Long Bob,O,Female,1.6521528964828087,0.6229166666666667,322,7.673177083333334,4.220114756610424
Long Bob,O,Female,1.657630686778373,0.6229166666666667,322,7.18359375,4.208616703511821
Long Bob,O,Female,1.64314219306907,0.6166666666666667,320,7.180989583333333,4.4422810882820105
Long Bob,O,Female,1.654906059405904,0.61875,322,8.423177083333332,4.779497589444303
Long Bob,O,Female,1.637721821343693,0.6229166666666667,323,8.005208333333332,4.2388262233907215
Long Bob,O,Female,1.6421865274797465,0.6208333333333333,320,6.703125,4.449043823338237
Long Bob,O,Female,1.7255317996678452,0.5875,262,10.915364583333332,6.933070866141732
Long Bob,O,Female,1.8551597163288136,0.5791666666666667,263,11.759114583333332,7.719989885522505
Long Bob,O,Female,1.8962753902355143,0.575,259,12.069010416666668,7.430246663970886
Long Bob,O,Female,1.933121062261504,0.5645833333333333,255,12.644531249999998,7.502920418593332
Long Bob,O,Female,1.901184388213638,0.5770833333333333,259,13.595052083333334,6.513238289205702
Long Bob,O,Female,1.911945127382879,0.5666666666666667,257,15.145833333333334,7.834033613445378
Long Bob,O,Female,1.9339419944543876,0.5666666666666667,257,13.830729166666666,7.8172484599589325
Long Bob,O,Female,1.9366704771084582,0.56875,256,13.516927083333332,7.7076001497566455
Long Bob,O,Female,1.9374024586855034,0.55625,254,13.9609375,7.41630676286292
Long Bob,O,Female,1.9536910431025165,0.5604166666666667,252,13.67578125,7.007341726339736
Long Bob,O,Female,2.0206857183879494,0.5229166666666667,235,10.899739583333332,10.505334914048607
Long Bob,O,Female,2.1023374273824755,0.5166666666666667,233,10.65234375,9.613321412606169
Long Bob,O,Female,2.1271652068348432,0.5083333333333333,233,10.649739583333332,9.48147013782542
Long Bob,O,Female,2.1056342954210936,0.5145833333333333,233,11.2265625,9.815439300036456
Long Bob,O,Female,2.1234565873494047,0.51875,235,10.802083333333332,9.403404863239977
Long Bob,O,Female,2.0769275120644695,0.51875,235,10.645833333333334,8.727134146341463
Long Bob,O,Female,2.067769669836899,0.5166666666666667,237,10.21484375,8.91740509142637
Long Bob,O,Female,2.104192504711386,0.525,236,10.079427083333334,8.339488890212664
Long Bob,O,Female,2.1110753633731747,0.5229166666666667,236,9.315104166666668,8.730923816143362
Long Bob,O,Female,2.122048500200602,0.51875,236,8.473958333333332,9.078029642545772
Long Bob,R,Female,2.2665238213022834,0.5916666666666667,309,8.251302083333334,5.168417799752781
Long Bob,R,Female,1.970317804161931,0.59375,308,6.765625,4.345540246555475
Long Bob,R,Female,1.8264476353165224,0.5895833333333333,306,6.13671875,4.693222508766397
Long Bob,R,Female,1.7973333693684461,0.5791666666666667,304,7.549479166666667,4.570741042499574
Long Bob,R,Female,1.7528867412840066,0.58125,302,7.678385416666666,4.7249117211527505
Long Bob,R,Female,1.751695461717028,0.5875,303,7.294270833333333,4.939988372747219
Long Bob,R,Female,1.7307795472458134,0.5895833333333333,302,6.743489583333333,5.006152739388891
Long Bob,R,Female,1.7609887784619438,0.575,300,7.294270833333333,5.142030510257759
Long Bob,R,Female,1.7828247218955742,0.58125,300,6.197916666666667,5.315960912052117
Long Bob,R,Female,1.7656799611558494,0.575,300,6.200520833333333,5.231019938650307
Buzz Cut,S,Female,0.379521316,0.120833333,175,2.484375,13.06289393
Buzz Cut,S,Female,0.490947932,0.122916667,174,2.209635417,13.29012428
Buzz Cut,S,Female,0.534805259,0.122916667,174,2.397135417,13.16521048
Buzz Cut,S,Female,0.538061671,0.116666667,174,2.40234375,13.48166844
Buzz Cut,S,Female,0.565216749,0.125,172,2.294270833,13.06464592
Buzz Cut,S,Female,0.571949982,0.127083333,173,2.2734375,13.16585237
Buzz Cut,S,Female,0.540534917,0.1125,173,2.225260417,13.02039714
Buzz Cut,S,Female,0.541354457,0.110416667,173,2.01953125,13.83456129
Buzz Cut,S,Female,0.526485348,0.10625,175,1.764322917,14.09011078
Buzz Cut,S,Female,0.512753653,0.097916667,175,1.6640625,13.2672867
Buzz Cut,D,Female,0.518263269,0.127083333,185,1.8671875,19.68824622
Buzz Cut,D,Female,0.546643554,0.133333333,184,1.841145833,18.63877119
Buzz Cut,D,Female,0.490697497,0.108333333,183,1.927083333,19.65625
Buzz Cut,D,Female,0.503612959,0.10625,183,1.712239583,19.43289096
Buzz Cut,D,Female,0.505586271,0.108333333,182,2.00390625,19.87806597
Buzz Cut,D,Female,0.559368029,0.1375,182,1.748697917,19.88386562
Buzz Cut,D,Female,0.576415606,0.1375,184,1.83203125,18.96207178
Buzz Cut,D,Female,0.507871629,0.104166667,184,1.68359375,20.84101382
Buzz Cut,D,Female,0.522268251,0.114583333,180,1.268229167,19.39495683
Buzz Cut,D,Female,0.530948804,0.1125,183,1.444010417,20.67567568
Buzz Cut,S,Female,0.765935565,0.133333333,186,1.794270833,9.569817347
Buzz Cut,S,Female,0.810108111,0.133333333,189,1.33203125,9.93995472
Buzz Cut,S,Female,0.747022135,0.1125,190,1.091145833,10.08780394
Buzz Cut,S,Female,0.816225829,0.135416667,190,1.35546875,9.865124316
Buzz Cut,S,Female,0.754263988,0.114583333,190,0.8671875,8.848502472
Buzz Cut,S,Female,0.822585606,0.141666667,189,0.994791667,10.08897302
Buzz Cut,S,Female,0.804879809,0.135416667,189,1.266927083,9.513105032
Buzz Cut,S,Female,0.749206837,0.1125,190,0.90625,9.879529684
Buzz Cut,S,Female,0.754110466,0.120833333,190,0.82421875,10.0351711
Buzz Cut,S,Female,0.75660608,0.116666667,191,0.575520833,9.88353222
Buzz Cut,R,Female,0.516723663,0.133333333,201,3.92578125,11.57744694
Buzz Cut,R,Female,0.493602772,0.147916667,200,4.139322917,14.14522059
Buzz Cut,R,Female,0.49132738,0.154166667,199,4.60546875,15.27852747
Buzz Cut,R,Female,0.489770681,0.15625,197,4.62890625,14.29057337
Buzz Cut,R,Female,0.491397693,0.15625,199,4.533854167,15.0995824
Buzz Cut,R,Female,0.488741107,0.158333333,200,4.58203125,15.43104352
Buzz Cut,R,Female,0.480714764,0.15625,203,4.028645833,12.05935252
Buzz Cut,R,Female,0.472589862,0.154166667,201,3.924479167,13.86428799
Buzz Cut,R,Female,0.484646352,0.164583333,204,4.51171875,12.64727425
Buzz Cut,R,Female,0.485542626,0.1625,206,4.169270833,13.47032429
Buzz Cut,O,Female,0.512750389,0.141666667,223,7.4140625,13.80704592
Buzz Cut,O,Female,0.490128879,0.135416667,224,7.28125,13.36788115
Buzz Cut,O,Female,0.472541073,0.13125,225,6.553385417,13.80205064
Buzz Cut,O,Female,0.475599435,0.13125,224,6.5546875,13.7896071
Buzz Cut,O,Female,0.484579285,0.139583333,225,6.364583333,13.45959251
Buzz Cut,O,Female,0.465728298,0.129166667,225,6.182291667,13.21306663
Buzz Cut,O,Female,0.473768352,0.127083333,225,6.451822917,12.56001656
Buzz Cut,O,Female,0.470159359,0.13125,227,6.578125,12.88151283
Buzz Cut,O,Female,0.464736699,0.129166667,227,6.233072917,13.31366965
Buzz Cut,O,Female,0.478772072,0.1375,227,5.864583333,13.47227802
Buzz Cut,S,Female,0.456521318,0.1,240,12.85416667,7.322040689
Buzz Cut,S,Female,0.534756861,0.127083333,239,12.70963542,7.457791309
Buzz Cut,S,Female,0.523560835,0.102083333,239,12.66796875,7.072043354
Buzz Cut,S,Female,0.515628508,0.1,240,12.70963542,7.513238289
Buzz Cut,S,Female,0.513967593,0.091666667,239,12.88802083,7.699455519
Buzz Cut,S,Female,0.539042742,0.10625,239,12.48307292,6.650357289
Buzz Cut,S,Female,0.531819495,0.10625,237,12.4609375,6.687083702
Buzz Cut,S,Female,0.534851018,0.104166667,238,12.56901042,6.95019893
Buzz Cut,S,Female,0.544425578,0.114583333,239,12.15755208,8.644067797
Buzz Cut,S,Female,0.524545943,0.10625,241,12.17578125,8.425331061
Buzz Cut,S,Female,0.481613296,0.1875,310,26.65234375,6.021457966
Buzz Cut,S,Female,0.812197835,0.627083333,310,27.69791667,5.658531257
Buzz Cut,S,Female,0.792663367,0.63125,308,27.31119792,6.157602211
Buzz Cut,S,Female,0.757318393,0.610416667,312,26.97786458,6.082938389
Buzz Cut,S,Female,0.778989528,0.627083333,311,27.55208333,5.635222763
Buzz Cut,S,Female,0.772836213,0.63125,312,28.68489583,5.894004283
Buzz Cut,S,Female,0.442274613,0.23125,322,31.01171875,5.424205379
Buzz Cut,S,Female,0.421970042,0.197916667,315,30.37239583,5.474558315
Buzz Cut,S,Female,0.424870725,0.204166667,314,29.82291667,5.79706127
Buzz Cut,S,Female,0.412666613,0.2,317,29.5,5.715396579
Buzz Cut,H,Female,0.530157372,0.247916667,276,30.05338542,5.696188299
Buzz Cut,H,Female,0.442924656,0.145833333,271,29.64973958,6.348320635
Buzz Cut,H,Female,0.443989964,0.14375,270,29.12369792,6.531170186
Buzz Cut,H,Female,0.439546404,0.135416667,272,29.06770833,6.190920845
Buzz Cut,H,Female,0.551046797,0.252083333,279,28.94270833,5.239090909
Buzz Cut,H,Female,0.531808163,0.235416667,279,28.97135417,5.099071207
Buzz Cut,H,Female,0.542521598,0.235416667,280,29.01822917,5.972840925
Buzz Cut,H,Female,0.537659023,0.229166667,279,29.72526042,5.680579124
Buzz Cut,H,Female,0.547493241,0.254166667,277,28.99609375,4.941163369
Buzz Cut,H,Female,0.535657344,0.235416667,280,29.19140625,5.446460461
Buzz Cut,D,Female,0.262280453,0.00625,253,15.46875,9.28499433
Buzz Cut,D,Female,0.2642889,0.025,252,14.66796875,9.339782119
Buzz Cut,D,Female,0.259894482,0.014583333,252,14.2109375,9.091459915
Buzz Cut,D,Female,0.234400062,-0.0125,249,14.37369792,9.097118809
Buzz Cut,D,Female,0.263655704,0.016666667,250,14.25130208,9.506543249
Buzz Cut,D,Female,0.335056022,0.095833333,251,13.98828125,9.733073333
Buzz Cut,D,Female,0.324397758,0.085416667,254,14.02604167,10.38965496
Buzz Cut,D,Female,0.258995664,0.016666667,252,13.96875,9.259731159
Buzz Cut,D,Female,0.370121865,0.127083333,251,14.06119792,9.764735327
Buzz Cut,D,Female,0.386756462,0.139583333,243,14.42447917,9.170666155
Buzz Cut,S,Female,0.325084635,0.139583333,253,12.05208333,9.184220425
Buzz Cut,S,Female,0.329980909,0.141666667,254,11.734375,8.204911092
Buzz Cut,S,Female,0.239232184,0.045833333,238,11.68229167,7.571143995
Buzz Cut,S,Female,0.255842026,0.066666667,236,11.50390625,8.325559701
Buzz Cut,S,Female,0.238558716,0.04375,236,11.50390625,8.214082098
Buzz Cut,S,Female,0.259737479,0.066666667,236,11.40234375,9.437347361
Buzz Cut,S,Female,0.240638715,0.045833333,233,11.38151042,9.008284136
Buzz Cut,S,Female,0.259119358,0.0625,236,11.39713542,9.739749111
Buzz Cut,S,Female,0.315684879,0.11875,248,10.87239583,8.85088856
Buzz Cut,S,Female,0.241997278,0.041666667,235,10.91276042,8.962667427
Buzz Cut,H,Female,0.360828361,0.1875,203,7.498697917,12.0260989
Buzz Cut,H,Female,0.459823731,0.164583333,204,7.00390625,12.39976622
Buzz Cut,H,Female,0.508443051,0.152083333,203,6.772135417,12.58995816
Buzz Cut,H,Female,0.546993298,0.160416667,204,6.869791667,12.71183514
Buzz Cut,H,Female,0.542358863,0.160416667,205,7.177083333,12.64097527
Buzz Cut,H,Female,0.522421153,0.147916667,205,7.092447917,13.39000694
Buzz Cut,H,Female,0.525553741,0.15625,205,6.962239583,12.28675238
Buzz Cut,H,Female,0.526644875,0.160416667,206,6.798177083,12.36433669
Buzz Cut,H,Female,0.528935633,0.15625,207,6.73828125,11.77223499
Buzz Cut,H,Female,0.525563674,0.15625,206,6.338541667,11.28441871
Buzz Cut,S,Female,0.395204653,0.164583333,224,10.99348958,13.14748201
Buzz Cut,S,Female,0.390490279,0.1625,222,11.0546875,13.94233642
Buzz Cut,S,Female,0.38025668,0.160416667,223,11.14973958,14.57642906
Buzz Cut,S,Female,0.4013543,0.175,223,11.29036458,14.7658734
Buzz Cut,S,Female,0.39913076,0.172916667,224,11.29947917,13.72701149
Buzz Cut,S,Female,0.394181985,0.18125,239,11.50520833,14.2076034
Buzz Cut,S,Female,0.378611111,0.18125,234,11.86067708,13.35853037
Buzz Cut,S,Female,0.381185426,0.189583333,256,12.140625,12.34683794
Buzz Cut,S,Female,0.368483066,0.191666667,259,12.54036458,11.50090203
Buzz Cut,S,Female,0.375826155,0.197916667,246,13.56380208,11.48898918
Buzz Cut,S,Female,0.527213127,0.1,229,14.5078125,9.492310381
Buzz Cut,S,Female,0.53961799,0.097916667,226,14.33333333,10.53460223
Buzz Cut,S,Female,0.588406434,0.14375,223,14.45703125,9.122277617
Buzz Cut,S,Female,0.509663723,0.095833333,223,14.54427083,9.190592547
Buzz Cut,S,Female,0.559188579,0.1375,225,14.1171875,9.056936286
Buzz Cut,S,Female,0.519253371,0.097916667,225,14.10677083,9.321389794
Buzz Cut,S,Female,0.516517153,0.09375,224,14.50651042,8.763808522
Buzz Cut,S,Female,0.589899445,0.14375,225,14.26692708,9.844333748
Buzz Cut,S,Female,0.510860462,0.089583333,230,14.80859375,9.070717386
Buzz Cut,S,Female,0.51398613,0.097916667,224,14.49869792,9.870967742
Buzz Cut,S,Female,0.59869319,0.283333333,256,8.962239583,5.490596893
Buzz Cut,S,Female,0.636447661,0.254166667,251,8.6640625,5.773254817
Buzz Cut,S,Female,0.63822497,0.21875,263,8.916666667,5.339407864
Buzz Cut,S,Female,0.574088201,0.197916667,264,8.9375,5.24133347
Buzz Cut,S,Female,0.589993753,0.15625,261,8.092447917,5.567908654
Buzz Cut,S,Female,0.567431308,0.127083333,279,8.791666667,5.468383514
Buzz Cut,S,Female,0.501766276,0.110416667,265,8.490885417,5.065000967
Buzz Cut,S,Female,0.496425497,0.125,280,8.171875,5.58805549
Buzz Cut,S,Female,0.460961511,0.1125,260,7.419270833,6.200907073
Buzz Cut,S,Female,0.45481069,0.1125,258,7.102864583,5.933340321
Buzz Cut,R,Female,0.328830062,0.135416667,257,5.268229167,30.73833743
Buzz Cut,R,Female,0.323816811,0.139583333,251,4.993489583,26.49539092
Buzz Cut,R,Female,0.257868288,0.091666667,252,5.005208333,29.51280878
Buzz Cut,R,Female,0.325920346,0.147916667,257,5.119791667,36.17570499
Buzz Cut,R,Female,0.327460642,0.152083333,259,5.19921875,31.23444976
Buzz Cut,R,Female,0.328115908,0.147916667,259,5.213541667,30.45810238
Buzz Cut,R,Female,0.240126173,0.075,251,5.0,27.13439404
Buzz Cut,R,Female,0.326538146,0.147916667,259,4.6640625,31.17023714
Buzz Cut,R,Female,0.323127264,0.145833333,260,4.552083333,28.48172606
Buzz Cut,R,Female,0.264314086,0.095833333,253,4.645833333,29.64097572
Buzz Cut,R,Female,0.332287008,0.179166667,306,13.82161458,20.72835514
Buzz Cut,R,Female,0.274450111,0.152083333,305,14.09114583,19.30641207
Buzz Cut,R,Female,0.26796912,0.14375,299,14.1875,19.08621069
Buzz Cut,R,Female,0.31553282,0.210416667,300,14.078125,18.83189655
Buzz Cut,R,Female,0.315840365,0.204166667,295,13.96354167,20.41534989
Buzz Cut,R,Female,0.264403887,0.141666667,296,13.84765625,21.16951977
Buzz Cut,R,Female,0.317872061,0.204166667,296,14.0703125,20.72123598
Buzz Cut,R,Female,0.313838673,0.204166667,397,14.06510417,19.59984152
Buzz Cut,R,Female,0.318101385,0.204166667,314,14.13151042,18.82903981
Buzz Cut,R,Female,0.314792632,0.20625,315,13.99869792,18.34058464
Buzz Cut,S,Female,0.363521392,0.177083333,250,11.28385417,11.76656305
Buzz Cut,S,Female,0.352781409,0.154166667,247,11.17708333,11.89172749
Buzz Cut,S,Female,0.356903883,0.15625,248,11.25260417,11.47165624
Buzz Cut,S,Female,0.352484027,0.15625,250,11.40885417,10.82061632
Buzz Cut,S,Female,0.376492775,0.170833333,252,11.51692708,12.7536439
Buzz Cut,S,Female,0.37313703,0.179166667,254,11.59635417,13.52468058
Buzz Cut,S,Female,0.362321351,0.179166667,256,11.68098958,12.15522029
Buzz Cut,S,Female,0.372124786,0.18125,256,11.72265625,10.80110497
Buzz Cut,S,Female,0.3593138,0.16875,256,11.73046875,10.97658102
Buzz Cut,S,Female,0.377722922,0.185416667,256,11.77083333,11.80267966
Buzz Cut,S,Female,0.421653633,0.202083333,261,18.33463542,25.45116279
Buzz Cut,S,Female,0.472905883,0.175,262,17.84635417,20.90953096
Buzz Cut,S,Female,0.493362965,0.177083333,261,19.16927083,23.20313697
Buzz Cut,S,Female,0.580688687,0.26875,261,17.90364583,23.97458552
Buzz Cut,S,Female,0.485480998,0.177083333,263,18.92057292,21.52412392
Buzz Cut,S,Female,0.483086422,0.177083333,264,18.85677083,21.7573285
Buzz Cut,S,Female,0.49334982,0.177083333,259,18.72916667,23.33107889
Buzz Cut,S,Female,0.482645508,0.175,262,18.7890625,21.860519
Buzz Cut,S,Female,0.486100099,0.177083333,259,17.93489583,21.8234487
Buzz Cut,S,Female,0.490136621,0.177083333,259,17.67317708,21.98524497
Buzz Cut,D,Female,0.333025471,0.129166667,239,5.751302083,27.77954162
Buzz Cut,D,Female,0.352312672,0.125,220,7.145833333,31.3190407
Buzz Cut,D,Female,0.385054401,0.133333333,218,6.845052083,31.27113465
Buzz Cut,D,Female,0.358808988,0.1125,239,6.44921875,32.74811433
Buzz Cut,D,Female,0.37273343,0.116666667,224,7.186197917,31.18534927
Buzz Cut,D,Female,0.348215954,0.1125,240,7.3125,33.88005565
Buzz Cut,D,Female,0.342642752,0.120833333,241,7.614583333,31.73676248
Buzz Cut,D,Female,0.338991355,0.114583333,235,7.645833333,32.86527222
Buzz Cut,D,Female,0.341945645,0.108333333,224,7.44140625,32.28144446
Buzz Cut,D,Female,0.341917011,0.10625,223,7.067708333,30.64085447
Buzz Cut,S,Female,0.274984666,0.0875,201,3.73828125,18.79694019
Buzz Cut,S,Female,0.29551212,0.097916667,202,5.041666667,18.81257685
Buzz Cut,S,Female,0.277958943,0.077083333,200,4.529947917,17.88166545
Buzz Cut,S,Female,0.287920495,0.0875,200,4.415364583,18.07232191
Buzz Cut,S,Female,0.381673532,0.154166667,200,5.108072917,17.30887899
Buzz Cut,S,Female,0.285074694,0.083333333,199,4.985677083,17.65035587
Buzz Cut,S,Female,0.295219,0.097916667,204,5.248697917,17.62875907
Buzz Cut,S,Female,0.326580163,0.114583333,204,5.598958333,17.07873174
Buzz Cut,S,Female,0.307535037,0.1,201,5.614583333,17.80751507
Buzz Cut,S,Female,0.290933411,0.089583333,201,5.475260417,18.50547871